Amp,Pitch,Speed
2.562467313439972e-197,0.0,38.63808447351317
-1.1194107123358806e-182,0.0,38.504835967676556
-9.946860839376598e-183,0.0,38.37187851390556
-1.915350716079243e-183,0.0,38.23921180492719
7.243333678507368e-183,0.0,38.10683553346856
1.1872102776357348e-182,0.0,37.97474939225668
6.313867009444815e-183,0.0,37.84295307401867
-1.3857342636930944e-182,0.0,37.71144627148159
-3.4755295034726144e-182,0.0,37.580228677372446
-2.8452537440522463e-182,0.0,37.449299984418396
3.18635818980009e-182,0.0,37.31865988534642
1.1650477100339729e-181,0.0,37.18830807288362
1.2281926188876774e-181,0.0,37.05824423975709
-5.596778157056946e-182,0.0,36.92846807869384
-3.8173619177148985e-181,0.0,36.79897928242098
-4.957920209893901e-181,0.0,36.66977754366555
3.5180733896666453e-183,0.0,36.54086255515461
1.197472438699278e-180,0.0,36.41223400961526
1.9001880490339388e-180,0.0,36.28389159977454
6.125361688670913e-181,0.0,36.15583501835951
-3.5489831726244627e-180,0.0,36.02806395809726
-6.983171722664866e-180,0.0,35.90057811171483
-4.10400223205555e-180,0.0,35.77337717193931
9.705036880874599e-180,0.0,35.646460831497734
2.4721602434949523e-179,0.0,35.519828783117184
2.0336802370363543e-179,0.0,35.39348071952474
-2.3227590797013024e-179,0.0,35.26741633344745
-8.438696446140834e-179,0.0,35.1416353176124
-8.866628392451027e-179,0.0,35.0161373647466
4.131769978908889e-179,0.0,34.8909221675772
2.771177922402276e-178,0.0,34.76598941883119
3.5858553538221806e-178,0.0,34.64133881123567
-5.104291566921375e-180,0.0,34.516970037517716
-8.702100282977714e-178,0.0,34.39288279040436
-1.3756003792700498e-177,0.0,34.2690767626227
-4.359004828732381e-178,0.0,34.14555164689979
2.5822861714033224e-177,0.0,34.02230713596268
5.059058016868907e-177,0.0,33.89934292253847
2.949775866999489e-177,0.0,33.77665869935418
-7.074660072947287e-177,0.0,33.65425415913691
-1.79221919915407e-176,0.0,33.53212899461373
-1.4666461527804817e-176,0.0,33.41028289851167
1.6989622464571357e-176,0.0,33.28871556355782
6.1219873987888704e-176,0.0,33.16742668247925
6.405743405656001e-176,0.0,33.04641594800301
-3.050127025995508e-176,0.0,32.92568305285618
-2.0119450879112545e-175,0.0,32.805227689765815
-2.5936159685173877e-175,0.0,32.68504955145899
5.554357268476843e-177,0.0,32.565148330662744
6.323810531393437e-175,0.0,32.44552372010418
9.958269463660712e-175,0.0,32.32617541251035
3.100821362715838e-175,0.0,32.20710310060832
-1.8788548007588756e-174,0.0,32.088306477125144
-3.665059882179912e-174,0.0,31.96978523478789
-2.119968507245622e-174,0.0,31.851539066323635
5.156970964483096e-174,0.0,31.733567664459446
1.2992720089389103e-173,0.0,31.615870721922356
1.0576675297083953e-173,0.0,31.49844793143948
-1.2425780340085538e-173,0.0,31.381298985737846
-4.4412334250634074e-173,0.0,31.26442357754453
-4.627743069008061e-173,0.0,31.147821399586608
2.2509089586052937e-173,0.0,31.03149214459113
1.4607000524957594e-172,0.0,30.915435505285185
1.875903707065582e-172,0.0,30.79965117439581
-5.372478093704747e-174,0.0,30.684138844650068
-4.5954186408792355e-172,0.0,30.568898208775067
-7.208900280283096e-172,0.0,30.453928959497823
-2.2049168719967865e-172,0.0,30.33923078954545
1.3670052297209124e-171,0.0,30.224803391644958
2.6551359780891843e-171,0.0,30.110646458523448
1.5234489270894314e-171,0.0,29.996759682907992
-3.758933901326776e-171,0.0,29.883142757525622
-9.418971316456491e-171,0.0,29.769795375103442
-7.627002915358929e-171,0.0,29.656717228368496
9.087086482980826e-171,0.0,29.54390801004785
3.2218764288268445e-170,0.0,29.43136741286857
3.343162753447378e-170,0.0,29.31909512955772
-1.660584376661078e-170,0.0,29.207090852842384
-1.0604719804294131e-169,0.0,29.095354275449598
-1.356773446485272e-169,0.0,28.983885090106448
4.87171446342817e-171,0.0,28.872682989540007
3.339356796761872e-169,0.0,28.7617476664773
5.218524168560111e-169,0.0,28.651078813645448
1.5672080712711208e-169,0.0,28.540676123771476
-9.945699395241453e-169,0.0,28.430539289582452
-1.9234758166480477e-168,0.0,28.32066800380547
-1.0946711935865907e-168,0.0,28.211061959167555
2.739780615419279e-168,0.0,28.101720848395814
6.82812248670804e-168,0.0,27.992644364217284
5.499704346531158e-168,0.0,27.883832199359038
-6.64488310196959e-168,0.0,27.775284046548155
-2.3372667546410892e-167,0.0,27.66699959851167
-2.4150953907028363e-167,0.0,27.558978547976682
1.2247051313247849e-167,0.0,27.451220587670235
7.698934169757027e-167,0.0,27.343725410319397
9.812869196310753e-167,0.0,27.236492708651255
-4.240873433070653e-168,0.0,27.12952217539284
-2.4265660701808047e-166,0.0,27.022813503271248
-3.777634155700938e-166,0.0,26.916366385013514
-1.113454579483983e-166,0.0,26.810180513346733
7.235836801379312e-166,0.0,26.70425558099796
1.3934165202360404e-165,0.0,26.598591280694244
7.864949867901774e-166,0.0,26.493187305162667
-1.9968626060092444e-165,0.0,26.388043347130306
-4.949867456950633e-165,0.0,26.2831590993242
-3.965566471444576e-165,0.0,26.178534254471447
4.858613531242382e-165,0.0,26.07416850529907
1.6955157041037654e-164,0.0,25.970061544534175
1.7446144087577164e-164,0.0,25.866213064903807
-9.029714680062815e-165,0.0,25.762622759135024
-5.589272600890341e-164,0.0,25.65929031995492
-7.097028046557429e-164,0.0,25.556215440090522
3.589132122970923e-165,0.0,25.45339781226893
1.7632464345969516e-163,0.0,25.350837129217194
2.7345482383961815e-163,0.0,25.24853308366236
7.907181617804162e-164,0.0,25.146485368331547
-5.2641779819684626e-163,0.0,25.044693675951766
-1.0094142553783308e-162,0.0,24.94315769925012
-5.650200503414686e-163,0.0,24.841877130953655
1.4553319761021747e-162,0.0,24.740851663789428
3.5882300254246483e-162,0.0,24.640080990484538
2.859244862367143e-162,0.0,24.539564803766012
-3.5522236973436916e-162,0.0,24.439302796360938
-1.2299557714645324e-161,0.0,24.339294660996387
-1.2602390241321964e-161,0.0,24.239540090399398
6.655681533817648e-162,0.0,24.140038777297068
4.057637792501654e-161,0.0,24.04079041441644
5.132734810435189e-161,0.0,23.94179469448459
-2.97552681644879e-162,0.0,23.84305131022857
-1.2812254226268898e-160,0.0,23.744559954375465
-1.9794509980843642e-160,0.0,23.646320319652336
-5.612620914025101e-161,0.0,23.54833209878623
3.829665270051259e-160,0.0,23.450594984504235
7.31226896618724e-160,0.0,23.35310866953341
4.058695961933154e-160,0.0,23.255872846600813
-1.0606147016615838e-159,0.0,23.15888720843352
-2.6011261913608885e-159,0.0,23.06215144775858
-2.0614720448102177e-159,0.0,22.96566525730308
2.596879511943989e-159,0.0,22.86942832979408
8.922187098405427e-159,0.0,22.77344035795863
9.103210807387048e-159,0.0,22.677701034523814
-4.90445743113587e-159,0.0,22.58221005221668
-2.9456733394796283e-158,0.0,22.48696710376431
-3.712041987902047e-158,0.0,22.39197188189377
2.428253497331454e-159,0.0,22.297224079332107
9.30957301153449e-158,0.0,22.202723388806405
1.432838932725356e-157,0.0,22.108469503043715
3.981945788985318e-158,0.0,22.014462114771113
-2.78599031173937e-157,0.0,21.920700916715667
-5.296989575148469e-157,0.0,21.827185601604434
-2.915164314409791e-157,0.0,21.733915862164483
7.729209633513116e-157,0.0,21.640891391122878
1.8855454674209255e-156,0.0,21.54811188120668
1.4862206474860555e-156,0.0,21.45557702514297
-1.8983112340793243e-156,0.0,21.363286515658796
-6.472131325320183e-156,0.0,21.271240045481232
-6.575433459493395e-156,0.0,21.179437307337345
3.613042448993035e-156,0.0,21.087877993954198
2.13840142474177e-155,0.0,20.996561798058856
2.6845323200602795e-155,0.0,20.905488412378386
-1.9571509647480868e-156,0.0,20.814657529639852
-6.764344227870322e-155,0.0,20.72406884257032
-1.0371544191833671e-154,0.0,20.63372204389685
-2.8235847803425366e-155,0.0,20.543616826346526
2.026688496702626e-154,0.0,20.453752882646384
3.8370751647984165e-154,0.0,20.364129905523516
2.0935941237813172e-154,0.0,20.274747587704972
-5.632414245902795e-154,0.0,20.185605621917833
-1.366806508408277e-153,0.0,20.096703700889154
-1.0714418899430764e-153,0.0,20.008041517345987
1.3875470863991956e-153,0.0,19.919618764015432
4.694804247031782e-153,0.0,19.831435133624517
4.7494376125333845e-153,0.0,19.743490318900328
-2.6609846557910787e-153,0.0,19.655784012569935
-1.5523414411590167e-152,0.0,19.56831590736038
-1.94140458739025e-152,0.0,19.481085695998758
1.5616547616024271e-153,0.0,19.39409307121212
4.914885469434797e-152,0.0,19.30733772572753
7.507284574420333e-152,0.0,19.220819352272056
2.0011134378386646e-152,0.0,19.13453764357276
-1.4742906078665861e-151,0.0,19.04849229235671
-2.7794938285774295e-151,0.0,18.962682991350977
-1.503397825936952e-151,0.0,18.87710943328262
4.1042738477827654e-151,0.0,18.79177131087871
9.90766945814138e-151,0.0,18.706668316866303
7.723838586249858e-151,0.0,18.62180014397247
-1.0141292070852897e-150,0.0,18.53716648492428
-3.405507486703969e-150,0.0,18.452767032448794
-3.430424775758257e-150,0.0,18.368601479273078
1.9593060364845676e-150,0.0,18.2846695181242
1.1268825521975824e-149,0.0,18.20097084172923
1.4039611074735933e-149,0.0,18.11750514281521
-1.235767698045605e-150,0.0,18.03427211410924
-3.5710251470051092e-149,0.0,17.951271448338368
-5.433951034690381e-149,0.0,17.868502838229645
-1.4174140948181159e-149,0.0,17.785965976510163
1.0724275699235094e-148,0.0,17.70366055590697
2.013378057154298e-148,0.0,17.621586269147137
1.0794594521965251e-148,0.0,17.539742808957744
-2.990614893172375e-148,0.0,17.458129868065825
-7.181752307298412e-148,0.0,17.37674713919847
-5.567711616954879e-148,0.0,17.295594315082738
7.411474884160117e-148,0.0,17.214671088445684
2.4702470090182566e-147,0.0,17.1339771520144
2.4776583776635066e-147,0.0,17.05351219851592
-1.442301372963515e-147,0.0,16.973275920677338
-8.180191402403606e-147,0.0,16.8932680112257
-1.015279615875781e-146,0.0,16.813488162888067
9.710854512698517e-148,0.0,16.733936068391532
2.594563233423839e-146,0.0,16.654611420463134
3.9331628193386126e-146,0.0,16.57551391182995
1.0033764303788553e-146,0.0,16.496643235219043
-7.800845835286277e-146,0.0,16.41799908335748
-1.4584083709356508e-145,0.0,16.33958114897233
-7.749768311559326e-146,0.0,16.261389124790643
2.17905026583233e-145,0.0,16.183422703539502
5.205755644454609e-145,0.0,16.105681577945965
4.0132756183306716e-145,0.0,16.028165440737098
-5.416045560122476e-145,0.0,15.950873984639971
-1.791814828106849e-144,0.0,15.873806902381641
-1.7894627354849894e-144,0.0,15.796963886689184
1.0614674487138171e-144,0.0,15.720344630289656
5.938020668948195e-144,0.0,15.64394882591012
7.341888297993517e-144,0.0,15.567776166277657
-7.58570433578483e-145,0.0,15.491826344119316
-1.88507005612217e-143,0.0,15.416099052162172
-2.846829573316869e-143,0.0,15.340593983133285
-7.098395381981679e-144,0.0,15.265310829759727
5.674196230824609e-143,0.0,15.190249284768566
1.0563969928896363e-142,0.0,15.115409040886854
5.563140422179246e-143,0.0,15.040789790841671
-1.5876573334642565e-142,0.0,14.966391227360065
-3.773388985480884e-142,0.0,14.892213043169118
-2.8926752543767133e-142,0.0,14.81825493099589
3.9575536269269494e-142,0.0,14.744516583567444
1.2996909080371646e-141,0.0,14.670997693610854
1.2923837747564593e-141,0.0,14.597697953853174
-7.810111240957165e-142,0.0,14.524617057021471
-4.310358507119753e-141,0.0,14.451754695842814
-5.309105389899471e-141,0.0,14.379110563044279
5.895331310338619e-142,0.0,14.306684351352912
1.3695650140917443e-140,0.0,14.234475753495799
2.0605081089651604e-140,0.0,14.162484462199977
5.0184736217242736e-141,0.0,14.090710170192539
-4.1272047405736476e-140,0.0,14.019152570200546
-7.651901042825308e-140,0.0,13.94781135495105
-3.992998595404649e-140,0.0,13.876686217171125
1.156722643887153e-139,0.0,13.805776849587833
2.7351038357315164e-139,0.0,13.735082944928243
2.0848678740161527e-139,0.0,13.664604195919424
-2.8916028333374885e-139,0.0,13.594340295288433
-9.42716817639169e-139,0.0,13.524290935762346
-9.33357095505623e-139,0.0,13.454455810068218
5.745270198735959e-139,0.0,13.384834610933115
3.128805390455355e-138,0.0,13.315427031084115
3.83907272437553e-138,0.0,13.246232763248265
-4.5612234432644574e-139,0.0,13.17725150015265
-9.950153340314601e-138,0.0,13.108482934524323
-1.4913530923560694e-137,0.0,13.03992675909035
-3.545546501636854e-138,0.0,12.9715826665778
3.0019037183283644e-137,0.0,12.903450349713731
5.542500032307824e-137,0.0,12.835529501225228
2.8656622452435655e-137,0.0,12.767819813839335
-8.42722921467613e-137,0.0,12.700320980283125
-1.9824877016296316e-136,0.0,12.633032693283672
-1.502571942096025e-136,0.0,12.565954645568024
2.1126049749956128e-136,0.0,12.499086529863266
6.837804137907412e-136,0.0,12.432428038896447
6.740491418460595e-136,0.0,12.365978865394643
-4.225412365933497e-136,0.0,12.299738702084916
-2.271104920546681e-135,0.0,12.233707241694328
-2.776020703986954e-135,0.0,12.16788417694995
3.515200020512456e-136,0.0,12.102269200578844
7.228844687602281e-135,0.0,12.036862005308079
1.0793937466548243e-134,0.0,11.971662283864722
2.5031016173251776e-135,0.0,11.906669728975825
-2.1833665897723107e-134,0.0,11.841884033368475
-4.0145440182086185e-134,0.0,11.777304889769717
-2.0563469721590553e-134,0.0,11.712931990906629
6.139367710780582e-134,0.0,11.648765029506276
1.4369499007227046e-133,0.0,11.584803698295712
1.0828532509979437e-133,0.0,11.521047690002021
-1.5433565030589927e-133,0.0,11.457496697352251
-4.959595932813431e-133,0.0,11.394150413073481
-4.867686136808102e-133,0.0,11.331008529892767
3.1069604863927585e-133,0.0,11.268070740537176
1.648501529127995e-132,0.0,11.205336737733784
2.0072912025430054e-132,0.0,11.142806214209639
-2.699658016730704e-133,0.0,11.080478862691818
-5.2517017257242355e-132,0.0,11.018354375907384
-7.812185720802383e-132,0.0,10.956432446583404
-1.7657931612059133e-132,0.0,10.894712767446945
1.5879827914324519e-131,0.0,10.833195031225067
2.9077756410170166e-131,0.0,10.771878930644835
1.4754080219220408e-131,0.0,10.710764158433319
-4.472454350448277e-131,0.0,10.649850407317585
-1.041518989165812e-130,0.0,10.5891373700247
-7.803352616619466e-131,0.0,10.528624739281721
1.1274128549105805e-130,0.0,10.468312207815718
3.5972463328059896e-130,0.0,10.40819946835376
3.5151247662537007e-130,0.0,10.34828621362291
-2.284087998122666e-130,0.0,10.288572136350234
-1.1965615382157007e-129,0.0,10.229056929262793
-1.451407387046047e-129,0.0,10.16974028508766
2.066904303598132e-130,0.0,10.110621896551894
3.8152524951784845e-129,0.0,10.051701456382563
5.654034302805257e-129,0.0,9.992978657306736
1.2446521679293222e-129,0.0,9.934453192051473
-1.154926177769784e-128,0.0,9.87612475334384
-2.1061034681749764e-128,0.0,9.817993033910907
-1.0584515783818771e-128,0.0,9.760057726479733
3.2580052343454626e-128,0.0,9.702318523777393
7.548961289278212e-128,0.0,9.644775118530942
5.623022952634283e-128,0.0,9.587427203467454
-8.235101045227806e-128,0.0,9.53027447131399
-2.6090855221127726e-127,0.0,9.473316614797614
-2.5383176972124123e-127,0.0,9.416553326645397
1.6788147741599204e-127,0.0,9.3599842995844
8.68508896218461e-127,0.0,9.30360922634169
1.0494445410391282e-126,0.0,9.247427799644333
-1.5780570570948045e-127,0.0,9.19143971221939
-2.771651547707157e-126,0.0,9.135644656793934
-4.092017774808611e-126,0.0,9.080042326095027
-8.765607844743972e-127,0.0,9.024632412849733
8.399472879059787e-126,0.0,8.969414609785119
1.5254312566348994e-125,0.0,8.91438860962825
7.592270555791051e-126,0.0,8.859554105106193
-2.3732385033429396e-125,0.0,8.804910788946012
-5.471440026843746e-125,0.0,8.750458353874773
-4.0516802964830146e-125,0.0,8.696196492619544
6.01484653522089e-125,0.0,8.642124897907383
1.8923467221311177e-124,0.0,8.588243262465364
1.8328973871072038e-124,0.0,8.53455127902055
-1.233695168685366e-124,0.0,8.481048640300001
-6.303867416335537e-124,0.0,8.427735039030791
-7.587886388219658e-124,0.0,8.374610167939979
1.201803258482607e-124,0.0,8.321673719754632
2.0134744488319768e-123,0.0,8.26892538720182
2.961486459130932e-123,0.0,8.216364863008602
6.167640668904652e-124,0.0,8.163991839902051
-6.108566172447879e-123,0.0,8.111806010609225
-1.1048407806563737e-122,0.0,8.05980706785719
-5.44518771113145e-123,0.0,8.00799470437302
1.7286811412643072e-122,0.0,7.956368612883765
3.9656147932354226e-122,0.0,7.904928486116511
2.9192874309935986e-122,0.0,7.853674016798307
-4.392889441000238e-122,0.0,7.802604897656223
-1.3724842785161274e-121,0.0,7.751720821417329
-1.3234792934065564e-121,0.0,7.701021480808683
9.064216427725368e-122,0.0,7.65050656855736
4.575446220480119e-121,0.0,7.600175777390416
5.486220473226778e-121,0.0,7.55002880003492
-9.131741322455802e-122,0.0,7.500065329217942
-1.4626681335725162e-120,0.0,7.45028505766654
-2.1432613496905404e-120,0.0,7.400687678107788
-4.335448460677921e-121,0.0,7.351272883268741
4.442383493725912e-120,0.0,7.302040365876474
8.002042565160184e-120,0.0,7.252989818658049
3.904749323803738e-120,0.0,7.2041209343405255
-1.2591354585811777e-119,0.0,7.15543340565098
-2.874179220586024e-119,0.0,7.106926925316468
-2.1032679260826017e-119,0.0,7.058601186064065
3.2080898508746286e-119,0.0,7.01045588062083
9.954244892704702e-119,0.0,6.962490701713828
9.556147737313016e-119,0.0,6.914705342070131
-6.658433928607403e-119,0.0,6.867099494416793
-3.3208819954920824e-118,0.0,6.819672851480888
-3.966584854235058e-118,0.0,6.772425105989482
6.924223473656341e-119,0.0,6.725355950669636
1.0625214256501977e-117,0.0,6.678465078248422
1.5510779647451592e-117,0.0,6.631752181452895
3.044383954441038e-118,0.0,6.585216953010133
-3.23059407751171e-117,0.0,6.538859085647189
-5.795569428121121e-117,0.0,6.49267827209114
-2.7996978206562194e-117,0.0,6.446674205069046
9.17094765885876e-117,0.0,6.400846577307969
2.083107101641888e-116,0.0,6.355195081534984
1.5152631654803278e-116,0.0,6.309719410477145
-2.342684026582908e-116,0.0,6.264419256861524
-7.219440599053486e-116,0.0,6.21929431341519
-6.89977842833972e-116,0.0,6.174344272865201
4.8902985088696127e-116,0.0,6.129568827938626
2.4102775431143806e-115,0.0,6.084967671362531
2.8678157346837796e-115,0.0,6.04054049586398
-5.240374277251063e-116,0.0,5.996286994170041
-7.718303422528071e-115,0.0,5.952206859007778
-1.1224970601846058e-114,0.0,5.908299783104257
-2.1354281355826665e-115,0.0,5.864565459186541
2.3492995085333918e-114,0.0,5.821003579981697
4.197449224204955e-114,0.0,5.777613838216791
2.0070832276595474e-114,0.0,5.734395926618891
-6.679444137357129e-114,0.0,5.691349537915059
-1.5097456503037083e-113,0.0,5.648474364832362
-1.091583400588022e-113,0.0,5.605770100097862
1.7106149284203297e-113,0.0,5.563236436438629
5.235920755298138e-113,0.0,5.520873066581729
4.9816578480333293e-113,0.0,5.4786796832542235
-3.5910548301353317e-113,0.0,5.43665597918318
-1.7493403169319465e-112,0.0,5.394801647095665
-2.0733693915149803e-112,0.0,5.353116379718741
3.959081332236669e-113,0.0,5.311599869779477
5.606583417933574e-112,0.0,5.270251810004938
8.123250717512624e-112,0.0,5.229071893122189
1.496088095706139e-112,0.0,5.18805981185829
-1.7083785086329054e-111,0.0,5.147215258940315
-3.0399669390040944e-111,0.0,5.106537927095327
-1.4386471676185609e-111,0.0,5.066027509050391
4.864642390359205e-111,0.0,5.02568369753257
1.0941841162028244e-110,0.0,4.985506185268931
7.863227232724912e-111,0.0,4.9454946649865414
-1.2490003035266818e-110,0.0,4.905648829412467
-3.797317237590461e-110,0.0,4.8659683712737705
-3.596656683713281e-110,0.0,4.82645298329752
2.636537571278685e-110,0.0,4.787102358210775
1.2696242660872815e-109,0.0,4.747916188740609
1.498970244649536e-109,0.0,4.708894167614084
-2.9862534228012364e-110,0.0,4.670035987558267
-4.07255588416761e-109,0.0,4.631341341300217
-5.878513727111112e-109,0.0,4.592809921567009
-1.0468366978750183e-109,0.0,4.554441421085705
1.2422802852395858e-108,0.0,4.516235532583368
2.2016401080924573e-108,0.0,4.478191948787066
1.0310418917010036e-108,0.0,4.440310362423861
-3.542796036116459e-108,0.0,4.402590466220822
-7.929968357782994e-108,0.0,4.3650319529050154
-5.6639501853596355e-108,0.0,4.327634515203507
9.11895268425347e-108,0.0,4.290397845843358
2.7539433453459446e-107,0.0,4.253321637551633
2.5966312752458424e-107,0.0,4.216405583055405
-1.9354098851185376e-107,0.0,4.179649375081735
-9.214458086849603e-107,0.0,4.143052706357688
-1.0836777919105545e-106,0.0,4.106615269610331
2.2491143808815775e-107,0.0,4.070336757566725
2.95820436941953e-106,0.0,4.034216862953943
4.254007210672604e-106,0.0,3.9982552784990477
7.314909982470901e-107,0.0,3.9624516969291026
-9.03326881053084e-106,0.0,3.926805810971174
-1.5944754703182782e-105,0.0,3.8913173133523244
-7.3880492637308385e-106,0.0,3.8559858967996266
2.580038293703524e-105,0.0,3.8208112540401413
5.747075862777757e-105,0.0,3.7857930778009368
4.0795509421258116e-105,0.0,3.7509310608090747
-6.657327034429416e-105,0.0,3.716224895791619
-1.9972270269134934e-104,0.0,3.6816742754756446
-1.8745959063620683e-104,0.0,3.6472788925882083
1.420498374130673e-104,0.0,3.613038439856379
6.687411940050377e-104,0.0,3.5789526100072226
7.834262319270268e-104,0.0,3.5450210957678
-1.6915929416191003e-104,0.0,3.5112435898651833
-2.148729205937519e-103,0.0,3.4776197850264348
-3.078377559746684e-103,0.0,3.44414937397862
-5.1038885560526784e-104,0.0,3.4108320494488047
6.568408985898111e-103,0.0,3.377667504164053
1.154737819720667e-102,0.0,3.344655430851433
5.293135342108561e-103,0.0,3.311795522238009
-1.87884547263728e-102,0.0,3.2790874710508477
-4.1650174984719836e-102,0.0,3.2465309700170093
-2.9381858683891687e-102,0.0,3.214125711863567
4.8599041382372155e-102,0.0,3.1818713893175823
1.448418908114987e-101,0.0,3.1497676951061204
1.3532903820916174e-101,0.0,3.1178143219562484
-1.0424110178960217e-101,0.0,3.086010962595028
-4.853332698815227e-101,0.0,3.054357309749531
-5.6635242031348636e-101,0.0,3.0228530561468188
1.2706369930513e-101,0.0,2.991497894513957
1.560729443688197e-100,0.0,2.9602915175780136
2.2276066029511076e-100,0.0,2.9292336180660485
3.5555253593441365e-101,0.0,2.898323888705133
-4.776012050589847e-100,0.0,2.8675620222223315
-8.362631466492987e-100,0.0,2.836947711344709
-3.791614564555825e-100,0.0,2.80648064879933
1.3681730046532211e-99,0.0,2.776160527313257
3.0184303082940817e-99,0.0,2.7459870396135626
2.116019981096197e-99,0.0,2.7159598784273093
-3.5475519022354387e-99,0.0,2.6860787364815617
-1.0504013267637943e-98,0.0,2.656343306503386
-9.769225698142743e-99,0.0,2.6267532812198446
7.648377603379017e-99,0.0,2.5973083533580086
3.5222143116007697e-98,0.0,2.56800821564494
4.094171857290936e-98,0.0,2.538852560807706
-9.532922145380683e-99,0.0,2.509841081573371
-1.1336161303677573e-97,0.0,2.4809734706689976
-1.6119368689556778e-97,0.0,2.4522494208216576
-2.4726261273408683e-98,0.0,2.4236686247584127
3.4726473190461373e-97,0.0,2.39523077520633
6.05614875604101e-97,0.0,2.366935564892473
2.7155730414275576e-97,0.0,2.3387826865439063
-9.962679249345262e-97,0.0,2.3107718328877
-2.187458866545081e-96,0.0,2.2829026966509165
-1.523819308612688e-96,0.0,2.255174970560622
2.589425449219657e-96,0.0,2.227588347343881
7.617468530638748e-96,0.0,2.2001425197277578
7.0520433365542285e-96,0.0,2.172837180439322
-5.610909676666448e-96,0.0,2.145672022205638
-2.556143520335992e-95,0.0,2.118646737753769
-2.9596201295997285e-95,0.0,2.091761019810781
7.144032633621626e-96,0.0,2.0650145611037423
8.233735264549489e-95,0.0,2.0384070543597153
1.166407898627906e-94,0.0,2.0119381923057666
1.7163234607177164e-95,0.0,1.9856076676689631
-2.5249108166012684e-94,0.0,1.9594151731763658
-4.38575234486376e-94,0.0,1.9333604015550458
-1.9445673817353793e-94,0.0,1.9074430455320661
7.254317960650413e-94,0.0,1.8816627978344924
1.585232815824742e-93,0.0,1.8560193511893897
1.0972863988194374e-93,0.0,1.8305123983238218
-1.8899573839165628e-93,0.0,1.805141631964859
-5.524085768520067e-93,0.0,1.7799067448395636
-5.090440260980816e-93,0.0,1.754807429675002
4.115592435524901e-93,0.0,1.7298433791982388
1.8550193811958768e-92,0.0,1.7050142861363384
2.1394217712377136e-92,0.0,1.680319843216369
-5.3481592283610035e-93,0.0,1.6557597431653956
-5.9802632556002216e-92,0.0,1.631333678710484
-8.440063928912455e-92,0.0,1.6070413425786987
-1.1889144323495163e-92,0.0,1.5828824274971023
1.8357839442085697e-91,0.0,1.5588566261927663
3.1760377450024956e-91,0.0,1.5349636313927528
1.3922162871918668e-91,0.0,1.5112031358241285
-5.282049440591402e-91,0.0,1.4875748322139575
-1.1487899472363858e-90,0.0,1.464078413289304
-7.900943073081572e-91,0.0,1.4407135717772372
1.3793513242667587e-90,0.0,1.4174800004048218
4.005940552263837e-90,0.0,1.3943773918991222
3.674355061236977e-90,0.0,1.3714054389872037
-3.018338997667688e-90,0.0,1.3485638343961308
-1.3461871607505488e-89,0.0,1.325852270852972
-1.5464907335862704e-89,0.0,1.3032704410847917
3.999784518230077e-90,0.0,1.2808180378186547
4.3434643160875266e-89,0.0,1.2584947537816267
6.107083407512751e-89,0.0,1.2363002817007713
8.217252736641062e-90,0.0,1.2142343143031584
-1.3347112222869221e-88,0.0,1.1922965443158509
-2.299964712250376e-88,0.0,1.170486664465914
-9.965762919028845e-89,0.0,1.1488043674804125
3.8458638004601516e-88,0.0,1.1272493460864146
8.324968699797996e-88,0.0,1.1058212930109843
5.688658588135399e-88,0.0,1.0845199009811874
-1.0066358618829904e-87,0.0,1.0633448627240891
-2.904978590330583e-87,0.0,1.042295870966753
-2.65211380953233e-87,0.0,1.0213726184362486
2.213306896850121e-87,0.0,1.0005747978596393
9.769137640878915e-87,0.0,0.9799021019639905
1.11786315747482e-86,0.0,0.9593542234763682
-2.9885848224993074e-87,0.0,0.9389308551238356
-3.1546036170627786e-86,0.0,0.9186316896334623
-4.418906038612877e-86,0.0,0.8984564197323113
-5.6653650464206605e-87,0.0,0.8784047381474489
9.703833513899623e-86,0.0,0.8584763376059402
1.665523034338567e-85,0.0,0.8386709108348486
7.132345227333825e-86,0.0,0.8189881505612437
-2.800083777676952e-85,0.0,0.7994277495121894
-6.032800990246511e-85,0.0,0.7799894004147503
-4.095551440939702e-85,0.0,0.7606727959959928
7.34589714462335e-85,0.0,0.7414776289829804
2.106569180486494e-84,0.0,0.7224035921027818
1.9142043908604703e-84,0.0,0.7034503780824615
-1.6227610526627114e-84,0.0,0.6846176796490837
-7.089258627792004e-84,0.0,0.6659051895297154
-8.080166493009874e-84,0.0,0.6473126004514197
2.2310764770051856e-84,0.0,0.628839605141265
2.2911100495550018e-83,0.0,0.6104858963263162
3.197337284646068e-83,0.0,0.5922511667336381
3.8952825068960463e-84,0.0,0.574135109090296
-7.054881125695104e-83,0.0,0.5561374161233545
-1.2060742703755646e-82,0.0,0.538257780559882
-5.103520580741711e-83,0.0,0.5204958951269423
2.0386091155883163e-82,0.0,0.5028514525516009
4.3716943683178103e-82,0.0,0.4853241455609238
2.948397579516182e-82,0.0,0.4679136668819739
-5.360342616361306e-82,0.0,0.4506197092418207
-1.5275761733339113e-81,0.0,0.43344196536752794
-1.3815589691987873e-81,0.0,0.41638012798616153
1.1896196615079701e-81,0.0,0.39943388982478467
5.144453370930473e-81,0.0,0.3826029436104664
5.840395495049575e-81,0.0,0.36588698207027043
-1.6641957384017745e-81,0.0,0.3492856979312626
-1.6639479934439044e-80,0.0,0.332798783920508
-2.3134220736828687e-80,0.0,0.31642593276507114
-2.670083017325989e-81,0.0,0.30016683719202014
5.1289263224140654e-80,0.0,0.28402118992841924
8.733561561730567e-80,0.0,0.2679886837013336
3.651074913635301e-80,0.0,0.25206901123782904
-1.4841672010370836e-79,0.0,0.23626186526496987
-3.167925683078777e-79,0.0,0.22056693850982406
-2.1224155031794328e-79,0.0,0.2049839236994557
3.911252273824252e-79,0.0,0.18951251356093007
1.107705699290555e-78,0.0,0.17415240082131345
9.970922997652465e-79,0.0,0.1589032782076694
-8.719740686439638e-79,0.0,0.14376483844706642
-3.73311602549878e-78,0.0,0.1287367742665682
-4.221379729909105e-78,0.0,0.11381877839324066
1.2403803801365153e-78,0.0,0.09901054355414932
1.20844314125015e-77,0.0,0.08431176247635822
1.6738402400431618e-77,0.0,0.06972212788693578
1.8240042336930783e-78,0.0,0.05524133251294579
-3.728667646562714e-77,0.0,0.04086906908145365
-6.324156789507791e-77,0.0,0.026605030319525484
-2.6114548730041036e-77,0.0,0.01244890895422513
1.0804825281380163e-76,0.0,-0.0015996022873793212
2.2955913159724197e-76,0.0,-0.015540810678223688
1.5277244209770927e-76,0.0,-0.02937502349124237
-2.8537438366456224e-76,0.0,-0.04310254799936976
-8.032306544006031e-76,0.0,-0.05672369147554176
-7.195913963517463e-76,0.0,-0.07023876119269047
6.390606888286739e-76,0.0,-0.08364806442375125
2.7089288229647585e-75,0.0,-0.09695190844165902
3.0511020403146266e-75,0.0,-0.11015060051934794
-9.238124402713289e-76,0.0,-0.12324444792975375
-8.776177500559968e-75,0.0,-0.1362337579458088
-1.2110604109015736e-74,0.0,-0.14911883784044835
-1.2412294281650183e-75,0.0,-0.16189999488660745
2.7106372288551448e-74,0.0,-0.1745775363572211
4.579391412954676e-74,0.0,-0.18715176952522233
1.8674657971441413e-74,0.0,-0.1996230016635459
-7.865726391897187e-74,0.0,-0.2119915400451266
-1.663445410121253e-73,0.0,-0.22425769194289963
-1.0995865417580824e-73,0.0,-0.23642176462979922
2.0820460085473066e-73,0.0,-0.24848406537875886
5.824391151339267e-73,0.0,-0.2604449014627136
5.193032856888716e-73,0.0,-0.2723045801545979
-4.68300813522129e-73,0.0,-0.2840634087273464
-1.965701495964555e-72,0.0,-0.2957216944538946
-2.2052057966395438e-72,0.0,-0.30727974460717505
6.875553524613346e-73,0.0,-0.3187378664601228
6.373490009920615e-72,0.0,-0.330096367285673
8.762141286841998e-72,0.0,-0.3413555543567597
8.409578671831468e-73,0.0,-0.35251573494631866
-1.9705147469217782e-71,0.0,-0.3635772163272819
-3.315940899611477e-71,0.0,-0.37454030577258546
-1.3351450962504325e-71,0.0,-0.38540531055516375
5.72593226362501e-71,0.0,-0.39617253794795076
1.2053604021126443e-70,0.0,-0.40684229522388266
7.913764396611669e-71,0.0,-0.4174148896558916
-1.5189452802777845e-70,0.0,-0.4278906285169131
-4.223331500242719e-70,0.0,-0.43826981907988155
-3.747490398198432e-70,0.0,-0.4485527686177315
3.431256129591625e-70,0.0,-0.4587397844033986
1.4263674672731023e-69,0.0,-0.46883117370981503
1.5937915909548174e-69,0.0,-0.4788272438099167
-5.11377629684871e-70,0.0,-0.4887283019766377
-4.6285182793825706e-69,0.0,-0.4985346554829129
-6.339387572638722e-69,0.0,-0.5082466116016775
-5.6690804250235525e-70,0.0,-0.5178644776058641
1.4324471289875804e-68,0.0,-0.5273885607684079
2.4010414698707975e-68,0.0,-0.536819168362244
9.54348860297816e-69,0.0,-0.5461566076603068
-4.168117701914754e-68,0.0,-0.5554011859355309
-8.73413036765838e-68,0.0,-0.5645532104608497
-5.695156131005013e-68,0.0,-0.5736129885091987
1.1080789209800694e-67,0.0,-0.582580827353512
3.062345547093842e-67,0.0,-0.5914570342667249
2.7042334216175837e-67,0.0,-0.6002419165217705
-2.5137835721918904e-67,0.0,-0.6089357813915838
-1.0349972086418484e-66,0.0,-0.6175389361490999
-1.1518710940111173e-66,0.0,-0.6260516880672525
3.801019584867794e-67,0.0,-0.6344743444189777
3.361239421778532e-66,0.0,-0.6428072124772075
4.586452826817324e-66,0.0,-0.6510505995148781
3.799451000828661e-67,0.0,-0.6592048128049234
-1.0412815874314704e-65,0.0,-0.6672701596202777
-1.7385468103834044e-65,0.0,-0.6752469472338769
-6.820022687351492e-66,0.0,-0.6831354829186536
3.0340326657635738e-65,0.0,-0.6909360739475433
6.328733352500086e-65,0.0,-0.6986490275934802
4.098231323993111e-65,0.0,-0.7062746511293988
-8.083069209952576e-65,0.0,-0.7138132518282344
-2.2204837748382317e-64,0.0,-0.7212651369629204
-1.9513350604589482e-64,0.0,-0.7286306138063916
1.8414088253340807e-64,0.0,-0.7359099896315825
7.51001567287052e-64,0.0,-0.7431035717114275
8.324652261705155e-64,0.0,-0.750211667318862
-2.823552824930742e-64,0.0,-0.7572345837268188
-2.4408985725352456e-63,0.0,-0.7641726282082338
-3.31817355884255e-63,0.0,-0.771026108036041
-2.5290823726404376e-64,0.0,-0.7777953304831746
7.56917430163452e-63,0.0,-0.7844806028225705
1.2588296044995306e-62,0.0,-0.791082232327161
4.872607064462699e-63,0.0,-0.797600526269882
-2.2084478605588276e-62,0.0,-0.8040357919236676
-4.585728085132388e-62,0.0,-0.8103883365614525
-2.948866445615843e-62,0.0,-0.8166584674561715
5.896023646780175e-62,0.0,-0.8228464918807582
1.610035332602258e-61,0.0,-0.8289527171081474
1.408002342026774e-61,0.0,-0.8349774504112738
-1.3487180926688506e-61,0.0,-0.8409209990630719
-5.449246241356615e-61,0.0,-0.8467836703364767
-6.0161426225750404e-61,0.0,-0.8525657715044216
2.0962416067571393e-61,0.0,-0.8582676098398415
1.772527027577069e-60,0.0,-0.8638894926156712
2.4005666673995855e-60,0.0,-0.8694317271048454
1.6698582493499706e-61,0.0,-0.8748946205802977
-5.501987584183049e-60,0.0,-0.8802784803149629
-9.114677834482438e-60,0.0,-0.885583613581776
-3.4804121311478424e-60,0.0,-0.8908103276536706
1.6074622312332307e-59,0.0,-0.8959589298035829
3.3227232383874243e-59,0.0,-0.9010297273044455
2.1216855231998503e-59,0.0,-0.9060230274291935
-4.3005076193992e-59,0.0,-0.9109391374507615
-1.1673944007510315e-58,0.0,-0.9157783646420843
-1.0159178570328077e-58,0.0,-0.9205410162760965
9.877380355117822e-59,0.0,-0.925227399625732
3.95390255827755e-58,0.0,-0.929837821963925
4.347703049556219e-58,0.0,-0.9343725905636108
-1.5554201037024267e-58,0.0,-0.9388320126977233
-1.287149149322856e-57,0.0,-0.943216395639198
-1.7366844498046604e-57,0.0,-0.947526046660968
-1.0917832031728377e-58,0.0,-0.9517612730359687
3.999277509847171e-57,0.0,-0.9559223820371343
6.599476652536268e-57,0.0,-0.9600096809373994
2.4853657948502345e-57,0.0,-0.9640234770096988
-1.169987551647977e-56,0.0,-0.9679640775269659
-2.407544934026924e-56,0.0,-0.9718317897621362
-1.5264186200040223e-56,0.0,-0.975626920988144
3.136592335041017e-56,0.0,-0.9793497784779236
8.464361542032221e-56,0.0,-0.9830006695044098
7.329887772372211e-56,0.0,-0.9865799013405366
-7.232908596408665e-56,0.0,-0.990087781259239
-2.8688605826567638e-55,0.0,-0.9935246165334509
-3.1418921921454213e-55,0.0,-0.9968907144361079
1.1535212754346833e-55,0.0,-1.0001863822401431
9.346688833702396e-55,0.0,-1.0034119272184923
1.2563784984604577e-54,0.0,-1.0065676566440884
7.0524915326584205e-56,0.0,-1.0096538777898676
-2.9069285851350857e-54,0.0,-1.0126708979287629
-4.778278436514621e-54,0.0,-1.0156190243337104
-1.774339845227098e-54,0.0,-1.0184985642776432
8.515470452161355e-54,0.0,-1.0213098250334967
1.7444117038313454e-53,0.0,-1.0240531138742042
1.0980761892642742e-53,0.0,-1.0267287380727017
-2.2875707908735693e-53,0.0,-1.0293370049019224
-6.137128385253971e-53,0.0,-1.031878221634802
-5.28834030453256e-53,0.0,-1.034352695544274
5.295850603815006e-53,0.0,-1.036760733903273
2.0815502069093135e-52,0.0,-1.0391026439847342
2.2704516816522603e-52,0.0,-1.0413787330615911
-8.550370265808207e-53,0.0,-1.0435893084067795
-6.787027747384504e-52,0.0,-1.0457346772932326
-9.088924054975213e-52,0.0,-1.047815146993885
-4.486580428382407e-53,0.0,-1.0498310247816722
2.1128960059844902e-51,0.0,-1.051782617929528
3.459610245785708e-51,0.0,-1.053670233710387
1.2663870184023576e-51,0.0,-1.0554941793971835
-6.197593645645794e-51,0.0,-1.057254762262852
-1.2639151930299184e-50,0.0,-1.0589522895803278
-7.898723305433741e-51,0.0,-1.060587068622544
1.6682816522529658e-50,0.0,-1.0621594066624365
4.449698847956786e-50,0.0,-1.0636696109729389
3.815264235023953e-50,0.0,-1.0651179888269857
-3.877135138284589e-50,0.0,-1.066504847497512
-1.5102829393429818e-49,0.0,-1.0678304942574517
-1.6406757266061688e-49,0.0,-1.0690952363797395
6.334828930800445e-50,0.0,-1.0702993811373096
4.9282691835775125e-49,0.0,-1.0714432358030972
6.575016045521201e-49,0.0,-1.0725271076500364
2.797964141558284e-50,0.0,-1.0735513039510614
-1.535722935183613e-48,0.0,-1.0745161319791068
-2.5048207028332304e-48,0.0,-1.0754218990071076
-9.035982409879815e-49,0.0,-1.0762689123079976
4.5105001090181126e-48,0.0,-1.0770574791547123
9.157590585141758e-48,0.0,-1.077787906820185
5.68128202155505e-48,0.0,-1.078460502577351
-1.216586013679671e-47,0.0,-1.079075573699144
-3.226193714528673e-47,0.0,-1.0796334274584993
-2.752408078435904e-47,0.0,-1.0801343711283513
2.8381771977070225e-47,0.0,-1.080578711981634
1.0957809204473287e-46,0.0,-1.0809667572912824
1.1855576268521973e-46,0.0,-1.0812988143302305
-4.691202497255291e-47,0.0,-1.081575190371413
-3.578509710558987e-46,0.0,-1.081796192687765
-4.7563465028312994e-46,0.0,-1.08196212855222
-1.698347437283728e-47,0.0,-1.0820733052377127
1.1161913606601807e-45,0.0,-1.0821300300171786
1.813509538124665e-45,0.0,-1.0821326101635511
6.445543055433966e-46,0.0,-1.0820813529497646
-3.2825666083127584e-45,0.0,-1.0819765656487543
-6.634968307765705e-45,0.0,-1.0818185555334543
-4.0860174443785595e-45,0.0,-1.0816076298767994
8.871460542959046e-45,0.0,-1.0813440959517238
2.339077848727219e-44,0.0,-1.0810282610311617
1.9855636574166487e-44,0.0,-1.0806604323880487
-2.0774103533119452e-44,0.0,-1.080240917295318
-7.950293407310946e-44,0.0,-1.079770023025905
-8.566667945964584e-44,0.0,-1.0792480568527432
3.4724892821683705e-44,0.0,-1.078675326048768
2.5983819312283467e-43,0.0,-1.078052137886914
3.4406654253722313e-43,0.0,-1.077378799640115
9.916048541836956e-45,0.0,-1.0766556185813059
-8.112515337431012e-43,0.0,-1.075882901983421
-1.3129759060667685e-42,0.0,-1.075060957119395
-4.596365720760033e-43,0.0,-1.074190091262162
2.38885476300003e-42,0.0,-1.0732706116846569
4.807184787206201e-42,0.0,-1.0723028256598146
2.9384471707550636e-42,0.0,-1.0712870404605686
-6.468841821157638e-42,0.0,-1.070223563359854
-1.6958730104781462e-41,0.0,-1.069112701630605
-1.4323112579090215e-41,0.0,-1.067954762545756
1.5204079511519813e-41,0.0,-1.066750053378242
5.768150671140083e-41,0.0,-1.0654988814009971
6.189997416147522e-41,0.0,-1.0642015538869563
-2.5692876490791464e-41,0.0,-1.0628583781090537
-1.8866737601373416e-40,0.0,-1.0614696613402228
-2.488878246869766e-40,0.0,-1.0600357108533998
-5.449027603458849e-42,0.0,-1.0585568339215186
5.896082359668582e-40,0.0,-1.0570333378175136
9.505771347562844e-40,0.0,-1.0554655298143187
3.276695285129904e-40,0.0,-1.0538537171848692
-1.7384147294978304e-39,0.0,-1.0521982072020994
-3.482868749988297e-39,0.0,-1.0504993071389437
-2.112996247821304e-39,0.0,-1.0487573242683368
4.716689357560561e-39,0.0,-1.0469725658632127
1.2295222735786984e-38,0.0,-1.0451453391965064
1.033173840176508e-38,0.0,-1.0432759515411523
-1.112637880536259e-38,0.0,-1.0413647101700847
-4.184890173712133e-38,0.0,-1.0394119223562384
-4.4725807584232937e-38,0.0,-1.037417895372547
1.900232790204905e-38,0.0,-1.0353829364919465
1.3698836767516698e-37,0.0,-1.0333073529873698
1.8003505391532174e-37,0.0,-1.031191452131753
2.6873030037077062e-39,0.0,-1.0290355411980292
-4.2851175124611965e-37,0.0,-1.0268399274591333
-6.8819521166410656e-37,0.0,-1.0246049181879997
-2.335173738821243e-37,0.0,-1.0223308206575643
1.2650409502007817e-36,0.0,-1.0200179421407591
2.523351330129793e-36,0.0,-1.0176665899105206
1.5192949018446946e-36,0.0,-1.0152770712397825
-3.4389636462098204e-36,0.0,-1.0128496934014788
-8.914025975465872e-36,0.0,-1.0103847636685457
-7.452321898669506e-36,0.0,-1.0078825893139156
8.141495950944814e-36,0.0,-1.0053434776105241
3.036166439867199e-35,0.0,-1.002767735831306
3.231580819738553e-35,0.0,-1.0001556712491948
-1.4048498683981684e-35,0.0,-0.9975075911371261
-9.946348154613356e-35,0.0,-0.9948238027680337
-1.3022748935759198e-34,0.0,-0.9921046134148518
-1.0312424835570501e-36,0.0,-0.9893503303505161
3.1142477767093865e-34,0.0,-0.9865612608479597
4.982296704560385e-34,0.0,-0.9837377121801179
1.6636385997211185e-34,0.0,-0.9808799916199245
-9.205415907045492e-34,0.0,-0.9779884064403146
-1.8281534686430657e-33,0.0,-0.9750632639142233
-1.0923134486129218e-33,0.0,-0.9721048713145837
2.507250289066963e-33,0.0,-0.9691135359143314
6.462578253470929e-33,0.0,-0.9660895649864002
5.3751652165658424e-33,0.0,-0.9630332658037243
-5.9567861503676134e-33,0.0,-0.9599449456392397
-2.2027293544709413e-32,0.0,-0.9568249117658791
-2.334860172055371e-32,0.0,-0.9536734714565787
1.0382177025151518e-32,0.0,-0.9504909319842711
7.221654924915588e-32,0.0,-0.947277600621892
9.419772126824683e-32,0.0,-0.9440337846423765
8.192008190495613e-35,0.0,-0.9407597913186574
-2.2632621929885836e-31,0.0,-0.9374559279236707
-3.6069586685495596e-31,0.0,-0.9341225017303495
-1.184813879935e-31,0.0,-0.9307598200116294
6.698383058259056e-31,0.0,-0.9273681900404452
1.3244692734516467e-30,0.0,-0.9239479190897297
7.852602920744007e-31,0.0,-0.9204993144324195
-1.8278805552006667e-30,0.0,-0.9170226833414475
-4.685243445638463e-30,0.0,-0.9135183330897483
-3.876803890545252e-30,0.0,-0.9099865709502576
4.3579072464324674e-30,0.0,-0.9064277041959085
1.5980514905881218e-29,0.0,-0.9028420400996364
1.6869246045004534e-29,0.0,-0.8992298859343751
-7.669876548102988e-30,0.0,-0.8955915489730595
-5.243278693092962e-29,0.0,-0.8919273364886245
-6.813499370509375e-29,0.0,-0.8882375557540038
4.23887922820056e-31,0.0,-0.8845225140421329
1.6447803149311935e-28,0.0,-0.8807825186259446
2.6112374394471186e-28,0.0,-0.877017876778375
8.43503788477587e-29,0.0,-0.8732288957723583
-4.873987052474758e-28,0.0,-0.8694158828808282
-9.595451734391077e-28,0.0,-0.8655791453767201
-5.644694485437885e-28,0.0,-0.8617189905329676
1.3325336106574585e-27,0.0,-0.8578357256225059
3.396666736277398e-27,0.0,-0.8539296579182694
2.7960017689243082e-27,0.0,-0.8500010946931925
-3.187886552368885e-27,0.0,-0.8460503432202102
-1.1593497545518748e-26,0.0,-0.8420777107722554
-1.2187631740011257e-26,0.0,-0.8380835046222639
5.664159031803559e-27,0.0,-0.8340680320431706
3.8068197158954977e-26,0.0,-0.8300316003079085
4.928242810322402e-26,0.0,-0.8259745166894137
-6.58140605258103e-28,0.0,-0.8218970884606193
-1.1952872899989096e-25,0.0,-0.8177996228944605
-1.8903627975657917e-25,0.0,-0.8136824272638719
-6.002936940575809e-26,0.0,-0.8095458088417874
3.546391526546906e-25,0.0,-0.805390074901143
6.95157570694096e-25,0.0,-0.8012155327148709
4.0572051021586654e-25,0.0,-0.7970224895559067
-9.713796085375971e-25,0.0,-0.7928112526971858
-2.4624541117118428e-24,0.0,-0.7885821294116414
-2.016426668672399e-24,0.0,-0.7843354269722088
2.3317787561703965e-24,0.0,-0.7800714526518214
8.410702437985388e-24,0.0,-0.7757905137234149
8.805048285197467e-24,0.0,-0.7714929174599237
-4.1815279904276285e-24,0.0,-0.767178971134281
-2.763852484632971e-23,0.0,-0.7628489820194233
-3.56456046902298e-23,0.0,-0.7585032573882832
7.318111140599726e-25,0.0,-0.7541421045137957
8.686165894980769e-23,0.0,-0.7497658306688967
1.3684771162116412e-22,0.0,-0.7453747431265185
4.2704544546796904e-23,0.0,-0.7409691491595974
-2.5803403772749073e-22,0.0,-0.736549356041067
-5.036111940792862e-22,0.0,-0.7321156710438612
-2.9158988358696614e-22,0.0,-0.7276684014409162
7.080769460364336e-22,0.0,-0.7232078545051647
1.7851626318180904e-21,0.0,-0.7187343375095423
1.4541479261835333e-21,0.0,-0.7142481577269839
-1.705423019172545e-21,0.0,-0.7097496224304223
-6.101606015260048e-21,0.0,-0.705239038892794
-6.361109049570218e-21,0.0,-0.7007167143870315
3.0859734267586333e-21,0.0,-0.6961829561860705
2.0065991089947176e-20,0.0,-0.6916380715628461
2.578171758939776e-20,0.0,-0.687082367790291
-7.154119986780768e-22,0.0,-0.6825161521413418
-6.31212220835343e-20,0.0,-0.6779397318889305
-9.90657375059855e-20,0.0,-0.673353414305993
-3.0367660020588307e-20,0.0,-0.668757506665465
1.8773939460026325e-19,0.0,-0.6641523162402785
3.6483943264550592e-19,0.0,-0.6595381503033702
2.0954443778234212e-19,0.0,-0.6549153161276727
-5.161225041126455e-19,0.0,-0.6502841209861214
-1.2941417961553084e-18,0.0,-0.6456448721516518
-1.0486140867660695e-18,0.0,-0.6409978768971965
1.2472050611847412e-18,0.0,-0.6363434424956916
4.4263949822109816e-18,0.0,-0.6316818762200699
4.5953916477617354e-18,0.0,-0.6270134853432671
-2.2767313809870986e-18,0.0,-0.6223385771382182
-1.4567988815516562e-17,0.0,-0.6176574588778562
-1.8647028561660442e-17,0.0,-0.612970437835117
6.528450170230404e-19,0.0,-0.6082778212829336
4.5868462477067665e-17,0.0,-0.6035799164942411
7.171383605003141e-17,0.0,-0.5988770307419755
2.1585813791638462e-17,0.0,-0.594169471299069
-1.365909773650389e-16,0.0,-0.5894575454384579
-2.6430321107377537e-16,0.0,-0.5847415604330749
-1.5056957410984058e-16,0.0,-0.5800218235558557
3.7618910097666376e-16,0.0,-0.5752986420797354
9.381674834598342e-16,0.0,-0.5705723232776465
7.56142249920334e-16,0.0,-0.565843174422526
-9.120218100665154e-16,0.0,-0.5611115027873058
-3.211073815783091e-15,0.0,-0.5563776156449216
-3.3197143853155566e-15,0.0,-0.551641820268309
1.6791845487858732e-15,0.0,-0.5469044239304007
1.0576253105177168e-14,0.0,-0.5421657339041325
1.348650169095686e-14,0.0,-0.5374260574624375
-5.706966364944101e-16,0.0,-0.5326857018782508
-3.3330706204158194e-14,0.0,-0.5279449744245083
-5.191297880072415e-14,0.0,-0.5232041823741421
-1.5336910599832542e-14,0.0,-0.5184636330000889
9.937494088280517e-14,0.0,-0.5137236335752813
1.9146851557491962e-13,0.0,-0.5089844913726546
1.0818197049098015e-13,0.0,-0.5042465136651443
-2.741832335301691e-13,0.0,-0.49951000772568305
-6.801008647475703e-13,0.0,-0.49477528082720684
-5.452200411533453e-13,0.0,-0.49004264024264904
6.668602537089647e-13,0.0,-0.4853123932449444
2.32940254171119e-12,0.0,-0.4805848471070286
2.3981001604807234e-12,0.0,-0.47586030910183436
-1.2381020569302895e-12,0.0,-0.4711390865022979
-7.678163333811142e-12,0.0,-0.4664214865813518
-9.753956826027742e-12,0.0,-0.4617078166119317
4.844357614949968e-13,0.0,-0.4569983838669727
2.421957065634919e-11,0.0,-0.45229349561940785
3.757875980136601e-11,0.0,-0.44759345914217313
1.0892102629416038e-11,0.0,-0.44289858170820146
-7.229697237264923e-11,0.0,-0.43820917059042813
-1.387032239920152e-10,0.0,-0.43352553306178837
-7.771919446554272e-11,0.0,-0.42884797639521505
1.9982832435400266e-10,0.0,-0.4241768078636445
4.930156628103988e-10,0.0,-0.4195123347400091
3.9311568404431703e-10,0.0,-0.41485486429724494
-4.875591478556362e-10,0.0,-0.4102047038082866
-1.6897908056514399e-09,0.0,-0.40556216054606725
-1.7322965094383668e-09,0.0,-0.400927541783523
9.126199982171755e-10,0.0,-0.39630115479358674
5.574117950888058e-09,0.0,-0.39168330684919356
7.054303578641511e-09,0.0,-0.38707430522327924
-4.0251381830327575e-10,0.0,-0.38247445718877593
-1.7598676130587252e-08,0.0,-0.3778840700186205
-2.720209875906435e-08,0.0,-0.37330345098574536
-7.731814673728009e-09,0.0,-0.36873290736308595
5.2595886325235135e-08,0.0,-0.3641727464235775
1.0047777000468041e-07,0.0,-0.359623275440153
5.582857739561771e-08,0.0,-0.35508480168574763
-1.4563134474425312e-07,0.0,-0.3505576324332967
-3.573901234788244e-07,0.0,-0.3460420749557331
-2.8343204200538394e-07,0.0,-0.34153843652599297
3.564373888412309e-07,0.0,-0.33704702441700934
1.2257883587191135e-06,0.0,-0.33256814590171724
1.2513112865084686e-06,0.0,-0.32810210825305197
-6.72516550504853e-07,0.0,-0.3236492187439468
-4.046581405143903e-06,0.0,-0.31920978464733724
-5.101750503225906e-06,0.0,-0.3147841132361566
3.290517203881586e-07,0.0,-0.3103725117833401
1.278748785919329e-05,0.0,-0.30597528756182296
1.9690458897756132e-05,0.0,-0.30159274784453816
5.485774376257968e-06,0.0,-0.2972251999044216
-3.8262378990166365e-05,0.0,-0.29287295101440647
-7.278596722413267e-05,0.0,-0.2885363084474277
-4.0099485832654174e-05,0.0,-0.28421557947642095
0.0001061291100423079,0.0,-0.2799110713743188
0.0002590710094120649,0.0,-0.27562309141405755
0.00020434183589223474,0.0,-0.2713519468685701
-0.00026055730384372814,0.0,-0.26709794501079165
-0.0008891851569549267,0.0,-0.2628613931136574
-0.0009038505283576711,0.0,-0.25864259845010046
0.0004954492577027844,0.0,-0.2544418682930567
0.00293760737505132,0.0,-0.25025950991545926
0.0036895720493008936,0.0,-0.24609583059024326
-0.0002655794375826352,0.0,-0.24195113759034398
-0.009267622792753972,0.0,-0.23782573818869435
-0.014072509080131782,0.0,-0.23371993965823043
-0.003292441313966166,0.0,-0.22963404927188522
0.03153464424751983,0.0,-0.225568374302594
0.07969130592457142,0.0,-0.22152322202329194
0.12273475698762365,0.0,-0.2174988997069119
0.1434461591019153,0.0,-0.2134957146263902
0.14066525268587962,0.0,-0.2095139740546596
0.12439718155353463,0.0,-0.2055539852646553
0.10478730971208368,0.0,-0.2016160555293127
0.08931200191459716,0.0,-0.19770049212156493
0.08232013864080254,0.0,-0.19380760231434752
0.08794513081379911,0.0,-0.18993769338059385
0.10531100779360707,0.0,-0.18609107259323898
0.12354267907789679,0.0,-0.1822680472252181
0.13057790949714482,0.0,-0.1784689245494645
0.119569804743789,0.0,-0.1746940118389138
0.10213377981873589,0.0,-0.17094361636649924
0.09396864376464042,0.0,-0.16721804540515608
0.10757010610256953,0.0,-0.16351760622781938
0.13468149834999327,0.0,-0.15984260610742224
0.15877621232930547,0.0,-0.1561933523169006
0.16454242853064152,0.0,-0.15257015212918756
0.1523881763230783,0.0,-0.1489733128172183
0.13354315057701668,0.0,-0.14540314165392798
0.11922854650595413,0.0,-0.1418599459122497
0.11388210474965693,0.0,-0.13834403286511937
0.11407046455688473,0.0,-0.13485570978547015
0.11592980164254195,0.0,-0.13139528394623706
0.11696070734788783,0.0,-0.1279630626203554
0.11735925491316881,0.0,-0.12455935308075829
0.11763765345720487,0.0,-0.12118446260038157
0.11810366908258828,0.0,-0.11783869845215843
0.11834939169280842,0.0,-0.11452236790902388
0.11781039847038545,0.0,-0.11123577824391324
0.1162192331063196,0.0,-0.10797923672975956
0.11520999881985708,0.0,-0.10475305063949866
0.11716650435971798,0.0,-0.1015575272460639
0.12411903738272209,0.0,-0.09839297382239019
0.1336419326963333,0.0,-0.09525969764141279
0.1402724126703928,0.0,-0.09215800597606487
0.13867258301140187,0.0,-0.08908820609928221
0.12899570477326042,0.0,-0.08605060528399808
0.11770443507120194,0.0,-0.08304551080314752
0.11158591613725674,0.0,-0.08007322992966559
0.11451670017443576,0.0,-0.07713406993648574
0.12468232803963086,0.0,-0.07422833809654354
0.1396091463583646,0.0,-0.07135634168277238
0.15714481509085704,0.0,-0.06851838796810727
0.17624928559432151,0.0,-0.0657147842254832
0.19612302669414627,0.0,-0.06294583772783371
0.21464142671817382,0.0,-0.06021185574809426
0.22129378002265962,0.0,-0.05751314555919829
0.2022983914949451,0.0,-0.0548500144340809
0.15000817634830094,0.0,-0.052222769645677014
0.13273195838564278,0.0,-0.04963171846692018
0.2700354701192245,0.0,-0.04707716817074531
0.6776490999758029,0.0,-0.04455942603008742
1.3304153885606165,0.0,-0.042078799317880014
2.0428750255671475,0.0,-0.03963559530705853
2.6216220644682044,0.0,-0.03723012127055659
2.9632324082427264,0.6434965386898776,-0.03486268448130915
3.1384179499587526,0.9003395736540912,-0.03253359221225104
3.2378077266969183,1.009928558991619,-0.030243151736315962
3.3238524920781063,1.013686873519357,-0.027991670326439264
3.36254134133215,0.9809584388529153,-0.025779455255554525
3.299239284673319,0.9727623022369339,-0.023606813796596737
3.0908044506192063,0.9943122281482233,-0.02147405322250074
2.7659868878324243,1.027885264255563,-0.01938148080620028
2.3812781777274887,1.0565956401792291,-0.017329403820630578
1.9929229018306733,1.0755812756783727,-0.015318129538725415
1.6534322810188509,1.088498862243097,-0.013347965233419589
1.4128231868311025,1.0991343807191494,-0.01141921817764801
1.3192804838079206,1.1096158770864235,-0.009532195644344443
1.369532264044841,1.1200922032674112,-0.0076872049064440505
1.502330405764274,1.1305959412074684,-0.005884553236880671
1.6534023658875694,1.1411312506823157,-0.004124547908589169
1.7667314226962896,1.1516444352053452,-0.0024074961945042706
1.8021142660785432,1.1620747760065002,-0.0007337053675598796
1.7211406428545803,1.1726900746050393,0.0008965172993088697
1.5301729590182442,1.1849460240066256,0.0024828645331681685
1.3871419686370277,1.2005667197697676,0.004025029061083091
1.4820202409489813,1.2210353046419278,0.005522703610118993
1.9545843029210528,1.24623865913949,0.006975580907341867
2.6342648609390626,1.2754145382845457,0.008383353679816756
3.2320195801637763,1.3075303502293205,0.0097457146546096
3.4821002548422224,1.3380472695989,0.011062356558785673
3.4018052394225746,1.35996686499417,0.012332972119410276
3.195663785927258,1.3666882473685635,0.013557254063549394
3.0650229863397156,1.3658412965045406,0.01473489511826807
3.027101941172138,1.3818781360687904,0.015865588010632207
2.8936865224696566,1.4399358747725282,0.01694902546770711
2.4673341213042868,1.5254668950782921,0.017984900216558148
1.7244946265087564,1.5439740515167657,0.01897290498425117
0.9712915300144329,1.391362229994981,0.01991273249785134
0.5506016836161762,1.0111132810594456,0.02080407548442447
0.670089022407109,0.5168247619650004,0.021646626671035944
1.0847549413358142,0.0,0.022440078784751107
1.4549840370699938,0.0,0.023184124552635736
1.5089814769751537,0.0,0.02387845670175511
1.3894111674432696,0.0,0.02452276795917497
1.395457263830662,0.0,0.02511675105196068
1.7927242639518095,0.7969944621406772,0.025660098707177666
2.444943241715696,1.275551556456417,0.02615250365189164
2.9526567425509636,1.5451561027863185,0.026593658613167925
2.9244781625184135,1.5750367595417687,0.026983256318072173
2.3192781387722543,1.4934969112970184,0.027320989493669845
1.4829021429856857,1.4372681997446326,0.02760655086702636
0.7797154181206208,1.4614292223052776,0.027839633165207364
0.4150764043153686,1.4582523511372738,0.028019929115278275
0.29596789554414116,1.3007047786416162,0.028147131444304647
0.2965092064185226,0.9184272234353692,0.028220932879351953
0.3127433323253552,0.44144532947776016,0.028241026147485727
0.3132964700915732,0.0,0.02820710397577146
0.2817955033685725,0.0,0.028118859091274696
0.21099799020071835,0.0,0.027975984221060894
0.1488152475277964,0.0,0.027778172092195557
0.1637635760959897,0.0,0.02752511543174428
0.3211706998113087,0.0,0.027216506966772455
0.6486288679382078,0.0,0.02685203942434572
1.1492633059727264,0.0,0.026431417512749775
1.8223531319108823,0.0,0.025955597051082694
2.573818063844331,0.0,0.02542786358946459
3.2074369783149517,0.0,0.024851756887064758
3.5231936502230137,0.0,0.024230816703052844
3.4658409897062277,0.0,0.023568582796598063
3.2490216292973946,0.0,0.022868594926869976
3.1156035424281807,0.0,0.022134392853038205
3.221147400949187,0.8775184279365403,0.02136951633427191
3.435359251340511,1.2779478904833221,0.020577505129740836
3.569533745008338,1.446917414690922,0.019761898998614143
3.4772247905818303,1.4254880716078944,0.018926237700061427
3.2643083601047165,1.3299523459067875,0.018074060993252292
3.1299112500966517,1.2699512771427384,0.017208908637355903
3.249587163714495,1.2695695566301997,0.016334320391541857
3.524994426725112,1.294639867504528,0.015453836014979757
3.6819726029131434,1.3105497167299236,0.01457099526683875
3.455184774435079,1.3027919506061834,0.013689337906288604
2.891928035652023,1.2799365080902794,0.012812403692498461
2.378206607874779,1.251804430982126,0.011943732384637931
2.3140219222706473,1.2258192694479015,0.011086863741876622
2.8051041210523353,1.2047219647412517,0.01024533752338367
3.4161764457695485,1.190711611369615,0.009422693488328847
3.653922165770255,1.1844619830237624,0.008622471395881308
3.2377254668373654,1.181372933975206,0.007848211005210647
2.5756893580534705,1.1757052806618797,0.007103452075486456
2.2150617826712136,1.1627467695143052,0.006391734365877923
2.5852963999000673,1.1442762196663925,0.005716597635554753
3.4206190385492823,1.1246013884836448,0.005081581643686162
4.201089631080474,1.1078288427149252,0.0044902261494417246
4.448649969245855,1.0955102055265071,0.003946070911990991
4.166587773692163,1.0874747948953025,0.003452638399079161
3.664092852016469,1.0834820258356108,0.003011761462051643
3.2482804144807367,1.0821867773094205,0.002622188402568727
3.0437346394064866,1.0809885035625009,0.0022823391484725446
2.9792127829870534,1.0772382379074124,0.00199063362760519
2.974164240022164,1.070618735689947,0.001745491767808609
2.9793447740056025,1.0653202286970813,0.0015453334969249396
3.002480690482524,1.06604747721289,0.0013885787427961591
3.0573302081009848,1.0740923186400606,0.001273647433264354
3.131132343814246,1.0790771599492588,0.0011989594961715846
3.126204728108591,1.068132420380834,0.0011629348593598715
2.9279016603723504,1.033646673955221,0.0011639934506712784
2.4534177980445873,1.00085844885713,0.0012005551979478537
1.8057105536858213,1.0076678165846937,0.0012710400290316492
1.154916390514303,1.084603851969064,0.0013738678717646925
0.6631357438762847,1.1721028705562775,0.0015074586539890688
0.4011278197012477,1.1504720846283418,0.0016702323035467797
0.3821830477024968,0.9045339268900581,0.0018606087482799325
0.6161771068500159,0.48041155854473316,0.002077007916030549
1.048175833330826,0.0,0.002317849734640633
1.5543917285928548,0.0,0.0025815541319523195
2.0081339832872924,0.0,0.0028665410358075633
2.3226269209288035,0.7377837041440664,0.003171230374048515
2.482994046519218,1.0992127596822774,0.003494042074517175
2.4818954465194567,1.2116369174711468,0.0038333960650555293
2.3377307466486004,1.1477700197697769,0.004187712273505746
2.150416482427676,1.0314243737596378,0.0045554106277097516
2.0359684404498557,0.9700076149683805,0.004934911055509723
2.0833793826735247,0.9696286121283115,0.005324631488171782
2.225794376549999,0.9977703454416031,0.0057228058113173354
2.340607427635589,1.0235997861320894,0.006127337864108812
2.316692926367776,1.0374278648563002,0.006536097128580728
2.17099717069679,1.043537011484384,0.006946953086767872
2.0002391373277217,1.0463953639006136,0.007357775220704825
1.8997096829402162,1.0487103265537057,0.007766433012426168
1.8981773710763923,1.051226890353168,0.008170795943966696
1.9544265357713255,1.0545855212153588,0.008568733497360917
2.024037758371036,1.0592503752840297,0.008958115154643623
2.0738412376516653,1.0653517181443206,0.009336810397849397
2.0907256844875777,1.0729825942350026,0.009702688709012822
2.0636569628350245,1.082106774165621,0.010053619570168678
1.9911179846909648,1.0922557625062905,0.010387472463351496
1.9014005611460734,1.1028708194135057,0.010702116870596046
1.8286170376066861,1.1136073377426685,0.01099542227393692
1.799945898229446,1.1254276755122818,0.011265258155408717
1.8030348818548514,1.1397871977697862,0.011509493997046184
1.8115436570798502,1.1578982427661755,0.011725999280883892
1.800155170090641,1.1780830538646492,0.011912643488956567
1.7549248797395405,1.1967731581441785,0.01206729610329882
1.6689209741933126,1.2104898722512083,0.012187826605945279
1.5362048610998145,1.2191429366115998,0.012272104478930639
1.3729014452150816,1.226381815066429,0.01231799920428953
1.2181212831129113,1.2360081527143352,0.012323398139396497
1.111797637633232,1.2474672750638882,0.012287757979929823
1.0717922615517415,1.2520388250809067,0.012213307043469864
1.0770109935451648,1.2401055354965886,0.012102556645039115
1.1023840281205817,1.2084792083234135,0.011958018099660125
1.1203186233735987,1.1752312650326087,0.011782202722355362
1.0954066000309357,1.1628215211094048,0.011577621828147365
0.9907310056023949,1.1831905427404632,0.011346786732058693
0.7835130075375464,1.1848161137555466,0.011092208749111774
0.5306543387819193,1.0924941844153584,0.010816399194329175
0.31694604408850896,0.8408547950740932,0.010521869382733454
0.21862853094537166,0.4799332309606627,0.010211130629347026
0.21931352952882335,0.0,0.009886694249192524
0.24606681923647306,0.0,0.009551071557292337
0.22813048313691459,0.0,0.009206773868669046
0.16739401282731672,0.0,0.008856312498345228
0.14069360313630067,0.0,0.008502198761343267
0.22773410566553762,0.0,0.008146943972685816
0.45936698628836203,0.0,0.007793059447395259
0.7810900564469446,0.0,0.007443056500494172
1.1298134841666039,0.0,0.007099446447005138
1.4574962243417324,0.0,0.0067647406019505476
1.762203342204867,0.0,0.006441450280353031
2.0507997981356465,0.0,0.006132086797234997
2.3196657001054577,0.723368672521787,0.005839161467619016
2.5067652427938496,1.1097145868481388,0.0055651856065276496
2.529838402028528,1.3007074385124127,0.005312670528983315
2.3183633288672967,1.3101789010707723,0.005084127550008626
1.9270766545036628,1.2556660104710302,0.004882067984626009
1.4864128604702231,1.252292577391118,0.004709003147858024
1.1242503699140538,1.3056232959086573,0.004567428967006492
0.8822346150164154,1.3026506277750554,0.004458568419114088
0.7139150421219689,1.125371723615088,0.004381438728943981
0.5691910269731904,0.7478850148709091,0.004334837310908856
0.4250360941870002,0.0,0.004317561579421442
0.30524835884006635,0.0,0.004328408948894447
0.23827002106821396,0.0,0.004366176833740586
0.23527028753336698,0.0,0.004429662648372561
0.25507743414856493,0.0,0.004517663807203106
0.2466432356849899,0.0,0.004628977724644924
0.17933896996299128,0.0,0.0047624018151107015
0.1350039452437866,0.0,0.004916733493013199
0.2339913737521047,0.0,0.005090770172765073
0.5805407367644222,0.0,0.005283309268779099
1.1091249380911044,0.0,0.005493148195467959
1.6526519386266787,0.0,0.005719084367244325
2.04870032713474,0.46086584823683585,0.00595991519852099
2.27668929483348,0.8184872551564445,0.006214438103710579
2.459532027925753,1.0584899582970895,0.006481450497225896
2.725345883586354,1.1205907970948186,0.006759749793479612
3.1093089016423856,1.0763278041822824,0.007048133406884383
3.4874823689762944,1.0111897968484853,0.007345398751853028
3.7203627760632267,0.9882235253820502,0.00765034324279815
3.7376600429836255,0.9986952957823966,0.00796176429413257
3.676521929238972,1.019550395422091,0.00827845932026895
3.712794006629469,1.030922837428548,0.008599225735619942
3.969977966083784,1.0315273589334635,0.008922860954598377
4.286557926478516,1.0267904270243184,0.009248162391616849
4.404479471521063,1.021816281106558,0.009573927461088184
4.096474261479226,1.0179909257563597,0.009898953577425039
3.455506737758656,1.0143634847812513,0.010222038155040072
2.764197706863191,1.0099730193728254,0.010541978608346107
2.2988314280138695,1.0045307743879883,0.01085757235175574
2.13225214547497,0.9984613706713972,0.011167616799681803
2.1334966085959697,0.9922288735594991,0.01147090936653695
2.163427461131303,0.9867636561123702,0.011766247466733834
2.138270832569933,0.9838351390830354,0.012052428514685284
2.06808303304202,0.9853000240436067,0.012328249924803901
1.9720046455196991,0.9918991146669843,0.012592509111502503
1.865593045571788,1.000843344431089,0.012844003489193742
1.7537837534940641,1.0086473572455603,0.013081530472290302
1.639553312209524,1.0124382986474596,0.013303887475204976
1.5274769683437557,1.0128714010263093,0.01350987191235039
1.430735981072092,1.0118625273880173,0.013698281198139336
1.3653947413175294,1.0112054132669686,0.013867912746984493
1.3451147667877772,1.0113241472954926,0.01401756397329854
1.3589292067719492,1.011790615127176,0.014146032291494245
1.3814320495499985,1.0121499106158525,0.014252124561971702
1.3878223995666024,1.0115959955367877,0.014335361790901412
1.3711718305533023,1.0089538115291041,0.014396466173974937
1.3422823337597494,1.0030470386156864,0.01443627509596805
1.3126355862950048,0.9941653286236692,0.014455625941656553
1.2876970253005042,0.9852093814823516,0.014455356095816219
1.2628383429852494,0.9793487937052471,0.014436302943222842
1.2324694183569367,0.9784475345286541,0.014399303868652197
1.1944712998203384,0.9802849601389448,0.014345196256880084
1.1569025613287365,0.9818438263900912,0.014274817492682277
1.1296774242302474,0.9806844167488443,0.01418900496083456
1.120564896106614,0.9776555235147282,0.014088596046112739
1.1259173240687939,0.9747682352408744,0.013974428133292563
1.138304128198709,0.9739228799650734,0.01384733860714987
1.1503161377806441,0.9757951582790261,0.013708164852460378
1.1547853932437215,0.980306428855157,0.013557744253999917
1.144683926933932,0.9872694361411436,0.013396914196544289
1.1134126716501813,0.994083428056378,0.013226512064869227
1.0638904918031151,0.9956359061299579,0.013047375243750575
1.0083865945332018,0.9867935451026424,0.012860341117964053
0.9594585312562801,0.9708393521493798,0.012666247072285487
0.9219926771552578,0.9658949417190886,0.012465930491490683
0.8881344388270106,0.9915825464417195,0.012260228760355372
0.8488344144627796,1.0452153356561917,0.012049979263655397
0.8025326069596903,1.0550797872664095,0.011836019386166484
0.7693889719454614,0.9361529382068761,0.011619186512664442
0.7734784465224781,0.6343695520107101,0.011400318027925104
0.8279252242695813,0.0,0.011180251316724177
0.8882362348550106,0.0,0.01095982376383752
0.8910358469840489,0.0,0.010739872754040846
0.7840132518705538,0.0,0.010521235672109977
0.6253618203074941,0.6313919097523589,0.010304749902820739
0.5367609382093006,0.813197949621906,0.010091252830948834
0.6346620020912954,0.8231484760613542,0.00988158184127013
0.9044586067301809,0.7566848002193782,0.009676574318560335
1.2040478689191831,0.7149839221723591,0.009477067647595275
1.3873737322985191,0.7477473913821293,0.009283899213150768
1.4016966044496861,0.8148393683501219,0.00909790640000253
1.3477093486642147,0.8670996676310546,0.008919926592926411
1.3403328108140935,0.8743958735992275,0.008750797176698135
1.4415297636597264,0.8648239019924263,0.008591355536093522
1.5613495269303,0.8775797161639932,0.008442439055888382
1.5827720737098037,0.9374179908797211,0.008304885120858443
1.4189471035688301,0.9887328813655928,0.008179524836779091
1.1399617931374764,0.9481292965399353,0.008066750759129396
0.8667716451912216,0.7436132897048244,0.007966237544870981
0.711856171568883,0.4247624086199881,0.007877593412172104
0.7039594257469521,0.0,0.007800426579200979
0.8242046323401162,0.0,0.00773434526412587
1.0516363296245537,0.0,0.007678957685115001
1.3323932667102096,0.0,0.007633872060336625
1.5809143077264123,0.0,0.007598696607958989
1.7112135878092078,0.0,0.007573039546150326
1.696589939546901,0.0,0.007556509093078887
1.6068417088846045,0.0,0.007548713466912907
1.5205981041380567,0.0,0.007549260885820635
1.4869676834695917,0.0,0.007557759567970309
1.4712964661752177,0.0,0.007573817731530175
1.4241756163994403,0.0,0.007597043594668469
1.313264678589156,0.0,0.007627045375553447
1.1940039683083472,0.0,0.0076634312923533395
1.149973920626449,0.0,0.007705809563236389
1.2554931476855762,0.0,0.007753788406370848
1.4947098060541268,0.0,0.007806976039924946
1.801010567195089,0.0,0.00786498068206694
2.1078246863520764,0.5263020912812235,0.007927410550965066
2.3614949478613227,0.9281385910498413,0.007993873864787554
2.5206832647682442,1.19217742339172,0.008063978841702674
2.545304538878931,1.2531866883758402,0.00813733369987864
2.4461437719243446,1.1951599707950575,0.008213546657483719
2.315959496286834,1.1166935556589852,0.008292225932686142
2.254876063060567,1.089038388137059,0.008372979743654141
2.3107441945356295,1.1015853871831485,0.008455416308555981
2.38469983902983,1.1284729892888414,0.008539143845559882
2.3523310465958476,1.1472847773475465,0.008623770572834111
2.1194996098283725,1.1543405884785167,0.008708904708546895
1.7459997986781144,1.152299011498588,0.008794154470866464
1.3404299426835948,1.1437502384273464,0.008879128077961094
1.004178012000427,1.1305238240537798,0.008963433747998994
0.7692391677787483,1.113999325119549,0.009046679699148437
0.6289397202949286,1.095509104540647,0.009128476449604045
0.5756152412207681,1.0754336655464574,0.0092085849083255
0.5896967798674887,1.0532009270332063,0.009287006507394618
0.6403694343248695,1.0282130519612445,0.009363764260943624
0.6964806003258867,1.0010837765519145,0.009438881183104809
0.7335423103285045,0.9744779995461348,0.00951238028801041
0.7376987433488479,0.951257932036891,0.009584284589792675
0.6960623733583413,0.9329301465644445,0.009654617102583892
0.6088861062640979,0.9169873388102207,0.009723400840516302
0.5129045935404041,0.900182833075113,0.009790658817722148
0.45113228265193145,0.8798243884889576,0.009856414048333718
0.4546903328664234,0.856200713188359,0.00992068954648324
0.49490995314915665,0.8305980045078111,0.009983508326303004
0.5243747150730976,0.8044050811575655,0.01004489340192525
0.5026036432298485,0.7800529268569656,0.010104867787482225
0.4548958500914485,0.7605828678744758,0.010163454497106211
0.4428341958738298,0.7491143940685762,0.010220676544929443
0.5243407529582167,0.750361256301889,0.010276556945084205
0.6746739979003056,0.7706171452797532,0.010331118711702733
0.7917625721950379,0.8159311451013513,0.010384384858917283
0.771829222959531,0.8690006660460959,0.010436378400860138
0.5910784057842909,0.8733870655054135,0.010487122351663521
0.35203493917086537,0.7689477694239003,0.010536639725459724
0.1683096421623468,0.5321299687908566,0.01058495353638099
0.11223341215566211,0.0,0.010632086798559565
0.14277002103265315,0.0,0.010678062526127729
0.19959299350075563,0.0,0.01072290373321772
0.23187029141952073,0.0,0.010766633433961814
0.23596122418546034,0.0,0.010809274642492258
0.2228592364243118,0.0,0.010850850372941307
0.20318003225753245,0.0,0.01089138363944123
0.18396361120011656,0.0,0.010930897456124274
0.17029768300012116,0.0,0.010969414837122706
0.16692693862057573,0.0,0.01100695879656878
0.1720927034679087,0.0,0.011043552348594747
0.17801183328091236,0.0,0.011079218507332884
0.1767730547944981,0.0,0.011113980286915426
0.16655776362872346,0.0,0.011147860701474646
0.15507385113915692,0.0,0.011180882765142801
0.150851981153199,0.0,0.01121306949205214
0.1582677458455903,0.0,0.011244443896334933
0.1704087462059526,0.0,0.01127502899212342
0.1784639549727578,0.0,0.011304847793549882
0.17542356083861427,0.0,0.01133392331474656
0.16312952834866212,0.0,0.011362278569845716
0.1461384808895279,0.0,0.011389936572979611
0.12894498376476043,0.0,0.011416920338280501
0.11546377995348892,0.0,0.011443252879880642
0.10929625752100776,0.0,0.011468957211912297
0.11377315264935493,0.0,0.011494056348507717
0.12693044834313488,0.0,0.011518573303799165
0.1419470680312351,0.0,0.011542531091918898
0.15187921533962578,0.0,0.011565952726999177
0.15319863082656876,0.0,0.011588861223172254
0.14766433251232322,0.0,0.011611279594570385
0.13749036480329116,0.0,0.01163323085532584
0.12548685969356352,0.0,0.011654738019570867
0.1160658871700083,0.0,0.011675824101437719
0.11390585528140566,0.0,0.01169651211505867
0.12238169038449269,0.0,0.011716825074565966
0.13853479581805148,0.0,0.011736785994091867
0.15748567660430535,0.0,0.011756417887768631
0.17446814991405274,0.0,0.011775743769728524
0.1857534243066813,0.0,0.011794786654103792
0.18816763685901494,0.0,0.011813569555026696
0.17897412781917585,0.0,0.011832115486629494
0.1638436103651326,0.0,0.011850447463044448
0.15608399769944503,0.0,0.01186858849840382
0.16902721826209152,0.0,0.011886561606839851
0.20125071535127786,0.0,0.011904389802484813
0.22871940020281054,0.0,0.011922096099470965
0.22550873381908237,0.0,0.011939703511930555
0.1800786885351437,0.0,0.011957235053995848
0.11913081841192762,0.0,0.011974713739799102
0.07565129748890878,0.0,0.011992162583472568
0.07455353060489613,0.0,0.012009604599148516
0.10196779423514349,0.0,0.012027062800959188
0.13239194076625,0.0,0.012044560203036857
0.14291698599685987,0.0,0.012062119819513774
0.1340074481560814,0.0,0.012079764664522196
0.11850340491992592,0.0,0.012097517752194387
0.1089522980863016,0.0,0.012115402096662594
0.11013690381122945,0.0,0.012133440712059086
0.11985539505278306,0.0,0.012151656612516116
0.13563650572105063,0.0,0.01217007281216594
0.15384848122218722,0.0,0.012188712325140821
0.16909871677446162,0.0,0.01220759816557301
0.1758531405866373,0.0,0.012226753347594774
0.17149475060943406,0.0,0.01224620088533836
0.1610783984853216,0.0,0.01226596379293604
0.15090514306520053,0.0,0.012286065084520062
0.14596808997329144,0.0,0.01230652777422268
0.1450474178222144,0.0,0.012327374876176161
0.14508047043496208,0.0,0.01234862940451276
0.14306923006093036,0.0,0.012370314373364734
0.13659310715321663,0.0,0.012392452796864342
0.12353411947271394,0.0,0.012415067689143845
0.10229038744508999,0.0,0.012438182064335489
0.08093208656270907,0.0,0.012461818936571549
0.07614491730457149,0.0,0.01248600131998427
0.10479232483587203,0.0,0.012510752228705917
0.17691708512403498,0.0,0.012536094676868743
0.29231562163123825,0.0,0.012562051678605008
0.449929400052024,0.0,0.012588646248046972
0.6436246728451145,0.0,0.012615901399326885
0.8540630019245132,0.0,0.01264384014657702
1.0597858517532912,0.0,0.012672485503929621
1.2419624050396942,0.6847367563291082,0.012701860485516943
1.3941034081493373,1.036014897563461,0.012731988105471263
1.513339683614146,1.2051964808411657,0.012762891377924822
1.5970337787908053,1.2070187381436175,0.012794593317009884
1.644579105606708,1.1377046740658703,0.01282711693685871
1.6564224834938388,1.0913028471156634,0.01286048525160355
1.6331798878782187,1.1000954220384604,0.012894721275376672
1.5784369942100962,1.138643874794202,0.012929848022310318
1.4983989776324083,1.1794991614924415,0.012965888506536766
1.3994667498451454,1.2080443291558534,0.013002865742188265
1.2937408637304364,1.2299073012926673,0.013040802743397062
1.2017991179791663,1.2524955016060277,0.013079722524295435
1.1448886693822315,1.280344717074757,0.013119648099015625
1.1354090407340802,1.3101134781671784,0.0131606024816899
1.1629862854951516,1.3371215952791684,0.013202608686450517
1.2136324828131437,1.3576502678416695,0.013245689727429722
1.273802160155077,1.3727534200375198,0.013289868123254925
1.3320045272617027,1.3849632578912543,0.013335140022741184
1.3773447913227987,1.3965462878793984,0.01338146252488537
1.3987750104736782,1.4072825438862744,0.013428789573989833
1.3839184705171454,1.4155959561346818,0.01347707511435692
1.3197162856776887,1.4198467572523807,0.013526273090288997
1.194603813638674,1.4173906848528617,0.013576337446088388
1.0243731106936724,1.4046539221132122,0.013627222126057482
0.8487114464779978,1.3780957057053296,0.013678881074498614
0.7076898371732251,1.3383442046670249,0.013731268235714125
0.6193560470931029,1.2925391617537312,0.013784337554006397
0.5693270320073137,1.248381591064279,0.013838042973677746
0.5406370177743981,1.210569107389338,0.013892338439030564
0.5234097845045106,1.1756494824034716,0.013947177894367179
0.5258224196639985,1.138801385873635,0.014002515283989945
0.5588836065986187,1.0964609928134925,0.014058304552201221
0.6268391543388504,1.0512368058757293,0.014114499643303356
0.702881603410172,1.0076280134241018,0.01417105450159871
0.7512960251188063,0.9697944527431472,0.014227923071389634
0.7412531986672355,0.9387611330535446,0.01428505929697846
0.6837773068393301,0.9138607484982352,0.01434241712266758
0.6111589786664794,0.8943838948559055,0.014399950492759307
0.5550575813892815,0.8791154771608489,0.014457613351556023
0.5327945479620793,0.8663769972669714,0.01451535964336007
0.5492898221265978,0.8545519682724727,0.01457314331247379
0.6098778989173296,0.8467420156107687,0.014630918303199557
0.7620141756061766,0.8533446397909934,0.0146886385598397
1.114565178740358,0.8853695244600368,0.014746258026696595
1.780986552236443,0.9459034893606371,0.01480373064807258
2.7698069791063347,1.0167658435401068,0.014861010368270007
3.825211772665549,1.076244336476405,0.014918051131591243
4.650408162039847,1.1072649886575163,0.014974806882338619
5.02318728816034,1.1152636149549615,0.015031231564814514
5.059964455917748,1.1124949478442796,0.015087279123321267
4.973207228398356,1.1104473151600636,0.015142903502161222
4.956066332700682,1.113614819321974,0.015198058645636746
5.0382324658599345,1.1227542512708115,0.015252698498050176
5.167192838935502,1.1384891101453867,0.015306777003703888
5.291627150306977,1.1595367647813304,0.01536024810690022
5.392291167275517,1.182884876668124,0.01541306575194152
5.477413707819963,1.205477226451002,0.015465183883130158
5.55569842443229,1.225350979545228,0.015516556444768468
5.615239160164164,1.2422172210938596,0.01556713738115881
5.614378838029472,1.255929378677689,0.015616880636603546
5.509200167822065,1.266756220801661,0.015665740155405006
5.277619785842059,1.2760694387734945,0.01571366988186557
4.951975054535034,1.2854217535457175,0.015760623760287574
4.572941033846098,1.2951848105836543,0.01580655573497337
4.172212901226932,1.3000629923244258,0.015851419750225325
3.741173040042944,1.293062887014041,0.015895169750345772
3.2598962250749586,1.2695685085022084,0.01593775967963708
2.7151287148329546,1.2463486412356786,0.015979143482401603
2.14936164838666,1.251482268547853,0.01601927510294167
1.6328315984476067,1.3096704557670413,0.01605810848555966
1.2330992791163666,1.3790853023252088,0.016095597574557915
0.9676704636043533,1.3581161658982297,0.016131696136387003
0.8115978101914191,1.1448137645944012,0.016166349253838842
0.7387110947976334,0.7383068168578141,0.01619948958318072
0.7287730170247202,0.0,0.016231048823983272
0.770025889078372,0.0,0.016260958675817117
0.8513428162882667,0.0,0.0162891508382529
0.9542795063394816,0.0,0.016315557010861226
1.0423470372218753,0.0,0.01634010889321273
1.076324252702067,0.0,0.016362738184878035
1.0306265926492797,0.0,0.01638337658542777
0.940200813317454,0.0,0.016401955794432564
0.8567833393843274,0.0,0.01641840751146304
0.8246206893022786,0.0,0.016432663436089824
0.8261452919822353,0.0,0.016444655267883548
0.8133404281381524,0.0,0.016454314706414834
0.7406772027159196,0.0,0.0164615734512543
0.6088730923742348,0.0,0.016466363201972593
0.45748523155696175,0.0,0.016468615658140326
0.3268882981129892,0.0,0.016468262519328116
0.23902330630821414,0.0,0.01646523548510661
0.18974551291018,0.0,0.01645946625504642
0.17292582247013072,0.0,0.016450886528718178
0.17985767172566788,0.0,0.01643942800569251
0.19554593967302994,0.0,0.01642502238554004
0.20405448614324942,0.0,0.0164076013678314
0.1943245136622221,0.0,0.01638709665213721
0.17670450563901194,0.0,0.016363439938028097
0.16741451018754847,0.0,0.016336562925074696
0.1846674629860536,0.0,0.016306397312847616
0.26291936169089386,0.0,0.01627287480091751
0.44454483160034125,0.0,0.016235927088854973
0.766117622500947,0.0,0.01619548587623065
1.1655309177104354,0.0,0.016151482862615172
1.4986120184730298,0.0,0.01610384974757915
1.6212682879130726,0.0,0.01605251823069323
1.5088461020832729,0.7036648528261256,0.01599742001152802
1.3040420103890478,0.9498549650614256,0.01593848678965414
1.1618478024306884,1.0383481872991565,0.01587565026464225
1.1730276123802337,1.018697216250624,0.015808842136062946
1.2733019215212156,0.9597391902721968,0.01573799410348687
1.3754631191684554,0.92058853842985,0.015663037866484635
1.4088946345833284,0.9152628662701012,0.015583905124626873
1.374984109350475,0.9447142117937953,0.01550052757748423
1.2946480555385524,1.0047963503843211,0.015412836924627296
1.1866823119973058,1.0472177241106573,0.015320764865626734
1.0528050553551078,1.0010481315775708,0.015224243100053136
0.886495017868464,0.800585061614722,0.015123203327477144
0.6827450186776378,0.47867352872390634,0.015017577247469403
0.46256066049118527,0.0,0.014907296559600505
0.2683690110739079,0.0,0.014792292963441117
0.14259598293732625,0.0,0.014672498158561814
0.09872295741207117,0.0,0.014547843844533254
0.11007645118134539,0.0,0.014418261720926057
0.1470435496299744,0.0,0.014283683487310904
0.18518335506380704,0.0,0.014144040843258317
0.2124080026083155,0.0,0.013999265488338977
0.2184349000339186,0.0,0.013849292324293638
0.19723428637437307,0.0,0.013694199949740157
0.16102671011710548,0.0,0.013534265574729892
0.12692727472075485,0.0,0.013369780956295072
0.10984875373770146,0.0,0.013201037851468105
0.10718727763983886,0.0,0.013028328017281323
0.10797522879335857,0.0,0.012851943210767082
0.10243805075679668,0.0,0.012672175188957788
0.10114654987067151,0.0,0.012489315708885661
0.13126194050936252,0.0,0.012303656527583102
0.21959629273418452,0.0,0.012115489402082465
0.3561198089751484,0.0,0.011925106089416094
0.4801959483429816,0.0,0.0117327983466164
0.5277228266719677,0.0,0.011538857930715591
0.492739559410525,0.0,0.01134357659874608
0.5066848641755843,0.0,0.011147246107740216
0.7208400535967134,0.0,0.010950158214730341
1.2224968129567884,0.0,0.010752604676748871
1.8274211297949159,0.0,0.010554877250828015
2.279371958909999,0.0,0.010357267694000182
2.356533731104685,0.665787448809406,0.010160067763297718
2.1075706785918755,1.0665916309426438,0.009963569215752976
1.7089551592014833,1.2920740092920868,0.009768063808398363
1.3323589274431396,1.323818661163472,0.009573843298266086
1.0599842287628718,1.257105219889579,0.009381199442388561
0.9017906332976194,1.1900114352863567,0.009190423997798134
0.864679440768847,1.17739031397131,0.00900180872152715
0.9125941702037178,1.2117647447401203,0.008815645370608019
0.9510522250108476,1.2807585842702967,0.008632225702072954
0.881609729359864,1.3542216370703997,0.00845184147295437
0.6638067611131987,1.3577526649269231,0.008274784440284608
0.392767162112082,1.210179309154349,0.008101346361096013
0.18296351457545051,0.8650139470167937,0.007931818992420995
0.11880230736820323,0.43128960323545135,0.0077664940912917715
0.1585395548041336,0.0,0.007605663414740755
0.2273508149896427,0.0,0.00744961871980029
0.2583544177796945,0.0,0.007298651763502717
0.2463187707416453,0.0,0.007153054302880438
0.21484089535585255,0.0,0.0070131180949656894
0.18718949237885174,0.0,0.006879134896790873
0.17883362526024976,0.0,0.006751396465388333
0.1990061858275602,0.0,0.006630194557790415
0.25658929793854807,0.0,0.0065158209310295
0.35302098383421904,0.0,0.006408567342137858
0.47971438735175986,0.0,0.006308725548147872
0.6273942759334415,0.0,0.006216587306091889
0.7914418571338501,0.0,0.006132444373002254
0.9780118750229562,0.0,0.006056588505911337
1.1947783027740406,0.0,0.005989311461851428
1.442056280857526,0.7508710835069119,0.0059309049978549045
1.6896305590651235,1.1091467996503512,0.00588165609515033
1.8993694162930128,1.2535281641401275,0.005841652447131612
2.033383927942892,1.2239814193406922,0.005810714692873609
2.0556470094386454,1.1511256561303012,0.005788644777304161
1.9309931488165342,1.158213917826055,0.005775244645351087
1.6303074007958065,1.2317859388435404,0.0057703162419422286
1.218877050601133,1.2436840754836644,0.005773661512005421
0.8367285819497421,1.0647101728498785,0.005785082400468498
0.623338840425292,0.6846840602794811,0.005804380852259288
0.6111048736884953,0.0,0.005831358812305635
0.6896398674028135,0.0,0.00586581822553537
0.7388496901630075,0.0,0.005907561036876326
0.6900078900262894,0.0,0.005956389191256338
0.5919876856137309,0.0,0.006012104633603219
0.5100485138930173,0.0,0.006074509308844838
0.498003305885761,0.0,0.0061434051619090185
0.5627070898069734,0.0,0.006218594137723589
0.6989749887692053,0.0,0.006299878181216388
0.8972148796408065,0.5213125400656695,0.006387059237315211
1.1144476840654651,0.8370952738422132,0.00647993925094796
1.2924053422469395,1.0046064160599069,0.006578320167042435
1.3763466091663281,1.010597451555711,0.006682003930526473
1.3669970738881096,0.9378240528105825,0.006790792486327907
1.3085653386267613,0.871022127131901,0.00690448777937453
1.2461286417145605,0.8517750159408151,0.007022891754594257
1.2128193212127567,0.8612674623897543,0.0071458063569148815
1.2259986187618839,0.8762045375768512,0.0072730335312642365
1.301839507909526,0.8811211391038166,0.0074043752225701615
1.431889581683881,0.8794316902138422,0.007539633375760434
1.5519113033756817,0.8773390249985197,0.0076786099357629934
1.5899866958488031,0.8797469867295521,0.007821106847505616
1.5207843038578772,0.885928640025683,0.007966926055916148
1.5079496514987176,0.893631705921633,0.008115869505922408
1.7630394899795527,0.9009213506410765,0.008267739142452189
2.447951621162161,0.9084155461168584,0.008422336910433429
3.352914661235489,0.9179625486896451,0.008579464754793906
4.0997334969533705,0.9312820641067915,0.008738924620461455
4.332957441233492,0.9478326785901833,0.008900518452363913
4.054421156365517,0.9652129035446669,0.009064048195429051
3.5433034317723484,0.9809896608601668,0.009229315794584825
3.0823003504583433,0.9938001608560117,0.009396123194759009
2.8061633066787466,1.003764859630443,0.009564272340879431
2.656229016576121,1.0111129745477998,0.009733565177873934
2.5608521449761947,1.0159868262682288,0.009903803650670288
2.4632406024648072,1.0183214232855309,0.010074789704196447
2.3398976513643426,1.0180215157920591,0.010246325283380184
2.1718558785618827,1.014354717754202,0.010418212333149334
1.9463938052670522,1.0038577630644334,0.010590252798431734
1.6758429209634178,0.9823358671430518,0.010762248624155155
1.3788153128820602,0.9466294056409456,0.01093400175524755
1.0757169109678837,0.9018012003468139,0.011105314136636698
0.8002185991484222,0.8568357210426947,0.01127598771325043
0.5919395244947196,0.82044555292182,0.011445825230492155
0.4873603972303351,0.7965125887304437,0.011614660480603318
0.47568913326762324,0.7849837157153474,0.01178236754536458
0.5097982530078574,0.7856409213847239,0.011948823195013497
0.5423122409855664,0.7960453130502934,0.012113904199787686
0.5522173428434355,0.8107105740017283,0.012277487329924775
0.5526252219500807,0.8239353403051655,0.012439449355662317
0.5588727419215103,0.8316345021404753,0.012599667047238064
0.5773176691010179,0.8335381843813761,0.012758017174889566
0.5944005362234781,0.8299267916863359,0.012914376508854445
0.5938848794691836,0.8216208152726142,0.013068621819370334
0.5666563269100637,0.8117297322731232,0.013220629876674784
0.5318481759554672,0.8039693183519957,0.013370277451005531
0.5155959743410746,0.8013782860027583,0.013517441312600145
0.5393015552310436,0.8016826537184696,0.013661998231696244
0.5897808446812636,0.8001008577410127,0.013803824978531453
0.6385031054947576,0.7921608068197431,0.01394279832334333
0.6598140379126604,0.7786013291580652,0.014078795036369614
0.671386996046643,0.7643644254900297,0.01421169188784786
0.7238711749187979,0.7544673452503357,0.014341365648015698
0.8673034754058313,0.7520073892286201,0.014467693087110751
1.0974222595583005,0.7574733263844439,0.01459055097537059
1.3403661015809885,0.7711571971497875,0.014709816083032928
1.5178828698076459,0.7906143885176503,0.014825365180335334
1.5847877996839819,0.8070084002628864,0.014937075037515438
1.5684795365026591,0.8105917242468629,0.015044822424810856
1.505995273207101,0.7965000120486787,0.015148484112459178
1.4253501741146628,0.78033295307702,0.01524793687069809
1.3191765460752551,0.7830500927304006,0.015343057469765182
1.171433863564077,0.8188027823780644,0.01543372267989808
0.9734004497307769,0.8489679000710743,0.015519809271334391
0.7691904672845116,0.8102715791972904,0.015601194014311716
0.6261169254692269,0.6447839540555022,0.015677753679067735
0.6060235076579259,0.0,0.015749365035840037
0.6900370526319534,0.0,0.015815904854866242
0.798456319585701,0.0,0.015877249906383974
0.8517458562989121,0.0,0.01593327696063083
0.8315406463478958,0.0,0.01598386278784448
0.7971147163615275,0.0,0.016028884158262514
0.8125661019442494,0.0,0.016068217842122555
0.9071125821654982,0.0,0.01610174060966223
1.034207379479597,0.0,0.01612933176065323
1.137363826680326,0.0,0.01615096335951448
1.173817167521223,0.0,0.01616672484786583
1.1540156547521025,0.0,0.016176713204984646
1.1013048316818037,0.0,0.016181025410148327
1.039730310952919,0.0,0.01617975844263425
0.9983314734592565,0.0,0.016173009281719823
1.0083173103412448,0.0,0.01616087490668242
1.0955485656995427,0.0,0.016143452296799424
1.2093665895581716,0.0,0.01612083843134824
1.2420151509739803,0.0,0.01609313028960625
1.0874627735778712,0.0,0.016060424850850828
0.7514339195085501,0.0,0.01602281909435937
0.38010589669669836,0.0,0.015980409999409265
0.12815208032766692,0.0,0.015933294545277903
0.07280479387176969,0.0,0.01588156971124269
0.12483496718651335,0.0,0.015825332476580977
0.1734383252505267,0.0,0.015764679820570164
0.15314867619230438,0.0,0.015699708722487646
0.17235283956000697,0.0,0.01563051616161081
0.3811029664102005,0.0,0.015557199117217067
0.8966403131848214,0.0,0.015479854568583756
1.6049361110119233,0.0,0.01539857949498829
2.2925399838172322,0.0,0.01531347087570805
2.7579021915351585,0.4683054580989187,0.015224625690020433
2.9724209664275385,0.7957164905716744,0.015132140917202858
3.035275119466956,1.0000186099693618,0.015036113536532648
3.0474335237881576,1.041756354739492,0.014936640527287218
3.0673516134656387,0.9929976947121809,0.014833818868743963
3.1005782155991137,0.9333093153519806,0.014727745540180262
3.149219035664671,0.9137014118598832,0.014618517520873555
3.192757381518486,0.9205663814631537,0.01450623179010114
3.1625545321860575,0.931411489610467,0.014390985327140445
2.9838102359683853,0.9289390525262909,0.014272875111268863
2.614814806703053,0.9168996916124417,0.014151998121763775
2.1393288354151037,0.9043739925688795,0.014028451337902627
1.670846310845956,0.8992689708833919,0.013902331738962702
1.3109771835568294,0.9007194346867936,0.013773736304221447
1.0785578806830398,0.9038894716939928,0.013642762012956236
0.9572158480864136,0.9041624234220423,0.013509505844444466
0.9291902951774434,0.9005348438553369,0.013374064777963567
0.9592540502346992,0.8948051074610484,0.013236535792790839
0.9994022520740026,0.8888185955164883,0.013097015868203707
1.0024888240367904,0.8833878488994864,0.012955601983479562
0.9612317188289028,0.8779765515088396,0.012812391117895804
0.9174725707940823,0.8719600756475931,0.012667480250729857
0.9159194590802857,0.8652651369450851,0.01252096636125901
0.9745655022064779,0.8590529677522007,0.012372946428760708
1.055165809796486,0.8546525221997385,0.012223517432512333
1.1123620848023044,0.8531925824402741,0.01207277785337696
1.1151639932571695,0.854999987084787,0.011920877766026053
1.086451781430789,0.8602007744595745,0.011768030589080521
1.0617287733793432,0.8686978444694974,0.011614453623831556
1.0702698552373096,0.8787461704703211,0.011460364171570304
1.0984807923407929,0.8878625918488536,0.011305979533587909
1.1147247285493025,0.8936641570189938,0.01115151701117557
1.0898604854279799,0.8953132919964655,0.010997193905624323
1.0297369817268331,0.8931589999474606,0.010843227518225366
0.9655480778716543,0.8875851497632271,0.01068983515026984
0.9284462821268087,0.8791495031755578,0.0105372341030489
0.9289746561994174,0.8686346901907963,0.010385641677853734
0.9525282134942747,0.85683970857444,0.010235275175975386
0.98299110758235,0.8448598397454534,0.01008635189870505
1.006754198648701,0.8344468389689734,0.00993908914733387
1.0154305772907062,0.8274405820968794,0.009793704223152995
1.001285921957772,0.8250872615916052,0.009650414427453567
0.9608880285654966,0.8262812248819854,0.009509437061526778
0.9067547069944181,0.8293345252245365,0.009370989426663675
0.8550993523447675,0.8323230439718411,0.009235288824155455
0.8191388821886084,0.8315993309102143,0.009102552555293256
0.7917091842828052,0.8227521074870849,0.008972997921368226
0.7571589030036653,0.8022381928497446,0.00884684222367156
0.7011104488172398,0.7793138129331265,0.008724302763494302
0.6267351998451954,0.7729663174610475,0.00860559684212765
0.5497906319867801,0.8014777570516326,0.008490941760862744
0.48652911946391403,0.8474167253422858,0.00838055482099073
0.4605191554414778,0.847622481939807,0.008274653323802792
0.5041691677245542,0.7361916906924165,0.008173454570589994
0.65016602262205,0.4957965165278316,0.008077175862643525
0.8932758290799864,0.0,0.007986034501254525
1.150081465485478,0.0,0.00790024778771414
1.3275164727443043,0.0,0.007820033023313541
1.356563985099298,0.0,0.007745607509343815
1.256375309208856,0.0,0.00767718854709614
1.0663012661958475,0.0,0.007614993437861658
0.8263082726115547,0.0,0.007559239482931513
0.5805005641620152,0.0,0.007510143983596869
0.3746872412058126,0.0,0.007467924241148828
0.2526966631976754,0.0,0.007432797556878561
0.23196211951145346,0.0,0.007404981232077208
0.31117333192551466,0.0,0.007384692568035916
0.48866340280673004,0.0,0.007372148866045832
0.7641546231439154,0.0,0.007367567427398091
1.1390314019124779,0.0,0.0073711655533838455
1.6144409727747948,0.0,0.0073831605452942374
2.142748002390686,0.6162527789749244,0.007403769704420413
2.576778394049044,0.8516858650528827,0.007433210332053501
2.75722500354602,0.9286709500337778,0.0074716997294846715
2.597517375568269,0.893592520120289,0.007519455198005057
2.2747705407143592,0.824389008274386,0.007576694038905808
2.025833365913513,0.7899900812251925,0.0076436335534780615
2.044204971569953,0.795145529904977,0.0077204910430129356
2.23542273746478,0.8167527366235593,0.00780748380880163
2.387636116205986,0.8327004167129153,0.007904829152135267
2.305064907992205,0.8366261077581449,0.008012727736338496
2.007015353256711,0.8339064819761065,0.008130847702355316
1.6640205081920958,0.8301181733213966,0.008258225110593629
1.4460586286355723,0.8279313154026094,0.008393859288328908
1.405157724560639,0.8263670401875822,0.008536749562836508
1.4536016323284862,0.8242163527939428,0.008685895261391817
1.495856515147785,0.8205223804855959,0.008840295711270226
1.475516096969356,0.814869589117453,0.008998950239747068
1.4151888527391483,0.806912518891143,0.009160858174097843
1.3469979099944722,0.7968299266203357,0.009325018841597893
1.296258609338577,0.7868083159779424,0.009490431569522605
1.2638817369305213,0.7795147866148893,0.009656095685147373
1.2453115950504194,0.7770205715706364,0.009821010515747523
1.23685285366508,0.7772022332625068,0.009984175388598568
1.2404584501006528,0.7761351046393924,0.010144589630975838
1.2603593886487061,0.7703218343253214,0.010301252570154728
1.3006660535794738,0.7623686685353612,0.01045316353341062
1.3638490564787251,0.7593866663135622,0.01059932184801886
1.4512374927012477,0.7683782290748957,0.010738726841254945
1.5633935540242552,0.788797759776723,0.01087037784039421
1.677639293586924,0.8107162777550896,0.010993274172712038
1.7440315078379998,0.823646549141256,0.011106415165483833
1.711372074345587,0.8219293314533066,0.011208800145984946
1.5688520379878301,0.8101639858827606,0.011299428441490837
1.3863849931502037,0.7942617092942883,0.011377299379276859
1.2434840383943593,0.7794637099871959,0.011441412286618408
1.1948563169657378,0.7684738286948305,0.011490766490790873
1.2072749244098995,0.7633953335568757,0.01152436131906963
1.228037172714634,0.7656922646399839,0.0115411960987301
1.2121276910269514,0.7723820210535288,0.01154027015704766
1.1644080063411035,0.7785926927657514,0.011520582821297698
1.109642052909364,0.7796753517327584,0.011481133418755599
1.070641811206857,0.7741657251679382,0.011420921276696786
1.0446937647203014,0.7629268434548463,0.011338984232656436
1.0114909252187034,0.7469445433652719,0.011235542573561243
0.9514828031403846,0.7296129560509982,0.011112191969933391
0.8789540330666984,0.7172907950431264,0.010970605465938508
0.8474968338250731,0.7164859364276647,0.010812456105742281
0.9124823150355099,0.7282379533095411,0.010639416933510224
1.0738975051667605,0.7420878129562523,0.010453160993408029
1.2221759516270154,0.7461239746414513,0.010255361329601316
1.2348856717768812,0.7339053820448079,0.01004769098625572
1.037699829936243,0.7194771980693131,0.009831823007536942
0.7249209075448599,0.721679200496509,0.009609430437610464
0.4277805168555162,0.7522955013747753,0.009382186320641984
0.2595563739198234,0.7746088983735147,0.009151763700797138
0.2183965635371885,0.7315122134862705,0.008919835622241551
0.2569984734799158,0.5719495584253865,0.008688075129140937
0.3283424010563431,0.0,0.00845815526566076
0.39035957196729393,0.0,0.008231749075966726
0.4043598293012383,0.0,0.00801052960422447
0.33436837064423364,0.0,0.0077961698945996204
0.22398557902260818,0.0,0.007590342991257878
0.20835491860344138,0.0,0.007394721938364725
0.4267826138407165,0.0,0.007210979780085862
0.9069969339576778,0.0,0.007040789560586923
1.4582834681973913,0.0,0.006885793679655143
1.8645921215524726,0.0,0.006746720041096001
1.9811107009580182,0.515444724353828,0.006623247734648135
1.9099705219174434,0.759397128255771,0.006514998183801557
1.8067752112357052,0.864018033954975,0.0064215928120462205
1.7984433129088824,0.8516920807079739,0.0063426530428720785
1.8300915174139156,0.7933331790956227,0.006277800299769105
1.7758311249992653,0.7560701668889326,0.006226656006227213
1.5236511498796959,0.7539426770351384,0.006188841585736382
1.1354717675310406,0.7629551020178417,0.006163978461786563
0.7907301877088733,0.758849730567381,0.006151688057867712
0.6661622350160462,0.7361206696148158,0.006151591797469783
0.7938650611254159,0.7118957682138333,0.006163311104082732
1.0411677449794292,0.7045807480526336,0.006186467401196512
1.2669372326296602,0.7215712072012743,0.006220682112301081
1.3897837478437192,0.7475877326224672,0.006265576660886391
1.4440812557810845,0.7645560558208795,0.006320772470442378
1.477464374962418,0.7617618769256278,0.006385890964459034
1.514447780296954,0.755440989671526,0.006460553566426298
1.5002918130445548,0.7679960938296632,0.006544381699834122
1.3632881887419601,0.8134744056595374,0.006636996788172463
1.0534243576176268,0.8498312350757764,0.006738020254931236
0.6565942362841083,0.8119371450853615,0.006847073523600472
0.31120452323105824,0.6416096528202521,0.0069637780176700845
0.14460304962354364,0.0,0.007087755160630033
0.14765236542488805,0.0,0.007218626375970272
0.21991387302801949,0.0,0.007356013087180708
0.2614637921301459,0.0,0.0074995367177513855
0.2355887102789701,0.0,0.00764881869117222
0.17688006904777367,0.0,0.0078034804309331605
0.12362343927495219,0.0,0.007963143360524168
0.10006626928009717,0.0,0.008127428903435133
0.10353300982905819,0.0,0.008295958483156127
0.12830158735068514,0.0,0.00846835352317705
0.16638903824125986,0.0,0.008644235446987855
0.20214813432615553,0.0,0.008823225678078495
0.2183091531109792,0.0,0.009004945639938863
0.20185695149507063,0.0,0.009189016756059041
0.16611879360215207,0.0,0.00937506044992892
0.13449136631426942,0.0,0.009562698145038453
0.12848711348026842,0.0,0.0097515512648776
0.14667056228640452,0.0,0.009941241232936243
0.17240788763432802,0.0,0.010131389472704472
0.18912415870046745,0.0,0.010321617407672177
0.189603488130758,0.0,0.010511546461329313
0.17708454617086003,0.0,0.01070079805716583
0.15538722238768632,0.0,0.010888993618671622
0.13176825891035188,0.0,0.011075754569336772
0.12000837674099216,0.0,0.011260702332651171
0.13461584215570324,0.0,0.011443458332104773
0.1821641699713947,0.0,0.011623643991187536
0.2426267021517071,0.0,0.011800880733389342
0.2904089925339488,0.0,0.011974789982200282
0.3046489998832007,0.0,0.012144993161110246
0.2934463156852252,0.0,0.012311111693609184
0.2758524118422407,0.0,0.012472767003187054
0.2692256993120038,0.0,0.012629580513333755
0.2705586563877996,0.0,0.012781173647539354
0.2634896157238141,0.0,0.01292716782929375
0.2320874452775049,0.0,0.013067191942300662
0.1788398033167767,0.0,0.013201082135290379
0.1266085163155531,0.0,0.013328903825715136
0.09918106924553945,0.0,0.013450734306028611
0.10638887038243798,0.0,0.01356665086868463
0.1318417659286971,0.0,0.013676730806136865
0.15625777628023346,0.0,0.01378105141083904
0.16593327381894796,0.0,0.013879689975244885
0.16565828070347924,0.0,0.013972723791808087
0.16405020875070936,0.0,0.01406023015298244
0.16838071029300336,0.0,0.01414228635122163
0.17778077227717454,0.0,0.014218969678979392
0.18833605117306568,0.0,0.014290357428709445
0.1961525469180215,0.0,0.014356526892865493
0.1976369394099416,0.0,0.014417555363901302
0.18939110435640344,0.0,0.014473520134270577
0.168286116309008,0.0,0.014524498496427047
0.13844108306663802,0.0,0.014570567742824432
0.11191445635937948,0.0,0.01461180516591644
0.1010933527811252,0.0,0.014648288058156841
0.11047954358037794,0.0,0.014680093711999328
0.12991035179642768,0.0,0.014707299419897625
0.14762631668913484,0.0,0.014729982474305472
0.1549613929762885,0.0,0.014748220167676575
0.15339159732156135,0.0,0.014762089792464681
0.1464682619587886,0.0,0.0147716686411235
0.13785639745456638,0.0,0.014777034006106764
0.13190073461307084,0.0,0.014778263179868188
0.1331975436006675,0.0,0.014775433454861507
0.14561438543688607,0.0,0.014768622123540442
0.16458651201059096,0.0,0.01475790647835872
0.18012963717943653,0.0,0.014743363811770062
0.18245632541327503,0.0,0.0147250714162282
0.16943643978280104,0.0,0.014703106584186856
0.14724574227318815,0.0,0.01467754660809975
0.1224760604516498,0.0,0.014648468780420606
0.10170155766838579,0.0,0.01461595039360316
0.09146388140649442,0.0,0.014580068740101128
0.09829990556325004,0.0,0.014540901112368249
0.12425581838411458,0.0,0.014498524802858223
0.1568172555036239,0.0,0.014453017104024793
0.18052401110209199,0.0,0.01440445530832167
0.18305219192652858,0.0,0.014352916708202594
0.17061494445882042,0.0,0.014298478596121302
0.15621135097266858,0.0,0.014241218264531482
0.15186086338643484,0.0,0.014181213005886883
0.15829001386095667,0.0,0.01411854011264122
0.1690396660293956,0.0,0.014053276877248222
0.1776392644980347,0.0,0.01398550059216164
0.18034673432246978,0.0,0.013915288549835154
0.17635075467721464,0.0,0.013842718042722505
0.1650167244949963,0.0,0.01376786636327742
0.14884372205657645,0.0,0.013690810803953632
0.13604058108237943,0.0,0.013611628657204888
0.13542104230425728,0.0,0.013530397215484857
0.15132595203869884,0.0,0.013447193771247284
0.1737532514314388,0.0,0.01336209561694591
0.18983183360530112,0.0,0.013275180045034453
0.18904039878233975,0.0,0.013186524347966662
0.17458636655309326,0.0,0.013096205818196212
0.15464863327368664,0.0,0.01300430174817685
0.13691852015366077,0.0,0.012910889430362303
0.12352158082689764,0.0,0.012816046157206292
0.11307725082119963,0.0,0.012719849221162592
0.10433269393080305,0.0,0.012622375914684838
0.10073771792622757,0.0,0.012523703530226808
0.110744190325375,0.0,0.01242390936024222
0.14292534739176993,0.0,0.012323070697184791
0.19448670451242023,0.0,0.01222126483350829
0.24213139443178752,0.0,0.012118569061666367
0.26041705854227354,0.0,0.01201506067411279
0.23496038874738537,0.0,0.011910816963301275
0.18644969895898084,0.0,0.011805915221685552
0.142509493990055,0.0,0.011700432741719382
0.12592493401557717,0.0,0.011594446815856415
0.13153199557182133,0.0,0.011488034736550416
0.144155066883847,0.0,0.011381273796255104
0.14973228186153967,0.0,0.011274241287424212
0.14671289240866256,0.0,0.011167014502511495
0.14134864341352907,0.0,0.011059670733970602
0.1398086966382961,0.0,0.010952287274255306
0.14317538650493206,0.0,0.010844941415819325
0.14717304803715991,0.0,0.010737710451116383
0.14726936061828974,0.0,0.010630671672600244
0.13881141721579324,0.0,0.010523902372724556
0.11693103103962584,0.0,0.010417479843943086
0.07674420382637423,0.0,0.010311481378709556
0.028417092017736626,0.0,0.010205984269477691
0.029319429317506907,0.0,0.010101065808701253
0.14605090628984274,0.0,0.009996803288833893
0.42580818658445685,0.0,0.009893274002329373
0.8050122198411201,0.0,0.009790555241641423
1.1808330779235272,0.0,0.009688724299223756
1.457160536284211,0.48114069521252983,0.009587858467530146
1.6120253884008862,0.800324002222986,0.009488035039014237
1.6692332601070063,0.9969237474543272,0.009389331306129794
1.6539641719859501,1.0436110993972774,0.00929182456133054
1.6087596828110282,1.0132903986688462,0.009195592097070205
1.594270302747439,0.9837394665339321,0.00910071120580254
1.6714047518250377,0.9995882083344569,0.009007259179981209
1.8491559438249046,1.043254201708416,0.008915313312059968
2.0447714356216924,1.090301789850609,0.008824950894492539
2.1661466509605587,1.1224206754017088,0.008736249219732652
2.1681412561400957,1.141583596425469,0.008649285580234064
2.151296202023599,1.1539559365981424,0.008564137268450431
2.244315700086934,1.165312971956733,0.008480881576835514
2.5436535091091885,1.1790730908069709,0.008399595797843037
2.963746839955214,1.1977740127254735,0.008320357223926728
3.355238998038157,1.2236035164970758,0.008243243147540331
3.5818155134710272,1.2546705646268996,0.008168330861137527
3.6489312307330035,1.286439054733551,0.00809569765717206
3.6486925713891702,1.3144258723569724,0.008025422295050976
3.6718682481463847,1.336805398396574,0.007957619364273855
3.746274496414274,1.3546599388094662,0.007892440485604574
3.8347044302143747,1.3692160580211075,0.007830038987076503
3.8974256341613907,1.381323201786388,0.007770568196723071
3.934667597526148,1.391130250416838,0.007714181442577685
4.016566070577255,1.3987099737708428,0.007661032052673755
4.220268589551447,1.404561112842391,0.007611273355044706
4.550473104160709,1.4105773419681227,0.0075650586777239156
4.789607215183488,1.4189374281594236,0.007522541348744811
4.677616057577891,1.4306422741100375,0.007483874696140794
4.038822027015199,1.4396586479196454,0.007449212047945283
3.1683163599401274,1.4373532493077412,0.007418706732191689
2.5243947922587306,1.416214468430567,0.007392512076913407
2.5190123057915463,1.3817325526555375,0.007370781410143848
3.06793204385922,1.3477452572785276,0.007353668059916429
3.786679719330875,1.3277911479808986,0.007341325354264559
4.295813446893394,1.323755876317676,0.007333906621221645
4.436686871913113,1.3248983329398245,0.007331565188821087
4.276490847200002,1.319902541310831,0.007334454385096306
3.89266100601276,1.3031357967490527,0.007342727538080706
3.3644507740947542,1.2794156209619667,0.007356537975807696
2.774261363439789,1.2546818365224273,0.00737603902631068
2.2047985825147376,1.2340567953679487,0.00740138401762308
1.7244083550671023,1.2200154267863261,0.007432726277778293
1.3578640960598143,1.2144976905360156,0.007470219134809737
1.121705727346556,1.2187150242415377,0.007514015916750815
1.0243072842913779,1.2295782800138197,0.00756426995163492
1.0290026494917166,1.2424257961010734,0.007621134567495496
1.0836812345334799,1.252953364940793,0.007684763092365934
1.1387407526927555,1.2609558336130906,0.007755308854279642
1.171137581080544,1.2688334818570675,0.007832925181270033
1.1737368924384375,1.2789377354344984,0.007917765401370482
1.1403260117030154,1.2912473061780219,0.008009982842614456
1.0813341819475109,1.3031949530738132,0.008109708871036708
1.024046822560806,1.3121019250282782,0.00821655847677574
0.9962486556616311,1.316619252395544,0.008329623945690812
1.0056705302757403,1.3178182710024178,0.008447974335907039
1.025667261306227,1.3170269013849354,0.008570678705549674
1.0262291931119547,1.3152672574425641,0.008696806112743831
0.9977720957625839,1.3125820037701916,0.008825425615614679
0.992011058224549,1.3088181204661642,0.00895560627228738
1.072112730841189,1.3033023985706664,0.009086417140887044
1.2879941064144775,1.2923261749087978,0.009216927279538926
1.6173247895132905,1.2710828534148035,0.009346205746368151
2.013270392955959,1.2355108399612935,0.00947332159949987
2.4287304478045257,1.1899394408638004,0.009597343897059253
2.814045337183894,1.1439780940688005,0.009717341697171417
3.118037914795268,1.1070929259044322,0.009832384057961609
3.2898969751815703,1.0829496846896294,0.009941540037554953
3.2877342790234927,1.0690508715830973,0.010043878694076604
3.078611432364385,1.0626190443644947,0.010138469085651728
2.630997865236473,1.0625822066847133,0.010224380270405488
1.9922739214475484,1.0709408945694383,0.010300681306463017
1.3437248895723282,1.0900162588891344,0.010366441251949535
0.8795651650169133,1.1192601783555967,0.010420729164990176
0.7152442463578828,1.149035931340495,0.010462614103710098
0.732410186965413,1.1679115027723184,0.01049116512623447
0.7695305445472563,1.1668616115936166,0.010505451290688443
0.7008609512510171,1.1507437479426763,0.010504541655197198
0.593579735782339,1.1293825366944248,0.01048750527788588
0.5795843062574659,1.1118913992187929,0.010453411216879663
0.7738531040347617,1.099426756445411,0.010401381730349582
1.1173383504189438,1.0881880073414307,0.010331751861030403
1.4488367660540347,1.0749964002980903,0.010246063457321956
1.6117881554767897,1.074271013184003,0.010145910371881143
1.5846858722937762,1.1189475281410237,0.01003288645736484
1.4801646973129898,1.2419796595216654,0.009908585566429937
1.4158940032280054,1.3982010959339668,0.009774601551733365
1.454807320391511,1.4031313198867674,0.009632528265931903
1.5678909293199528,1.0579638144475667,0.009483959561682489
1.7173275937424113,0.0,0.009330489291641998
1.8642435816614609,0.0,0.009173711308467315
1.9666633217012355,0.0,0.009015219464815384
1.9820448926866168,1.2329755413891754,0.008856607613342964
1.8816010456106764,0.0,0.008699469606707
1.7098487548662475,0.0,0.008545399297564375
1.535627328127692,0.0,0.00839599053857197
1.4191136907859825,2.5266665213014132,0.008252837182386712
1.3326248894622692,0.7155660609197408,0.008117533081665391
1.197423049385612,0.0,0.007991672089064934
0.9413640024046056,0.0,0.007876848057242227
0.6536068607890084,0.0,0.007774654838854151
0.5819646117522435,0.0,0.007686686286557616
0.9780455049326104,0.0,0.007614536253009441
1.8815309130160112,0.0,0.007559750472130541
2.9796780726953576,0.0,0.007522804911614299
3.926535335178687,0.0,0.007503125914593352
4.471735091024196,0.6676389502708611,0.007500095734253903
4.642485294919638,0.9962746013102398,0.007513096623782167
4.516097057962546,1.1223365597078239,0.007541510836364363
4.1736037764429055,1.0859225512757937,0.007584720625186704
3.7156511312493357,0.9916209713142187,0.0076421082434354
3.249320931131989,0.936653072574117,0.007713055944296647
2.874716019476617,0.9379497519981924,0.007796945980956699
2.622160242896607,0.9634199370709432,0.007893160606601753
2.4818384813443974,0.9810976884145136,0.008001082074418022
2.4423705174958217,0.9791292128553483,0.008120092637591718
2.4685715340116734,0.9664127228441028,0.008249574549309009
2.5020710910867265,0.9527502147948764,0.0083889100627562
2.484012631251746,0.9436831642583903,0.00853748143111946
2.3892462420871987,0.9373080926176149,0.008694670907585007
2.248111788268459,0.9309721614784967,0.00885986074533905
2.0961128178673603,0.9230749150316033,0.009032433197567741
1.9588427566644597,0.9152407409789124,0.009211770517457417
1.833429030267406,0.909709640882978,0.009397254958194233
1.711919553759012,0.908260349991022,0.009588268772964401
1.591021273346408,0.9101011966590884,0.00978419421495414
1.4917105737670546,0.9135504481081442,0.009984413537349584
1.4428409978222183,0.9170007741819816,0.010188308993337097
1.4679373763579988,0.9196468547548552,0.010395262836102816
1.5379199228198868,0.9211681306377312,0.010604657318832958
1.5937548931382453,0.9212560482901253,0.010815874694713738
1.5784756145179184,0.9197282082311049,0.011028297216931292
1.4871945915832172,0.9165311110481915,0.011241307138671984
1.3652553603880948,0.9116268286191753,0.011454286713121957
1.2597440648974536,0.9057794735067438,0.011666618193467418
1.1969213386270232,0.9011405125032232,0.011877683832894585
1.1691074865856963,0.8999987021862439,0.012086865884589605
1.165500257788101,0.9035868398766934,0.012293546601738828
1.175446843605941,0.9099373625520193,0.0124971082375284
1.1887190355057375,0.916478701007162,0.012696933045144531
1.195163524635789,0.9210302305380342,0.01289240327777344
1.1862766385135042,0.9235650016303846,0.01308290118860127
1.162050488649736,0.9247937076466695,0.013267809030814376
1.1252044047242602,0.9254754808122186,0.013446509057598897
1.0786402194022138,0.9268719643718167,0.013618383522141043
1.0270245716598712,0.930545484460995,0.01378281467762704
0.9760188428090963,0.9378910716999799,0.01393918477724304
0.9311058770599452,0.9462781212511595,0.014086876074175369
0.8937457902377577,0.9490028178300047,0.014225270821610183
0.8615565118972476,0.9393045940826227,0.014353751272733703
0.8319207344442198,0.9203236639670267,0.014471699680732133
0.7967481319573684,0.9121536721814534,0.014578498298791657
0.7391180834444276,0.9365371093861208,0.014673529380098561
0.6413251224420735,0.9935584452036915,0.014756175177839023
0.4995504048116221,1.0183798107872941,0.014825839588397867
0.3490024640072415,0.9340497293720612,0.014882382053030496
0.23169543296245335,0.6875914731743333,0.014926095253668533
0.18056974699660266,0.0,0.014957289051078992
0.18236435269235296,0.0,0.014976273306028862
0.20915014802680365,0.0,0.014983357879285121
0.23460054734299293,0.0,0.014978852631614777
0.24785174908216834,0.0,0.014963067423784825
0.2466673272023336,0.0,0.014936312116562234
0.22921364512051776,0.0,0.014898896570714006
0.2000998246343342,0.0,0.014851130647007138
0.17002865555942234,0.0,0.014793324206208613
0.14983327114531877,0.0,0.01472578710908546
0.14325802685520475,0.0,0.014648829216404613
0.14272451291661478,0.0,0.014562760388933093
0.13964563397061602,0.0,0.01446789048743789
0.12966454169836664,0.0,0.014364529372685987
0.1201845232125679,0.0,0.014252986905444432
0.12063607630386372,0.0,0.014133572946480134
0.13764478046848333,0.0,0.014006597356560112
0.163715607745615,0.0,0.013872369996451363
0.18691986183719755,0.0,0.01373120072692089
0.1964430619228857,0.0,0.013583399408735725
0.19206028257702507,0.0,0.013429275902662767
0.17939504258584885,0.0,0.013269140069469047
0.1640340012145619,0.0,0.013103301769921562
0.14954765915772036,0.0,0.012932070864787305
0.1376181767206659,0.0,0.01275575721483333
0.12985428286518527,0.0,0.012574670680826506
0.12782161943758402,0.0,0.01238912112353388
0.13301769392238666,0.0,0.012199418403722457
0.14693003089827372,0.0,0.012005872382159216
0.16827059320779278,0.0,0.011808792919611228
0.18811863200927642,0.0,0.011608489876845337
0.19625278833035315,0.0,0.011405273114628613
0.18554079389377068,0.0,0.011199452493728043
0.1642259124347371,0.0,0.010991337874910617
0.14532589866133608,0.0,0.010781239118943407
0.14047679032765753,0.0,0.010569466086593251
0.1483540504256304,0.0,0.010356328638627219
0.16054793441630838,0.0,0.010142136635812303
0.1687109595740538,0.0,0.00992719993891549
0.16720296369983,0.0,0.009711828408703856
0.15289476445258182,0.0,0.009496331905944231
0.12296639090825322,0.0,0.009281020291403692
0.08780538994218189,0.0,0.009066203425849226
0.07847606032348371,0.0,0.008852191170047827
0.12779159830329642,0.0,0.008639293384766562
0.2336114742502765,0.0,0.00842781993077227
0.2987105150168778,0.0,0.008218080668832018
0.2098476128062775,0.0,0.008010385459712803
-0.07602624403133713,0.0,0.007805044164181609
-0.256531203000412,0.0,0.007602366643005512
0.07679330957836394,0.0,0.007402662756951345
1.263972031764525,0.0,0.007206242366786186
3.0116407526702953,0.0,0.007013415333277014
4.68370024812431,0.0,0.006824491517190832
5.665141269530435,0.46798658185199626,0.006639780779294689
5.825883715710042,0.8232684673271756,0.006459592980355451
5.481225733094414,1.0600319982856117,0.006284237981140175
4.961273846073881,1.1244365357117263,0.006114025642415851
4.492891443967184,1.0912911356111996,0.005949265824949474
4.142923764322716,1.0473549194697793,0.005790268389508088
3.96440062981096,1.052099705580137,0.005637343196858574
3.9794509309915047,1.0867080899147226,0.00549080010776798
4.127049197826068,1.1184097558297295,0.0053509489830033
4.332324983479293,1.1228167304511136,0.0052180996833315245
4.507732480852514,1.1191525824160804,0.005092562069519689
4.50405133137215,1.1407792810265478,0.0049746460023346985
4.1533302724537835,1.2130007194685668,0.0048646613425435865
3.3225193197764376,1.2816712777691066,0.004762917950913347
2.197419719081977,1.2474544636453562,0.004669725688210973
1.1346098307924886,1.0163070370965694,0.004585394415203456
0.4778563625141431,0.6193984830499443,0.0045102339926578125
0.2894536046099782,0.0,0.004444554281340981
0.3757000614537766,0.0,0.004388665142019981
0.5349976030914398,0.0,0.004342876435461805
0.6490359428000229,0.0,0.004307498022433447
0.7273078248571382,0.0,0.004282839763701902
0.7901354624795673,0.0,0.00426921152003415
0.8497003996158866,0.0,0.004266909852813026
0.8965132411439527,0.0,0.004275973806676308
0.9175180966996637,0.0,0.004296209219506046
0.9053058654329812,0.0,0.004327413506789078
0.8796335081041377,0.0,0.004369384084012287
0.8684172025900374,0.0,0.004421918366662516
0.8956021427219204,0.0,0.004484813770226622
0.9493016115970722,0.0,0.004557867710191458
0.9986330328096136,0.0,0.004640877602043851
1.013654153663649,0.0,0.004733640861270713
0.9858024320630997,0.0,0.004835954903358874
0.9257703493871667,0.0,0.004947617143795187
0.8456970369308753,0.0,0.005068424998066511
0.8008711648384923,0.0,0.005198175881659649
0.9121342548648903,0.0,0.005336667210061551
1.3056256128495904,0.0,0.00548369639875903
2.0093868032263797,0.0,0.0056390608632389365
2.7931212961488288,0.0,0.0058025580189881324
3.3845082851914046,0.0,0.005973985281493405
3.5671463058426616,0.6295569132424282,0.006153140066241735
3.390627016971742,0.9554307440339086,0.006339819788719918
2.983547273850085,1.115642059777661,0.006533821864414807
2.472086231093917,1.1194708373723077,0.006734943708813257
1.9607749990093937,1.0496515878418973,0.006942982737402055
1.5427854603992075,0.9872835118300369,0.007157736365668196
1.3064343205508167,0.962879107867495,0.007379002009098465
1.2502902082104919,0.9591550607789304,0.007606577083179722
1.2928809320559194,0.9571495445744869,0.007840259003398822
1.3503242459656055,0.9504731387046698,0.008079845185242523
1.360637843503024,0.9527965628789818,0.008325133044197864
1.294779036695912,0.9795584288298982,0.008575919995751613
1.1264823662099368,1.0262798810771214,0.00883200345539062
0.8576438287288166,1.0331754569201481,0.00909318083860175
0.5635269747331673,0.9309376829427436,0.009359249560871752
0.33119189398592735,0.6748628187042377,0.009630005251713432
0.22698924055052572,0.0,0.009905210135649647
0.21986863979782148,0.0,0.010184596809138921
0.25017044473216354,0.0,0.010467896841461143
0.26313253864555186,0.0,0.010754841801896092
0.24710314916684534,0.0,0.011045163259723854
0.2128201089142369,0.0,0.011338592784224215
0.17160646501487634,0.0,0.011634861944677057
0.14210940544490147,0.0,0.01193370231036227
0.14944435641052653,0.0,0.012234845450559617
0.21833520496966688,0.0,0.012538022934549215
0.3403629432546737,0.0,0.012842966331610828
0.45775363487240633,0.0,0.013149407211024351
0.5087809028136304,0.0,0.013457077142069652
0.46161746299016587,0.0,0.01376570769402653
0.3614969382816848,0.0,0.014075030436175064
0.2658995120403538,0.0,0.014384776937795043
0.22064823982220683,0.0,0.014694678768166347
0.21735645687779423,0.0,0.015004467496568858
0.23189138909394255,0.0,0.015313874692282362
0.2419796070373723,0.0,0.015622631924586943
0.24151302914077621,0.0,0.015930470762762397
0.23269314073566155,0.0,0.016237122776088596
0.21777012447219168,0.0,0.016542319533845426
0.1986366118970295,0.0,0.016845792605312666
0.1768725481024137,0.0,0.01714727355977041
0.15409048236224823,0.0,0.017446493966498444
0.13417345277154474,0.0,0.017743185394776644
0.12435205476545229,0.0,0.018037079413884907
0.13211128391568477,0.0,0.01832790759310299
0.15882083811964404,0.0,0.01861540150171101
0.1902574555077691,0.0,0.018899292708988737
0.2097486507915604,0.0,0.019179312784216047
0.2049186179463648,0.0,0.019455193296672835
0.18314814373966912,0.0,0.01972666581563889
0.1574928863107883,0.0,0.019993461910394285
0.1401358350459727,0.0,0.020255313150218807
0.1357697104155245,0.0,0.020511951104392342
0.14527646370587316,0.0,0.020763107342194772
0.16903981077675992,0.0,0.0210085134329059
0.19902439138677597,0.0,0.021247900945805785
0.21990403850257922,0.0,0.021481001450174217
0.21637152571756763,0.0,0.021707546515291082
0.1864557748025039,0.0,0.021927267710436266
0.147653274076021,0.0,0.02213989660488958
0.11898296933923345,0.0,0.022345164767931056
0.11188357252665299,0.0,0.02254280376884051
0.11867167297613149,0.0,0.022732545176897812
0.12869529950503641,0.0,0.02291412056138286
0.13313036712958887,0.0,0.023087261491575473
0.13146324405528317,0.0,0.02325169953675565
0.12554084119453854,0.0,0.02340716626620323
0.11736888659803509,0.0,0.023553393249198085
0.11029726970296194,0.0,0.023690112055020095
0.10835271365798733,0.0,0.023817054252949117
0.11521991018536656,0.0,0.023933951412265123
0.12843742755486837,0.0,0.024040535102247934
0.1402733424699866,0.0,0.024136536892177443
0.14293723311751974,0.0,0.024221688351333547
0.13425678513234285,0.0,0.024295721048996084
0.12017953077947241,0.0,0.024358366554445
0.10728417493867629,0.0,0.024409356436960152
0.101094915648908,0.0,0.024448422265821446
0.10450414956059777,0.0,0.024475295610308728
0.12000047663123428,0.0,0.024489708039701897
0.14752270889824054,0.0,0.02449139112328085
0.1755471740540906,0.0,0.024480076430325466
0.18933057941499565,0.0,0.024455495530115612
0.17689424061036496,0.0,0.024417379991931196
0.14939433588431364,0.0,0.024365461385052113
0.12951642950214382,0.0,0.024299471278758214
0.13830502034944323,0.0,0.024219141242329385
0.1667369032133695,0.0,0.024124202845045527
0.18025673524062458,0.0,0.024014387656186513
0.14457086304527306,0.0,0.023889427245032287
0.07774662079681051,0.0,0.023749053180862626
0.07277965925822519,0.0,0.023592997032957478
0.22821858191884495,0.0,0.023420990370596705
0.5665622792012169,0.0,0.02323276476306022
0.9225253857363347,0.0,0.023028051779627957
1.102347894321415,0.0,0.02280658298957966
0.984283290426394,0.6529646799646268,0.022568089962195295
0.7666883798383237,0.8779793255301294,0.022312304266754727
0.7368299892855099,0.797884579603256,0.022038957472537857
1.1364570351851877,0.4819754670540078,0.021747781148824676
1.831091845163651,0.0,0.02143850686489485
2.5006940334836463,0.0,0.021110866190028367
2.8391713504801395,0.0,0.020764590693505114
2.8021076826129696,0.0,0.020399411944604984
2.5651191804774314,0.0,0.020015061512607984
2.309132111472473,0.0,0.019611270966793735
2.1418472768416867,0.0,0.01918777187644225
2.067216366607541,0.0,0.01874429581083343
2.081204815597877,0.0,0.01828057433924713
2.1427359242190653,0.0,0.017796339030963438
2.120238292798318,0.0,0.01729132145526188
1.8685792308538336,0.0,0.016765332320762685
1.3311579982448285,0.0,0.016219528037198845
0.8404908261623298,0.0,0.015656190321748753
0.8359678066103329,0.0,0.015077635509691656
1.6772698374605253,0.0,0.014486179936306182
3.073345942634978,0.0,0.013884139936871572
4.415502725049916,0.0,0.013273831846666858
5.122432485924818,0.5477526702880904,0.012657572000971076
5.1116072659680025,0.966031948200651,0.012037676735063497
4.715801623765518,1.271170441636206,0.011416462384222701
4.2760683995998425,1.385054975037616,0.010796245283727956
3.9295895643424554,1.3190425928176517,0.01017934176885829
3.5275476765593314,1.091805179220111,0.009568068174892745
2.900157827582327,0.7405710071475088,0.00896474083711057
2.0140773955359266,0.0,0.008371676090790375
1.1657627432392859,0.0,0.007791190271211406
0.7005124166226884,0.0,0.007225599713652706
0.8663471741821721,0.0,0.006677220753393313
1.4885221614013835,0.0,0.006148369725712259
2.277472332376332,0.0,0.005641362965888761
2.9572383047911996,0.7151162851939906,0.005158516809201491
3.361591180556205,1.1040677761603361,0.004702147590929674
3.3773113589000303,1.30113944606058,0.004274571646352348
2.905420055286027,1.2971088488983578,0.0038781053107485473
2.07802936048087,1.197621910405466,0.003515064919397431
1.2177843349606918,1.1111262043997103,0.0031876562385869463
0.6486861908573472,1.0903121774603806,0.002896249930356325
0.4979245220895322,1.105750593869282,0.0026397054830461395
0.6193182279887269,1.121456352187603,0.0024168373691203426
0.8466270864543752,1.1132899157945964,0.002226460061042948
1.045433943086754,1.087281348684451,0.0020673880312777728
1.15742839189264,1.0541936105773768,0.0019384357522888413
1.1354384983918573,1.0228149391234704,0.0018384176965401044
0.9692275001551051,0.9928645197320067,0.0017661483364955148
0.8072793763807243,0.9614596532245124,0.0017204421446190348
0.8407042864225106,0.9268860073819702,0.0017001135933745835
1.230389681882451,0.8974404447642294,0.0017039771552261342
1.896481009749992,0.8865075466054438,0.0017308473026376378
2.64402829840948,0.9065808305678921,0.0017795385080730454
3.281549970398476,0.9534343921777166,0.001848865243996282
3.686085836653549,1.0083786755706068,0.0019376419828713478
3.7906183584201156,1.0524042010964405,0.0020446831971621723
3.5323953454109893,1.0745409742128822,0.0021688033593327085
2.9652517189397276,1.0755422531411993,0.0023088169418469064
2.3033640906111796,1.0570927995425954,0.0024635384171686624
1.7722964040769058,1.0227106553808265,0.002631782257762036
1.5210724579536121,0.9805332673679583,0.0028123629360909267
1.5175992256274853,0.939414311853379,0.003004094924619287
1.703589401827087,0.9070260973157958,0.003205792695811067
2.0236473473750136,0.8856763263774435,0.0034162707221301438
2.434664563087282,0.876150729739314,0.003634343476040617
2.8967955331174133,0.8786609078725016,0.0038588254300063666
3.36327895568859,0.8885616183432078,0.004088531056491342
3.732935421999729,0.8987647177530511,0.004322274827959498
3.878838678083424,0.9024088855088563,0.004558871216874697
3.6836699705295453,0.8969687974600101,0.004797134695701064
3.1875145388420605,0.8836334905413528,0.005035879736902463
2.557708280087542,0.8637339475915149,0.005273920812942846
1.963915868877572,0.8396921892614285,0.005510106666194095
1.5187933457849585,0.81550543959683,0.005743837087992121
1.2573658601710989,0.795293429384449,0.005974956534853233
1.2089392729986173,0.7830647221716226,0.006203322149089723
1.3614267484632947,0.7825507505746497,0.006428791073013965
1.6058268544803465,0.7974404803632165,0.006651220448938335
1.8192875037957321,0.8285084028885012,0.006870467419175131
1.9113307945442406,0.8634428464126849,0.007086389126036885
1.9275016846389457,0.8862608427727661,0.0072988427118358895
1.9490637663984178,0.8833051446640217,0.0075076853188845265
2.0473677541603257,0.8603553329975593,0.007712774089495164
2.216707548152198,0.8328667506820012,0.00791396616598011
2.4152976725921698,0.8156889737759805,0.008111118690651885
2.6047607859021715,0.8119059235221795,0.008304088805822783
2.8041189185509383,0.8146211155216273,0.008492733653805188
3.07834315753121,0.8166997451953925,0.008676910376911474
3.4913323197991493,0.8148017636326413,0.00885647611745395
4.007056694023701,0.811011643227006,0.00903128801774512
4.454750248957213,0.8078279456617572,0.009201203220097291
4.654568359495669,0.8067342049466459,0.009366078866822844
4.537823961015615,0.8067104713957335,0.009525772100234156
4.293348206310735,0.806357656635137,0.009680140062643538
4.146339505711081,0.8051044703918212,0.009829039896363485
4.2543825699177855,0.806054800267989,0.009972328743706307
4.494157293712179,0.8133321100555089,0.010109863746984388
4.669404706056145,0.8302779710658568,0.010241502048510098
4.60872823052034,0.8537799347615949,0.01036710079059577
4.331659063300266,0.8775458146495619,0.010486517115553866
3.9461945944835777,0.8954634676850339,0.010599608165696722
3.556817305138971,0.9048857904049158,0.010706231083336704
3.205466830792503,0.9060762318628307,0.010806243010786195
2.884506985571407,0.8993911024082384,0.010899501090357535
2.5852451287850386,0.8853048588540013,0.010985862464363165
2.31157495384376,0.8644591759312543,0.011065184275115426
2.0841936184988126,0.8375149150709884,0.011137323664926693
1.92491733752221,0.8072870208472515,0.011202137776109344
1.8433590915300293,0.7818469261860985,0.011259483750975727
1.8211578419442658,0.7700527957701864,0.011309218731838266
1.8360489382033718,0.7777862733237164,0.011351199861009312
1.865463711971245,0.7978622717820505,0.01138528428080124
1.885584571806639,0.8195111208633076,0.011411329133526426
1.8722732618291102,0.8327830242779278,0.011429191561497234
1.8048198066827805,0.8344132481308935,0.011438728707026065
1.6885238042862094,0.8243966333883782,0.011439797712425271
1.5406108459488252,0.8029865152679696,0.011432255720007238
1.3791358856164093,0.7744246953339738,0.011415959872084339
1.233974652923327,0.7462704411583255,0.011390767310968955
1.1442809687259767,0.726100530355325,0.011356549107423201
1.148512103391683,0.7176224066608947,0.011313390560178714
1.2468758930338686,0.7191211781322132,0.011261544907795075
1.389017270747732,0.7284720657157713,0.011201269887335557
1.5211450337597427,0.7420687157216249,0.01113282323586344
1.5969264386660398,0.7527276769785497,0.011056462690441944
1.586946681962437,0.7527364096737464,0.010972445988134356
1.464123643883832,0.7377824627322246,0.01088103086600393
1.219788886104192,0.7183122948944803,0.010782475061113942
0.9200719999323911,0.7087759856739029,0.010677036310527686
0.6500923328129181,0.7190029908588293,0.010564972351308355
0.48435206900310335,0.7216114452287485,0.010446540920519241
0.41777181443370226,0.67126312862934,0.010321999755223616
0.4091628174214453,0.5263764419841387,0.010191606592484737
0.41855211876498255,0.0,0.010055619169365919
0.4271553172458654,0.0,0.009914295222930324
0.4326556718229271,0.0,0.00976789249024127
0.4332044117844688,0.0,0.009616668708362015
0.4283454028844899,0.0,0.009460881614355822
0.4194453783126189,0.0,0.009300788945286022
0.40798804367223884,0.0,0.00913664843821575
0.39409552698231304,0.0,0.008968717830208332
0.3748338631810235,0.0,0.008797254858327032
0.3468527370620307,0.0,0.008622517259635108
0.30856279886086924,0.0,0.008444762771195897
0.26544785912662333,0.0,0.008264249130072523
0.2247673735639842,0.0,0.00808123407332832
0.19317769874438867,0.0,0.007895975338026552
0.17286883454933336,0.0,0.0077087306612304805
0.16402538913951534,0.0,0.007519757780003434
0.16653402234496195,0.0,0.007329314431408543
0.1759678829037309,0.0,0.007137658352509135
0.18458058954704357,0.0,0.006945047280368477
0.18470512428435212,0.0,0.006751738952049831
0.1750442890753234,0.0,0.00655799110461653
0.16255665702082228,0.0,0.006364061475131697
0.15473350817223744,0.0,0.006170207800658665
0.15550450903525187,0.0,0.0059766878182606975
0.16088882169882648,0.0,0.00578375926500106
0.16584081097334313,0.0,0.005591679877943078
0.16674182781281993,0.0,0.005400707394149883
0.1656407773524871,0.0,0.005211099550684806
0.16599342702482123,0.0,0.005023114084611108
0.17060101013679765,0.0,0.0048370087329920545
0.1774754705652498,0.0,0.004653041232890973
0.18250086710569652,0.0,0.004471469321370996
0.18188268253459627,0.0,0.004292550735495451
0.1767050578660523,0.0,0.004116543212327603
0.1717696985870363,0.0,0.003943704488930715
0.17187619564714499,0.0,0.0037742923023681087
0.1782081788312351,0.0,0.003608564389702928
0.18730872067256701,0.0,0.0034467784879984938
0.19541904421522546,0.0,0.003289192334318075
0.19930515750064323,0.0,0.0031360636657249323
0.19688646687012223,0.0,0.0029876502192823784
0.18623576984062035,0.0,0.002844209732053573
0.1671711703161642,0.0,0.0027059999411018333
0.1463650418157603,0.0,0.0025732785834904214
0.1321721613737883,0.0,0.0024463033962826026
0.13143155704980877,0.0,0.002325332116541677
0.1400237035120799,0.0,0.0022106224813308283
0.14901121504391143,0.0,0.002102432227713358
0.14992060641840846,0.0,0.002001019092752534
0.14131636889493462,0.0,0.0019066408135116157
0.12707325031862649,0.0,0.0018195551270539002
0.1112113735707026,0.0,0.0017400197704425836
0.09830058067815944,0.0,0.0016682924807409653
0.09360927694512751,0.0,0.0016046309950123062
0.1024119053205697,0.0,0.0015492930503198722
0.12257802977316024,0.0,0.0015025363837269387
0.13587210641904462,0.0,0.0014646187322967371
0.12194254862974724,0.0,0.001435797833092548
0.07421598968010257,0.0,0.001416331423177637
0.03962438756296968,0.0,0.0014064772396152631
0.0780857980749194,0.0,0.00140649301946869
0.23614017381679978,0.0,0.0014166364998011813
0.4647577240465094,0.0,0.001437165417676001
0.6733331200115791,0.0,0.0014683375101564125
0.7778571486751132,0.4893602102900641,0.0015104105143056805
0.7911483428821197,0.8449198894041988,0.0015636421671870668
0.7983645091349014,1.0902917656636444,0.0016282902058638092
0.8848504581595565,1.1626632618636217,0.0017046123673992177
1.079754615051031,1.0789825558560573,0.0017928663888565335
1.3415132123482985,0.8618204227140879,0.0018933100072990215
1.6239900171520611,0.5525492515065031,0.0020062009597899434
1.8683704422371128,0.0,0.0021317969833925168
1.9885524133087638,0.0,0.002270355815170093
1.8948918991232597,0.0,0.0024221351921858932
1.5420332445489477,0.0,0.0025873928515031787
1.0546835863764683,0.0,0.0027663367855374553
0.5983634844673532,0.0,0.002958470272411747
0.31798520106882744,0.0,0.0031627736718275253
0.21298865852008012,0.0,0.003378214975706053
0.2201946684963637,0.0,0.003603762175968656
0.2778720789905139,0.0,0.003838383264536658
0.34815253362222437,0.0,0.004081046233331301
0.41081989131439717,0.0,0.0043307190742740845
0.4469028304025707,0.0,0.004586369779286248
0.4668761197285154,0.0,0.004846966340289115
0.5179036241152749,0.0,0.0051114767492040185
0.6495373761949315,0.0,0.005378868997952186
0.9264382564558005,0.0,0.005648111078455134
1.4454477459022217,0.0,0.005918170982634096
2.307533589575643,0.0,0.006188016702410396
3.5273706180816045,0.7095951023238571,0.006456616229705364
4.791982245250755,1.0458495477228342,0.006722937556440226
5.710638921785694,1.1902021836522356,0.006985948674536501
5.960714400076511,1.170035855321491,0.007244617575915424
5.694623459413068,1.0836873359604722,0.007497912252498319
5.267110328938761,1.0253441499739335,0.007744800696206509
5.013969987767203,1.0209728839786738,0.00798425089896124
4.997214452522672,1.0435748467065575,0.00821523085268401
5.078323258220534,1.0651457713287182,0.008436708549296058
5.116285799098405,1.072793139101047,0.008647651980718707
5.043374935864657,1.0733838710729766,0.008847029138873284
4.882278664582761,1.0751056601287607,0.009033808015681058
4.661281543333096,1.0833683779026404,0.00920695660306348
4.41067797318367,1.0973540050940935,0.009365442892941814
4.164998727886666,1.1153971467847046,0.009508234877237379
3.9593110719687052,1.135247971465756,0.009634300547871514
3.8090616678712097,1.1523119934095112,0.009742607896765494
3.656030898605845,1.1614068312690677,0.009832124915840736
3.424713577006807,1.1581525542173705,0.009901892755796556
3.0546860624400836,1.1441042883747228,0.009951958476811231
2.5894797217066268,1.1234790107099888,0.009983100464012828
2.1164353279948114,1.1005179276859607,0.009996113588895086
1.7191046937014387,1.0796360026032021,0.009991792722951755
1.4270262171024686,1.06538177535778,0.009970932737676571
1.2305661745619638,1.0622030495240264,0.009934328504563284
1.119075532049651,1.0705284818678964,0.009882774895105625
1.077232461171817,1.0855830890438443,0.009817066780797365
1.0840063999054101,1.1022524962874392,0.009737999033132208
1.1180185070914823,1.1167933582970409,0.00964636652360391
1.1577229044483308,1.1285040374293804,0.009542964123706215
1.1812252790791151,1.137091800301073,0.009428586704932865
1.1665879157719965,1.1420931870411668,0.009304029138777647
1.1059083411640036,1.1423674775372281,0.009170086296734221
1.0433913522405862,1.1366060363945605,0.009027553050296365
1.0353316270164354,1.1237525997442017,0.00887722427095783
1.127510568789959,1.104595165135218,0.00871989483021235
1.2940975820590184,1.0807402171340663,0.008556359599553729
1.4794017721990749,1.0538433957303932,0.008387413450475596
1.6304879579161555,1.026229272074689,0.008213851254471747
1.732974685374297,1.000731609851695,0.008036467883035928
1.8001649342500963,0.9801441749886247,0.00785605820766188
1.845645950997028,0.9652689092820578,0.007673417099843409
1.8722944405046342,0.9543542269918477,0.007489339431074131
1.8700301025996355,0.9454838508095185,0.00730462007284785
1.8280838863557378,0.9372532636568576,0.00712005389665831
1.7489924058072195,0.9293814625036004,0.0069364357739992565
1.6627603427668258,0.9217366683063094,0.006754560576364488
1.6027875617064857,0.9144630219966988,0.006575223175247625
1.5917012627890188,0.9087869739852817,0.006399218442142477
1.6125804694656576,0.9062003124969553,0.006227341248542778
1.6394310713155689,0.9077440680288639,0.006060386465942278
1.6482424146060566,0.9112045495190622,0.005899148965834771
1.6283553481475692,0.9129387564662818,0.005744423619713886
1.5746190172090049,0.9096136109660784,0.0055969720998957865
1.4852891278670937,0.9024782025700107,0.0054571136865284925
1.4037448104202161,0.8962352907475817,0.005324852930952163
1.4054472117523513,0.8956566608882632,0.005200187649527871
1.5633692940560384,0.9049356964206458,0.005083115658616557
1.8469483186526923,0.9275315406769737,0.004973634774579296
2.101594780534271,0.9668313528601067,0.004871742813777114
2.166087867226031,1.0215882073846054,0.004777437592571042
1.9790915098617277,1.0804876123837548,0.004690716927322139
1.683340419241365,1.1308940091860749,0.004611578634391372
1.446484940654963,1.164895023654082,0.004540020530139799
1.3831267329700148,1.192897955343163,0.004476040430928451
1.4152896881777994,1.2297510759128574,0.004419636153118355
1.4213116934380567,1.2825660265332977,0.004370805513070558
1.300899763962836,1.3032563909186508,0.004329546327146053
1.0959168453314043,1.219750080431848,0.004295856411705888
0.9062519757870855,0.9671722365236431,0.00426973358311109
0.824924063779567,0.5848744071841445,0.00425117565772269
0.8525228140402248,0.0,0.004240180451901718
0.9245717072006678,0.0,0.004236745782009195
0.9772801410030679,0.0,0.0042408694644061554
1.0121578716261377,0.0,0.0042525493154536255
1.1081741854399292,0.0,0.004271783151512639
1.3482825178419946,0.4231770703623026,0.0042985687889442094
1.7433395425027665,0.8106038059935724,0.0043329040441093866
2.1584231241842886,1.106670350930705,0.00437478673336919
2.441031447755388,1.2281875584738353,0.004424214673084649
2.478929340625572,1.2250631134599919,0.004481185679616794
2.304428501859813,1.1791083232428976,0.004545684365121444
1.982263254191597,1.1619206948279646,0.0046175237056528436
1.5798496823504873,1.1730910118819033,0.0046963966755144675
1.182234996029931,1.181249458271919,0.00478199378806845
0.8815867641832726,1.1570112827190202,0.004874005556676921
0.7614531196144493,1.1006322934921347,0.004972122494701981
0.7935778098902382,1.0342714104475792,0.005076035115505828
0.8717775111457743,0.9801849046294517,0.005185433932450565
0.8905713855765343,0.9459200228101904,0.005300009458898326
0.8161605621280541,0.9207161679059856,0.005419452208211239
0.6989447965261856,0.8927117081174459,0.005543452693751397
0.5940811727894043,0.8578457388631227,0.005671701428881019
0.5493361328005603,0.8286537696550645,0.005803888926962195
0.5976862417100499,0.8197967647044612,0.005939705701357057
0.7703447642158319,0.8405095067696996,0.006078842265427737
1.0711713842614878,0.8794484298719533,0.006220989132536321
1.406927147102072,0.9203925062026195,0.006365836816045041
1.6628376661995878,0.9489523127971315,0.006513075829315978
1.7498701117605537,0.9634982129485253,0.006662396685711265
1.7462496142227217,0.967829077230847,0.006813489898593038
1.797030241491399,0.9664484600463388,0.0069660459813233756
2.0343360632448477,0.9733624197066163,0.00711975544726452
2.4230590109225902,1.0095297794764175,0.007274308809778542
2.812684952808098,1.0945919857172233,0.007429396582227582
3.052419678931565,1.1970400485200536,0.007584709277973772
3.0532135397210487,1.222323166686333,0.007739937410379186
2.797834553836641,1.0724579524142106,0.007894771492806076
2.273634043928781,0.724537868438255,0.008048902038616511
1.5385915478353833,0.0,0.008202019561172629
0.7905715721487475,0.0,0.00835381457383656
0.24389077962679476,0.0,0.008503977589970383
0.042155899340413076,0.0,0.00865219912293634
0.08076366016677651,0.0,0.008798169686096511
0.20067830434805492,0.0,0.008941587819986755
0.2631627117527339,0.0,0.009082253425167061
0.2598328721447369,0.0,0.009220035829866864
0.2338332587186261,0.0,0.009354805714973482
0.22502049219355583,0.0,0.009486433761374091
0.2302808397188154,0.0,0.009614790649955917
0.21714075314529285,0.0,0.009739747061606175
0.15463211793340714,0.0,0.00986117367721206
0.07420959582306597,0.0,0.00997894117766087
0.0792255117530129,0.0,0.010092920243839797
0.27632045417286316,0.0,0.010202981556636057
0.6854757574927706,0.0,0.010308995796936879
1.1567995723195692,0.0,0.010410833645629482
1.5206668521509157,0.0,0.010508365783601061
1.6590793056502318,0.6265973874023547,0.01060146289173891
1.6332469172347583,0.9075121703742619,0.010689995650930212
1.5432387638802993,1.011172324191196,0.010773834742062196
1.4776498089233767,0.9704154792120364,0.01085285084602209
1.4522490538440203,0.8786667313104298,0.010926914643697085
1.454324665261727,0.8248176810531896,0.010995896815974454
1.4706660329893084,0.8339342467905346,0.01105966804374141
1.4826908519409387,0.8852992466907377,0.011118099007885164
1.4681829646450644,0.9567369144198296,0.011171060389292943
1.406312511888088,1.0108149584576112,0.01121842286885196
1.319187784889925,0.9916639501993465,0.011260057127449468
1.2778899519454423,0.8426485245649553,0.011295833845972674
1.3556470652737866,0.5582069863174077,0.011325623705308806
1.5628207798440006,0.0,0.011349297386345082
1.7878030203427018,0.0,0.011366725569968728
1.9049961624105645,0.0,0.01137777893706697
1.84441570131607,0.0,0.011382328168527037
1.726978763860709,0.0,0.01138024394523615
1.7145320229002439,0.0,0.011371414692291604
1.9293626155429848,0.0,0.011355946739674624
2.2455926148982406,0.0,0.011334092727334653
2.441328899367486,0.0,0.01130610800438849
2.315478812283527,0.0,0.011272247919952934
1.924048513001456,0.0,0.011232767823144781
1.4952403425182677,0.0,0.01118792306308084
1.2545280250889668,0.0,0.011137968988877879
1.256722125001991,0.0,0.01108316094965271
1.3638833566059823,0.0,0.011023754294522134
1.428322909667516,0.0,0.010960004372602942
1.3703195705642344,0.0,0.010892166533011954
1.2406686464587047,0.0,0.010820496124865922
1.1049538616484842,0.0,0.01074524849728167
1.0168464933444754,0.0,0.010666678999375984
0.9895800174283039,0.0,0.010585042980265674
1.027815473190459,0.0,0.010500595789067561
1.1349403081108849,0.0,0.010413592774898376
1.3064451608019316,0.0,0.010324289286874953
1.5347981016966463,0.0,0.01023294067411409
1.8096690390869197,0.5008663552383438,0.010139802285732578
2.087027820781304,0.8414371512730148,0.01004512947084725
2.3004973854285566,1.0549129491491194,0.009949177578574836
2.3859527674713568,1.107446162605158,0.009852201958032165
2.3545727793774005,1.0741234753144047,0.009754457958336033
2.301756051546734,1.036113284095905,0.009656200928603241
2.3267845298242706,1.0421059349242796,0.009557686217950619
2.4662344339497406,1.0751940653942118,0.009459169175494893
2.637500920287509,1.1105697041674605,0.009360905150352894
2.7446484233849677,1.1292628997877272,0.009263149491641419
2.7272178576222594,1.133235655557902,0.009166157548477263
2.6438432072526856,1.1291394774843753,0.009070184669977263
2.578121022489383,1.1231002227912605,0.008975486205258142
2.604845118760166,1.1177922309225756,0.00888231750343673
2.744860711422981,1.1144975279845848,0.008790933913629829
2.9985851904100596,1.1143447459690314,0.008701590784954236
3.3616152097823417,1.1165302347903128,0.008614543466526771
3.772614630644846,1.1189049817640553,0.008530047307464173
4.13286997640965,1.1193293998439944,0.008448357656883275
4.345113557451442,1.1168120766505738,0.008369729863900867
4.370515249685791,1.1117088501525094,0.008294406834640776
4.234964271750505,1.1044589106722418,0.008222483845442018
3.967945632746908,1.096374283776687,0.008153959493240817
3.6245597241870398,1.0905117540209248,0.008088830697963748
3.3080954695141545,1.0901355578536442,0.008027094379537374
3.1271567132449962,1.0966563169543169,0.007968747457888253
3.141438096662325,1.1049126188506675,0.00791378685294296
3.248265882472944,1.1082871980204656,0.007862209484628013
3.311316224829681,1.1014024119990937,0.007814012272869991
3.219157598635449,1.0869250878009638,0.007769192137595448
3.0111504328911525,1.0707326016868581,0.007727745998730943
2.783139741607653,1.0584725088917553,0.007689670776203044
2.621557999609576,1.0527574369366495,0.007654963389938286
2.5011368918482555,1.0541078473657277,0.007623620759863236
2.3240047196126774,1.0623059774582164,0.007595639805904452
1.9948351509338555,1.0557852745856873,0.007571017447988494
1.5215785126833823,0.9881734977019826,0.007549750606041923
1.0254485571764431,0.8120605082671544,0.007531836199991282
0.6328761317229811,0.5260224924675829,0.007517271149763138
0.41125608666775115,0.0,0.007506052375284044
0.31805515569560633,0.0,0.0074981767964805626
0.29874701365736317,0.0,0.007493641333279248
0.30361549839504093,0.0,0.007492442905606655
0.2987365969513632,0.0,0.007494578433389344
0.2534222671460083,0.0,0.007500044836553873
0.1526184566864812,0.0,0.007508839035026798
0.07488528454553146,0.0,0.007520957948734667
0.1334721698903044,0.0,0.007536398497604055
0.4256944681451162,0.0,0.00755515760156151
0.8636241493927433,0.0,0.00757723218053359
1.2401284168382873,0.0,0.007602605452827666
1.3540434669212986,0.0,0.00763110218033511
1.2171463771829287,0.0,0.007662445285340967
1.0724702550453753,0.0,0.007696356010254625
1.1730574941823855,0.0,0.0077325555974854816
1.6102079521930144,0.48386344286639227,0.007770765289442923
2.177115070457882,0.7176534172031132,0.007810706328536343
2.634876813145128,0.8842435570222792,0.00785209995717515
2.8167295779689097,0.9874251537986478,0.007894667417768737
2.7901301056572194,1.04282759941379,0.007938129952726492
2.6699879673040368,1.0657117523351776,0.007982208804457809
2.557673979016605,1.06900231486866,0.008026625215372073
2.4744247382603195,1.0647114094490089,0.008071100427878708
2.412102612296395,1.064031332994531,0.008115355684387088
2.362743134329984,1.068022327692979,0.008159112227306618
2.320868482770137,1.0708977745009005,0.008202091299046683
2.2825850377863683,1.0669418333530714,0.008244014142016668
2.2438734053983898,1.0563191619400476,0.008284601998625997
2.196733060032025,1.0458943764876143,0.008323576111284049
2.1288820551490564,1.042866610750927,0.008360657722400217
2.027980394771716,1.0508426833230504,0.008395568074383901
1.8966435657236371,1.0664674641136895,0.008428028409644484
1.7647711009537226,1.0855880076721285,0.008457759970591379
1.6651602635344946,1.1040331736368516,0.008484483999633974
1.6169974112058287,1.117569438801817,0.008507921739181657
1.5957642725824088,1.1219499211187163,0.008527794431643832
1.5681880089585236,1.1149056724059705,0.008543848733408292
1.5055680706586105,1.1065602799301333,0.00855611881178428
1.4059554443032347,1.111826511433168,0.008564820629229896
1.277101394223309,1.1417048552815325,0.008570173016325552
1.126247447795126,1.1592625305974835,0.00857239480365164
0.954734969801596,1.09549681943925,0.008571704821788574
0.7601839643669295,0.8838142588396809,0.008568321901316761
0.5417135620131343,0.5442010681847357,0.008562464872816596
0.3386718694762423,0.0,0.00855435256686849
0.23324887416852527,0.0,0.008544203814052851
0.3088663090918031,0.0,0.008532237444950082
0.5689050865101942,0.0,0.008518672290140585
0.8722064277389008,0.0,0.008503727180204763
1.0624605790782131,0.0,0.008487620945723024
1.05838933773309,0.0,0.008470572417275772
1.0169865510063338,0.0,0.008452800425443422
1.1424355724079396,0.0,0.00843452380080636
1.5843906930295484,0.0,0.008415961373945003
2.177131487401079,0.0,0.00839733197543975
2.6418169278035757,0.0,0.008378854435871013
2.725049481494131,0.5009455695864709,0.008360747585819195
2.45809618881118,0.8305658828559734,0.008343230255864696
2.049973261371254,1.0307935188194817,0.008326521276587921
1.708236010116521,1.070838048702014,0.00831083947856928
1.534718806392961,1.022265980289474,0.008296403692389173
1.5197651331648945,0.9617635221705666,0.008283432748628012
1.6482909695792598,0.9358062937621255,0.008272145477866196
1.8957731034676994,0.9335132999827315,0.008262760710684127
2.220815663545877,0.9375945754536117,0.008255497277662215
2.58027475780363,0.9353856216176941,0.008250574009380863
2.933965897057289,0.9297310016308546,0.008248209736420478
3.250999142899697,0.926722140992386,0.008248623289361464
3.502304513084589,0.9314027486806766,0.008252033498784221
3.65917658520901,0.9424034445091458,0.008258659195269162
3.694994232077994,0.9559293034479767,0.008268719209396685
3.583875839723679,0.9683323573041014,0.008282432371747195
3.3072223797599536,0.977765664421029,0.008300017512901105
2.926361590973463,0.983563426726031,0.008321693463438813
2.5520292902583708,0.9851259741078824,0.008347679053940725
2.2925214034249763,0.9831198608622361,0.008378193114987248
2.1771626739741174,0.9796125143891486,0.008413454477158785
2.152807772378218,0.9767385086855138,0.008453681971035729
2.162680718059817,0.9760473294966648,0.008499094427198506
2.1713043676735744,0.9779889779503876,0.008549910676227514
2.1808878875026383,0.982892014082539,0.008606349548703159
2.1974923515421008,0.9905427833332014,0.008668629875205837
2.2163579449356368,0.9989297265134072,0.008736970486315939
2.199113272324613,1.005669126849934,0.008811590212613908
2.100880002615831,1.0083362553697466,0.008892707884680134
1.892500398945462,1.0042582482769054,0.008980542333095016
1.6336669302433005,0.9906694010030209,0.009075312388438962
1.4152544677178178,0.9655280440880498,0.00917723688129234
1.3193161156170015,0.9352846612286393,0.009286507032207979
1.3319903146910446,0.9119035826546128,0.009403015019286151
1.380718310661272,0.9070441527583506,0.009526470014687134
1.3942982632878673,0.9215002880522762,0.009656578556889539
1.3553617887278229,0.9441622429804241,0.009793047184371928
1.302211607948183,0.9633589755724439,0.009935582435613015
1.2754600017401196,0.9721381727070102,0.01008389084909136
1.293503250662727,0.9723244484753815,0.010237678963285583
1.335826106565445,0.9666986304878592,0.010396653316674286
1.3779854818618436,0.9574732958459126,0.01056052044773603
1.4019702730868417,0.944997619991957,0.010728986894949543
1.4095290297385683,0.9292394100575183,0.010901759196793382
1.4061922583106115,0.9107725381567054,0.011078543891746152
1.3965240922099758,0.8937954235598988,0.011259047518286474
1.3796893250601507,0.8838480332928765,0.011442976614892887
1.352978408651998,0.8858518628612193,0.011630037720044138
1.3142996842992427,0.8975490048302761,0.01181993737221878
1.268185373447144,0.9120665167431845,0.012012382109895416
1.2231806721722007,0.9225614528616652,0.012207078471552661
1.187308706610038,0.9250315602783022,0.012403732995669062
1.1547077969007389,0.9185563873948096,0.012602052220723366
1.1052973113534474,0.9023940883843746,0.012801742685194115
1.0186860501182033,0.8782270956484981,0.01300251092755993
0.9021999713089822,0.8522011384841839,0.013204063486299412
0.8112214588061307,0.8309421564323954,0.013406106899891112
0.8059023118256861,0.821156593438945,0.013608347706813783
0.9081257039411498,0.8298119673069024,0.013810492445545958
1.0234981982476763,0.8639286251820586,0.014012247654566263
1.0356237723111812,0.9225268901505171,0.0142133198723533
0.8579882679163792,0.9573343692092688,0.014413415637385608
0.5691280484520932,0.9027629565637438,0.014612241488141955
0.3042522817268082,0.7021682736560465,0.01480950396310087
0.18608738069426792,0.4012669795943676,0.015004909600740975
0.20515758252415203,0.0,0.01519816493954087
0.2726988346312388,0.0,0.015388976517979117
0.3016040586266398,0.0,0.015577050874534449
0.26924081176043735,0.0,0.01576209454768541
0.21835999202305492,0.0,0.015943814075910633
0.19428219466962118,0.0,0.016121915997688707
0.21459519160415916,0.0,0.016296106851498193
0.24928831056129624,0.0,0.016466093175817827
0.2636747477896913,0.0,0.016631581509126154
0.23689380561716603,0.0,0.0167922783899018
0.18963482619397165,0.0,0.01694789035662336
0.15036019396079317,0.0,0.017098123947769404
0.1424488435564757,0.0,0.017242685701818656
0.16152172585891042,0.0,0.01738128215724966
0.1937724747251722,0.0,0.01751361985254104
0.225818116124185,0.0,0.017639405326171403
0.24876337042838537,0.0,0.01775834511661932
0.25637739231573575,0.0,0.017870145762363492
0.2428779024704162,0.0,0.017974513801882492
0.21206482180959302,0.0,0.01807115577365492
0.17736070693992834,0.0,0.018159778216159397
0.15251051686189554,0.0,0.0182400876678745
0.14353394412238438,0.0,0.018311790667278914
0.14332525228028692,0.0,0.018374593752851207
0.14350602942616397,0.0,0.01842820346307
0.1391184863249968,0.0,0.018472326336413904
0.13537213778255894,0.0,0.018506668911361514
0.13935693019429363,0.0,0.01853093772639148
0.15571397773029588,0.0,0.018544839319982385
0.17586489193686858,0.0,0.01854808023061285
0.1867905938162266,0.0,0.018540366996761492
0.1771831173691525,0.0,0.018521406156906922
0.1533477603909769,0.0,0.018490904249527748
0.1319418997176187,0.0,0.018448567813102577
0.1289384904695983,0.0,0.01839410338611003
0.14171294259753817,0.0,0.01832721750702872
0.14914648689361773,0.0,0.01824761671433729
0.12964430825052792,0.0,0.018155007546514283
0.08580202156367019,0.0,0.01804909654203836
0.060901745164801235,0.0,0.017929639875341113
0.10210631550645878,0.0,0.017796900340115333
0.2316159086802303,0.0,0.017651436988282337
0.398242252554784,0.0,0.017493812600536854
0.5373785357237224,0.0,0.01732458995757376
0.6177738541668241,0.0,0.01714433184008788
0.7861944551419613,0.0,0.016953601028774037
1.2485525804357671,0.0,0.01675296030432713
2.176906143604267,0.5612891599634394,0.01654297244744184
3.399621896971441,0.9284871925238427,0.016324200238813064
4.545100337225716,1.155742062336892,0.016097206459135635
5.251039393039918,1.2149694763295957,0.015862553889104368
5.418636618255007,1.1882275615047742,0.015620805309414178
5.2085732280269115,1.1622941129445958,0.015372523500759731
4.791927219434188,1.1850533064443414,0.015118271243835921
4.297533638038044,1.2356453123222992,0.014858611319337581
3.783892275556477,1.2861880673189796,0.01459410650795953
3.302842840949302,1.3167403924026861,0.014325319590396702
2.9019327825651176,1.3319978591079924,0.014052813347343719
2.616228062019327,1.341419726091375,0.013777150559495516
2.4785385162743947,1.3530613720262512,0.013498894007546903
2.506615441282915,1.367053409417187,0.013218606472192716
2.6387569968215407,1.3807484522202251,0.01293685073412788
2.787152018597316,1.3917328466358756,0.012654189574047011
2.872836633914337,1.40015319865221,0.012371185772645047
2.9055557899963826,1.4077212412508944,0.012088402110616807
2.946146126266955,1.4160903935936346,0.011806401368657116
3.052820655901385,1.4249429610350361,0.011525746327460906
3.212596310046971,1.431924976217724,0.011246999767722796
3.3430617209088247,1.4346053659178604,0.010970724470137713
3.3597502072222047,1.4319765136400293,0.010697483215400486
3.2372212019991515,1.425521300072585,0.010427838784205936
3.047326828861165,1.41697402258583,0.010162353957248982
2.870963416751358,1.4083316503989902,0.009901591515224266
2.7472468897749356,1.4023971566686488,0.009646114238826707
2.595121096418165,1.4021275944804126,0.009396484908751128
2.3120558949596237,1.4087129373224874,0.009153266305692357
1.836337678460492,1.4134821872383192,0.008917021210345303
1.3191692605669214,1.4043451700863518,0.008688312403404622
0.9809537483080737,1.3709241661676073,0.008467702665565223
1.0195294172653375,1.3211541702135958,0.008255754777521938
1.4094304017239172,1.2740527177341199,0.008053031519969585
1.997878692584665,1.2481606439836794,0.007860095673603061
2.6328516324369677,1.2468908262359588,0.007677510019117054
3.2106870672123593,1.2581802824070885,0.007505837337206461
3.674423327832325,1.2693374494164456,0.007345640408566105
3.969335022273309,1.2736302133509083,0.007197482013890811
4.0636157021775645,1.2746478660118081,0.007061924933875454
3.9628573112437815,1.277005724386959,0.006939531949214762
3.676122472450706,1.2822375530905246,0.006830865840603611
3.23444824012279,1.2825250183660246,0.006736489388736826
2.7313898878342773,1.2682822782403913,0.006656965374309232
2.271546555495941,1.2336596175021595,0.006592779922158444
1.9405296559290013,1.193418332528815,0.006543669109132313
1.7260249529432121,1.1693885892999025,0.00650894463631554
1.5842405350163635,1.1805670948740443,0.006487913382285167
1.4731960038287277,1.216040042893424,0.006479882225618228
1.3687236354396886,1.2469741046249643,0.006484158044891759
1.2567084839364586,1.2455122171808901,0.006500047718682798
1.1238000056469797,1.2124922287310866,0.006526858125568383
0.9704828501904532,1.1778209686995633,0.006563896144125554
0.8104718421618275,1.172232114919108,0.006610468652931344
0.6579558703927659,1.1890893182233813,0.006665882530562772
0.5233617663687787,1.157686538213642,0.006729444655596916
0.41103905615703357,1.0010502977831441,0.006800461906610792
0.3247913042033198,0.6870193202429417,0.00687824116218144
0.2739949220040572,0.0,0.006962089300885892
0.2837094072689671,0.0,0.00705131320130116
0.38173295554371556,0.0,0.00714521974200434
0.5832232772404472,0.0,0.007243115801572443
0.8388851017286132,0.0,0.007344308258582501
1.078932780776116,0.0,0.007448103991611551
1.2395506306906865,0.0,0.007553809879236635
1.314485397371671,0.0,0.007660732800034749
1.3296407321861914,0.0,0.007768179632583008
1.3106956116590314,0.0,0.007875457255458407
1.2713046085546607,0.0,0.00798187254723799
1.2137357179675479,0.0,0.00808673238649879
1.1401443341806998,0.0,0.008189343651817813
1.0746057003941838,0.0,0.008289060318316492
1.0762505009685166,0.0,0.008385687277539177
1.207283027785313,0.0,0.008479280202132147
1.4748718718827694,0.0,0.008569897462066598
1.7329810149331235,0.0,0.008657597427313682
1.8091275301363803,0.0,0.008742438467844641
1.5745109067475656,0.0,0.008824478953630631
1.1205455867694343,0.0,0.008903777254642836
0.6078845679768582,0.0,0.008980391740852444
0.1927078367408184,0.0,0.009054380782230613
-0.011562400864771526,0.0,0.009125802748748581
0.08485197022920846,0.0,0.009194716010377506
0.5631000668594927,0.0,0.009261178937088568
1.332198655740925,0.0,0.009325249898852963
2.1397506192649867,0.0,0.009386987265641846
2.7296207640881245,0.4933443726960939,0.009446449407426446
3.0042946841406057,0.9500302581711177,0.00950369469417793
3.1173974743733055,1.288900126209851,0.009558781495867481
3.2446656090569452,1.4026480023068075,0.009611768182466288
3.4763588527287763,1.3640195060186289,0.009662713123945506
3.6673645500513485,1.2786411447901065,0.009711674690276376
3.6324056402778617,1.2380805624581794,0.009758711251430047
3.2376186589577993,1.2589660657779764,0.00980388117737771
2.6054019479333617,1.3330566413195717,0.009847242838090553
1.937838184239616,1.4465505463367128,0.009888854603539743
1.4196283387756765,1.5295031517763769,0.009928774843696496
1.072114585190861,1.4793400977769267,0.009967061928531985
0.8272228536897714,1.1992379675461147,0.010003774228017386
0.6184821828486526,0.729822867627898,0.010038970112123893
0.4302466066302189,0.0,0.01007270795082268
0.29406600617373185,0.0,0.01010504611408495
0.242706837205358,0.0,0.010136042971881877
0.2735385452845752,0.0,0.01016575689418465
0.3284471495779141,0.0,0.010194246250964448
0.344524352013027,0.0,0.010221569412192452
0.292505157503266,0.0,0.010247784747839866
0.2347665397295002,0.0,0.010272950627877864
0.24914352631276318,0.0,0.010297125422277629
0.4039613459217239,0.0,0.010320367501010348
0.7206803370536686,0.0,0.010342735234047199
1.2063490344281487,0.0,0.010364286991359382
1.8553689390349435,0.0,0.010385081142918074
2.544992393287727,0.0,0.010405176058694461
3.089001010339844,0.0,0.010424630108659726
3.3103513140830825,0.5369876743042095,0.010443501662785052
3.2267284275628,0.9414479508300814,0.010461849091041631
3.03487947830425,1.2026932612737011,0.01047973076340065
2.936221790456313,1.257313992629369,0.010497205049833282
3.012347767535603,1.1935015776714493,0.010514330320310721
3.15890235976949,1.1135548056741555,0.010531164944804144
3.2555881578118364,1.0895421360721333,0.01054776729328475
3.229843283682398,1.1066824655230654,0.010564195735723713
3.13773315860198,1.1346942374838969,0.010580508642092227
3.0567698750585257,1.1480487689998464,0.010596764382361465
3.040978527339721,1.1459802522826985,0.010613021326502617
3.0299440289704953,1.1357616375005422,0.010629337844486872
2.928447634768457,1.1242001446291452,0.010645772306285415
2.6559470081492296,1.1134662588823394,0.010662383081869427
2.266247621852508,1.1030897931052241,0.010679222796883688
1.8852025025794066,1.0925242808472275,0.010696291564157355
1.6339308286860954,1.08023836156752,0.010713561353162648
1.5276215264291533,1.0637505803077716,0.01073100386570819
1.485005115236206,1.0406438073150595,0.01074859080360259
1.422045212240659,1.0156080845322812,0.010766293868654464
1.2988907379582035,1.0049182522303426,0.010784084762672431
1.1435753041850474,1.0258914100296606,0.010801935187465115
0.9898798941102155,1.0743521274601218,0.010819816844841127
0.8590156663917002,1.0850488993209908,0.01083770143660909
0.7386876830435476,0.9819543474203052,0.010855560664577612
0.6110788539826496,0.7148174812656808,0.010873366230555312
0.465192607685313,0.0,0.010891089836350815
0.3228908409946939,0.0,0.010908703183772734
0.21591787418937547,0.0,0.010926177974629685
0.1716991030747312,0.0,0.010943485910730289
0.17862567808086827,0.0,0.010960598693883153
0.20436909034315995,0.0,0.01097748802589691
0.21771018888515312,0.0,0.010994125608580166
0.2124216755826792,0.0,0.011010483143741544
0.20481158217585055,0.0,0.011026532333189657
0.21175930599754555,0.0,0.01104224487873312
0.23669498561579458,0.0,0.01105759248218056
0.2625914880744168,0.0,0.011072546845340588
0.2707245123552992,0.0,0.011087079670021824
0.2517556594110709,0.0,0.011101162658032881
0.22109689000309313,0.0,0.011114767511182374
0.19819211381183385,0.0,0.011127865931278931
0.19718441159966565,0.0,0.01114042962013116
0.2069671468559178,0.0,0.011152430279547682
0.2089237376154311,0.0,0.011163839611337118
0.18774188991390206,0.0,0.011174629317308074
0.15759673258281373,0.0,0.011184771099269178
0.14815568241564264,0.0,0.011194236659029046
0.18702830083862146,0.0,0.01120299769839629
0.2603018548300581,0.0,0.011211025919179529
0.3169877628054332,0.0,0.011218293023187383
0.30570433712018036,0.0,0.011224770712228466
0.22561860891311356,0.0,0.011230430688111397
0.15202118884025348,0.0,0.011235244652644796
0.1664272022807195,0.0,0.011239184307637278
0.31599316544105255,0.0,0.011242221354897457
0.5582443089472454,0.0,0.011244327496233952
0.83627364655288,0.0,0.011245474433455386
1.1022532896347694,0.5371806195196405,0.011245633868370372
1.3511157637601219,0.8200937660608066,0.011244777502787521
1.5903707039806394,0.9693768435519384,0.011242877038515462
1.8307723074864748,0.9945820268523962,0.0112399041773628
2.1116414972290416,0.9665120447950467,0.011235830621138166
2.487154269611059,0.9543681228783012,0.011230628071650164
3.006572472851771,0.9812993594960864,0.011224268230707421
3.6253424399880076,1.0273154062341505,0.011216722800118555
4.215958378771403,1.0709177832405412,0.011207963481692175
4.649331634804638,1.1003948995062125,0.011197961977236898
4.865453695842168,1.1195138636991833,0.01118668998856135
4.907313434782303,1.133409937639145,0.011174119217474143
4.8262834995482695,1.1471256802364167,0.0111602213657839
4.6662884871827695,1.165448675072904,0.01114496813529923
4.452031245384867,1.1931230498782401,0.011128331227828749
4.205155498919054,1.2330892353848273,0.011110282345181084
3.9522179395487465,1.279308342682672,0.011090793189164842
3.742654045679069,1.3229526734673056,0.011069835461588655
3.632553948194096,1.3562909867104307,0.011047380864261125
3.6645373717053107,1.381876108907119,0.011023401098990875
3.764032177723838,1.4078838336026316,0.010997867867586521
3.7961490540213187,1.4421331557122596,0.010970752871856681
3.6346106390110564,1.4840947458560512,0.010942027813609975
3.3199570527186193,1.5254951531684053,0.010911664394655017
3.0387900653929356,1.5578423719777381,0.01087963890551545
2.9796856417627744,1.5772319034045497,0.010845967400405776
3.174889175878663,1.586942297140593,0.010810686333615153
3.4258730824202455,1.5908772613025677,0.010773832325832698
3.515779445734535,1.5921100694853414,0.010735441997747503
3.326752029164288,1.591454564677506,0.010695551970048659
2.993705302904889,1.589343942453555,0.010654198863425259
2.6913142326806643,1.5861908223045178,0.010611419298566403
2.556209503429881,1.5823065461194992,0.010567249896161176
2.5498469937884645,1.5779713479499107,0.010521727276898669
2.5832962775054993,1.573522752442771,0.010474888061467987
2.5774804753960976,1.569828488464265,0.010426768870558241
2.538018038359362,1.5680432331269192,0.010377406324858467
2.5136719424215785,1.569215664981084,0.010326837045057791
2.550147112784289,1.5722362680255337,0.010275097651845302
2.6318578380448026,1.5740130380536925,0.010222224765910093
2.690077475204994,1.5714088866885143,0.010168255007941256
2.6550232659898434,1.5629981049775028,0.01011322499862789
2.493174075943423,1.550007910779841,0.010057171358659082
2.224006882861843,1.5338935263333702,0.010000130708723923
1.8712774649245496,1.515966926686845,0.009942139669511515
1.4889364369835087,1.49715454094463,0.009883234861710978
1.2072052417252277,1.4783185937135044,0.009823452906011337
1.1681628645255264,1.4599406901135168,0.009762830423101719
1.4690628250968318,1.4406501113997117,0.009701404033671215
2.0030773628615894,1.4185134758588274,0.00963921035840892
2.605330648084235,1.3923196372287918,0.009576286018003926
3.124256599231354,1.367457382704454,0.00951266763314533
3.5212591727516065,1.3528510222264964,0.00944839182452222
3.8146991336587313,1.356927860923868,0.009383495212823688
4.021373197949659,1.3777646864250659,0.009318014418738833
4.1226070197848195,1.4040231121511286,0.00925198606295679
4.069271989738658,1.4241349135257366,0.009185446766166559
3.812806391773099,1.4331427281667415,0.009118433149057279
3.3827572237739636,1.4362350443554615,0.00905098183231804
2.921700172857238,1.4394562216031175,0.00898312943663794
2.580893920373092,1.4459477667812108,0.008914912582706075
2.452153227581699,1.4511222622174136,0.008846367891211527
2.47873949204675,1.4491200614007247,0.008777531982843395
2.581088636387035,1.4361561928210758,0.008708441478290776
2.686179691043764,1.4184285524315454,0.008639132998242755
2.75044683792205,1.4051338940320923,0.008569643163388475
2.7386091185574757,1.4036688018809456,0.008500008594416936
2.6228825741588855,1.4051840148505035,0.008430265912017273
2.4383078838414534,1.3922162909611324,0.008360451736878587
2.251274595638695,1.3492956795292734,0.008290606402052364
2.124223818759046,1.3007201634232777,0.008220801303789342
2.046632090635487,1.3066092937053935,0.008151123318530115
1.945942886245009,1.4263711428785022,0.008081659436078557
1.7493126840009063,1.606084476128216,0.008012496646238541
1.4665491955183554,1.6196299342464853,0.007943721938813954
1.2258783275066756,1.2269070789093985,0.007875422303608713
1.1644019099272895,0.4138781174786849,0.0078076847304266025
1.328040345720877,0.0,0.007740596209071542
1.537270195440004,0.0,0.007674243729347412
1.5783333257223409,1.4009031738423983,0.007608714281058093
1.3009961426123984,0.0,0.007544094854007455
0.837786388545005,0.0,0.007480472437999379
0.39987823968886593,0.0,0.0074179340228377405
0.1745570666766262,2.57506939011357,0.007356566598326417
0.1513446711520297,0.6645065511183088,0.007296457154269286
0.2220974000673262,0.0,0.007237692680470263
0.2816913370011296,0.0,0.007180360166733144
0.28877760457130797,0.0,0.007124546602861847
0.2556978286649004,0.0,0.007070338978660249
0.1967006739873652,0.0,0.007017824283932226
0.1371258686157723,0.0,0.006967089508481658
0.11804666169803606,0.0,0.006918221642112417
0.18172148788011916,0.0,0.0068713076746283845
0.3666777887065605,0.0,0.006826434595833434
0.7023161529991665,0.0,0.006783689395531443
1.2166674576761116,0.0,0.006743159063526317
1.9114760451356894,0.0,0.006704930589621875
2.672791039111765,0.0,0.006669090963622024
3.3548411610718394,0.0,0.00663572717533064
3.8299046319058676,0.6351814463469125,0.006604926214551601
4.117838057045932,1.0218821611067643,0.006576775071088782
4.310627631949246,1.235107846774369,0.006551360734746062
4.492845328114562,1.2643613561142946,0.006528770195327316
4.615313260031389,1.2231120318848374,0.006509090442636422
4.517353813813578,1.227372375673692,0.006492408466477257
4.039279571343595,1.3002774365965128,0.006478811256653705
3.22655629463438,1.3266307922936709,0.006468385802969623
2.412799515778965,1.1801378619503762,0.006461219095228902
1.9526388223112994,0.8103307158525095,0.006457398123235416
2.015158307923001,0.0,0.006457009876793042
2.3203666792726354,0.0,0.006460141345705662
2.5216692020601674,0.0,0.0064668795197771415
2.3632510000619247,0.0,0.006477311388811368
1.98437003640178,0.0,0.006491523942612214
1.6317314801555622,0.0,0.006509604170983558
1.5212301271423636,0.0,0.006531639063729257
1.619920853090052,0.0,0.006557715610653223
1.7744936099158442,0.0,0.006587920801559312
1.8383651029007901,0.5318210063418504,0.00662234162625141
1.7901024612234524,0.9166495390951253,0.006661065074533385
1.7115833536784493,1.1381893724160184,0.00670417813620912
1.6865071508271803,1.1398813064100495,0.00675176780108249
1.7406615569924844,1.0257171075464797,0.006803921058957373
1.8192970046689176,0.9124899966593328,0.006860724899637644
1.8618000878899035,0.8775323126120369,0.00692224094625655
1.8338150881608115,0.8975403167206483,0.006988327372236031
1.7638652225229414,0.9334001051677216,0.007058744515468595
1.6896896697663086,0.9526924392573415,0.007133252090544934
1.6410997982353905,0.9537865354120205,0.007211609812055785
1.6137917453771884,0.9438968776286467,0.0072935773945918755
1.5942869721583723,0.9299076671261571,0.007378914552743945
1.5710637076589185,0.9158626194652779,0.007467381001102726
1.5482112073305305,0.904360074141954,0.007558736454258948
1.5372917031276185,0.8978804573602707,0.007652740626803352
1.5491576128770752,0.896988692143864,0.007749153233326668
1.5822495087315378,0.9005906363041065,0.007847733988419628
1.6248623456451017,0.9075307443259445,0.007948242606672899
1.6650485113526734,0.916317134415173,0.008050438802677355
1.693304812739274,0.9249668750726905,0.008154082291023658
1.7034939535554752,0.9314564883239659,0.008258932786302546
1.6897330146046994,0.9331014722164015,0.00836475000310475
1.6487408266565033,0.9255495149306107,0.008471293656021003
1.5834007753580541,0.9041893406614977,0.008578323459642042
1.4974891073393666,0.8670121986172279,0.008685599128558598
1.3958889686798233,0.8238438498157002,0.008792880377361405
1.2881934106034523,0.7878722021380871,0.008899926920641203
1.1852479800440558,0.770626558562025,0.009006498472988643
1.0983098619364635,0.7695793936921379,0.009112354748994614
1.0418800637601804,0.7751238703522008,0.009217255463249769
1.0319963122608367,0.7779898757069129,0.009320960330344854
1.0824312330525752,0.775824892263064,0.00942322906487059
1.1702134320312394,0.7722094038863391,0.009523821381417717
1.2426304549146259,0.7708784839853595,0.009622496994576969
1.2474517762289588,0.7736798199729639,0.009719015618939075
1.1904894069619771,0.7797328192978529,0.00981313696909478
1.1566904530919633,0.7879453516262195,0.00990462075963481
1.236527881181425,0.7977998168209732,0.009993226705149835
1.4785724183194282,0.8102127571484052,0.010078714520230719
1.833159299528936,0.8263207971730896,0.010160843919468133
2.2365637545281265,0.8464699946384101,0.010239374617452807
2.625738766671788,0.8674517877861235,0.010314066328775476
2.940488902789731,0.8850589994124297,0.01038467876802688
3.121368570995698,0.8956955210853014,0.010450971649797743
3.1199639802609225,0.9008799655101323,0.010512704688678804
2.973743187771476,0.9046803246935429,0.010569637599260802
2.7604373385174323,0.9109837947542446,0.010621530096134464
2.5562119638994663,0.9202006694317655,0.01066814189389049
2.4086437224119526,0.9297883414804408,0.01070923270711969
2.3423957287493327,0.9371407187731277,0.010744562250412757
2.381000808843253,0.9411324218469503,0.010773890238360425
2.527357446989441,0.9427573071070127,0.010796976385553428
2.756508418080964,0.9431681175827995,0.010813580406582503
3.041373738883964,0.9419976380890583,0.01082346201603838
3.316283894636803,0.9351248733344468,0.010826380928511797
3.426052837411985,0.9178595147896955,0.010822096858593486
3.202834240345806,0.8874105939332301,0.010810369520874174
2.5550185102445453,0.8494313482783199,0.010790958629944626
1.7081643952531587,0.811920856853724,0.01076362390039554
0.9702995414586776,0.7820667394355674,0.010728125046817659
0.609372730944255,0.760347929493603,0.01068422178380172
0.5850923089512585,0.7439339391493428,0.01063167382593846
0.7141598982702345,0.7300268373060405,0.010570283985096716
0.81969812381813,0.7167872989480717,0.01050018602344269
0.837769962454895,0.70318217890437,0.010421667045366735
0.794071298331161,0.6882393150382308,0.010335014992647985
0.7166199890069208,0.6726970622155823,0.010240517807065575
0.6274324280659255,0.6597177045206509,0.010138463430398722
0.5405029692679686,0.6526394836894006,0.010029139804426412
0.4692420946334305,0.6521126611529791,0.009912834870927848
0.4211554676154829,0.6522195658368147,0.00978983657168216
0.39019528599317904,0.6460580847383532,0.009660432848468497
0.36841965547555433,0.63021207967894,0.009524911643065981
0.3491912886674288,0.6165898362795424,0.009383560897253751
0.3312397224202449,0.6213093760749007,0.009236668552810941
0.3146743477393435,0.6552185474016435,0.009084522551516693
0.30139656892649347,0.686132445691367,0.008927410835150132
0.30692363777560283,0.6608569909075172,0.008765621345490516
0.35302403646825037,0.530262356167991,0.008599442024316745
0.45828863933484554,0.0,0.00842916081340807
0.5917458788683281,0.0,0.008255065654543628
0.6834755986814135,0.0,0.008077444489502551
0.6640315375277166,0.0,0.007896585260063975
0.5257267677853656,0.0,0.007712775908007032
0.3426148554833389,0.0,0.007526304375110859
0.19422654191864508,0.0,0.0073374586031545955
0.12773613411637547,0.0,0.007146526533917371
0.11682900141303885,0.0,0.006953796109178457
0.1250427372884772,0.0,0.006759555270716717
0.12372065573656787,0.0,0.006564091960311424
0.11595751257149894,0.0,0.006367694119741707
0.11292029326966847,0.0,0.006170649690786709
0.12396676411159524,0.0,0.005973246615225559
0.14487341322288533,0.0,0.005775772834837391
0.16524640089936446,0.0,0.005578516291401345
0.17526705075343885,0.0,0.0053817649266965535
0.17433441185394655,0.0,0.0051858066825021506
0.16902020497284329,0.0,0.004990929500597411
0.1660075561232763,0.0,0.0047974213227611915
0.1689026085590736,0.0,0.004605570090772763
0.1772790489304982,0.0,0.004415663746411267
0.19042881151537858,0.0,0.004227990231455832
0.20574329266793911,0.0,0.004042837487685594
0.21634256214373493,0.0,0.003860493456879696
0.2147639199084833,0.0,0.0036812460808172613
0.19716424499739857,0.0,0.003505383301277432
0.17425908406090487,0.0,0.0033331930600393397
0.16042384984457175,0.0,0.003164963298882238
0.16746855848672157,0.0,0.003000981959585027
0.18817655877234543,0.0,0.0028415369839269564
0.20677718822589286,0.0,0.002686916313687163
0.2084015255723969,0.0,0.002537407890644783
0.19230482475076366,0.0,0.0023932996565789516
0.1686250181347157,0.0,0.002254879553268801
0.14767410690100496,0.0,0.002122435522493469
0.13563607410960676,0.0,0.001996255506032089
0.13333818145257903,0.0,0.0018766274456637946
0.1412251883782515,0.0,0.0017638392831678036
0.15450268028953912,0.0,0.0016581789603230864
0.15672475540885888,0.0,0.0015599344189088599
0.12987483153493937,0.0,0.0014693936007042607
0.07298904082455636,0.0,0.0013868444474884232
0.052925473417731246,0.0,0.0013125749010404818
0.15340103776970326,0.0,0.0012468729031395738
0.44263662921360475,0.0,0.0011900263955648305
0.8752996107887238,0.0,0.001142323320095388
1.3555400704708545,0.0,0.0011040516185103835
1.7886153428739398,0.0,0.001075499232588967
2.0995289794718843,0.0,0.0010569541041102327
2.228349540198758,0.0,0.0010487041748533375
2.1174356602430833,0.0,0.0010510373865974213
1.7816174329954781,0.734878212806029,0.0010642416811216134
1.3288443202413693,0.9770471912309477,0.0010886050002050518
0.8730963305312849,1.042133234340123,0.0011244152856268717
0.5102411513029702,0.9565089346127159,0.0011719604791662062
0.2962869319344478,0.7617577081777797,0.0012315285226021915
0.2819330018881393,0.5027799284173842,0.001303407357713962
0.49254652076442235,0.0,0.0013878849262805883
0.8538709377910948,0.0,0.0014852491700813244
1.2671628689255854,0.0,0.0015957880308952524
1.6392127161269738,0.0,0.001719789450501504
1.9168780448380587,0.0,0.0018575413706792166
2.064654555894283,0.0,0.002009331733207523
2.050445581227735,0.0,0.0021754484798655596
1.8906112291719563,0.0,0.0023561795524324586
1.6381174107453063,0.0,0.002551812892687359
1.3479170984208884,0.0,0.002762636442409394
1.1152291120478353,0.0,0.002988938143377531
1.0865027082822307,0.0,0.003230873796519516
1.4107837632839868,0.0,0.003487648158030838
2.0998611831286844,0.7282458016335182,0.0037580495228143303
2.8666145612275873,1.033420745900018,0.004040864422434394
3.3845912137548413,1.1740632282045935,0.004334879388455432
3.4279795764922953,1.1918818596712097,0.0046388809524418395
3.162331335954216,1.1643410620644745,0.0049516556459580216
2.8483161758287134,1.161371020364286,0.005271990000568379
2.713451258126724,1.1950319914638876,0.005598670547837309
2.7480720420446834,1.2505656872770572,0.005930483819328979
2.8391991611593617,1.312595490360891,0.006266216346608259
2.8763497998937653,1.3583631565110947,0.00660465466123932
2.7909445816298106,1.359258309974468,0.006944585294786554
2.545747960794826,1.2874953717698858,0.007284794778814374
2.106513624893495,1.1560738515099545,0.007624069644887169
1.5201465199740505,1.0324524209696664,0.007961196424569345
0.9357883813195231,0.987731627780737,0.008294961649425302
0.5087124389232066,1.0568390348233005,0.008624151851019442
0.32317599757088034,1.1917669875258259,0.008947553560916165
0.3103928618333871,1.3329324462743548,0.009263953310679869
0.3816812871317002,1.422874971418663,0.00957213763187474
0.4632675206441036,1.412855489421974,0.009870893056065621
0.5387021679531734,1.2563745719567472,0.010159006114816686
0.6053121792728934,0.922183809245887,0.010435263339692339
0.6648851570391674,0.49476356840649155,0.010698451262256978
0.7507423278404554,0.0,0.010947492372967514
0.9097963523658681,0.0,0.011182269577939389
1.1810834060017643,0.0,0.011403079462312999
1.4916105472535623,0.0,0.011610220228731686
1.6854117421424841,0.0,0.011803990079838792
1.6101325186543147,0.0,0.01198468721827753
1.3113067938158902,0.0,0.012152609846691512
1.081331149297805,0.0,0.012308056167723925
1.2270021767101538,0.0,0.012451324384018128
1.8617532208059793,0.0,0.012582712698217442
2.6866407239734893,0.0,0.012702519312965222
3.3497609563058295,0.0,0.012811042430904808
3.5956653591305803,0.779231384803891,0.012908580254679539
3.535649111706113,1.145066024489836,0.012995430986932751
3.3681576769255903,1.2995670726635238,0.013071892830307793
3.263361435391316,1.273600022345469,0.01313826398744795
3.193914642204155,1.1758336025377454,0.013194842660996672
3.0482358135645238,1.1102200834914513,0.013241927053597242
2.72373659338724,1.1032033065463198,0.013279815367893
2.2474160427769836,1.1209781983481573,0.013308805806527286
1.7413052531229418,1.12864351826914,0.013329196572143438
1.3281561259143304,1.110590803745975,0.013341285867384806
1.0796960559152144,1.0764686041458427,0.013345371894894719
1.004623585538918,1.0376303334450938,0.01334175285731653
1.1077314822897975,1.0048048653684079,0.013330726957293574
1.392894908712626,0.9873190378652889,0.013312592397469201
1.862052406886464,0.9943086435926514,0.013287647380486739
2.5168965176038567,1.0300928981806896,0.013256190108989527
3.3228206821861486,1.0796410244303312,0.013218518785620909
4.108743609703293,1.1230637349621677,0.013174931613024231
4.671516253058458,1.1430853889790018,0.013125726793842829
4.848702795296005,1.1417899655775847,0.013071202530720045
4.758908218101353,1.12995539162842,0.013011657026299217
4.639330243555315,1.1180540586123402,0.012947388483223693
4.713960852546122,1.1113687249852324,0.012878695104136804
5.019806447941251,1.1111877435172912,0.012805875091681953
5.4581006092369035,1.1186210863755042,0.012729226648502371
5.926946249478395,1.1318512285678723,0.01264904797724145
6.321751301692105,1.1452657759767633,0.012565637280542535
6.534627269003435,1.1530102931683626,0.012479292761048961
6.457935066917052,1.1514685031969754,0.012390312621404066
6.055976090679351,1.1419960313121007,0.012298995064251203
5.443309698891872,1.1266178795704846,0.012205638292233706
4.753326667294016,1.107537966112939,0.01211054050799491
4.1096071492389665,1.0876709395543063,0.012013999914178166
3.599258032788325,1.0701079061541905,0.011916314713426874
3.30091198324549,1.0575063782538974,0.011817783108384246
3.267992809491028,1.0493505982238087,0.011718703301693686
3.381961807257112,1.0437146801791881,0.011619373495998534
3.4524826845254064,1.03858519568154,0.011520091893942137
3.30187208051883,1.0307526319955056,0.011421156698167827
2.92687034009299,1.0160959068755733,0.011322866111318951
2.4496198087981194,0.9905913405628828,0.011225518336038846
1.9937458903764291,0.9547694586123429,0.011129411574970856
1.6404903493684018,0.9150063822348212,0.011034844030758321
1.4197596185672572,0.8780540580334294,0.010942113906044642
1.3581509370780291,0.8491102492110676,0.010851519403473037
1.4472121794737098,0.8299562742292593,0.010763329421182266
1.6060431709007241,0.8219190076942124,0.010677614430611172
1.744775160256792,0.824714671753502,0.010594362605174405
1.7977452427106344,0.8317328799955649,0.010513561852853428
1.7882767616839375,0.8348100738994645,0.010435200081629698
1.760136571549519,0.8270240748330628,0.01035926519948468
1.74926543249424,0.8104293789237282,0.010285745114399834
1.7388466346044038,0.7910277001841045,0.010214627734356626
1.6902693261829593,0.7743677426973962,0.010145900967336563
1.5680023217604147,0.7591710825622052,0.010079552721321008
1.3785053687278963,0.7390072980049438,0.010015570904291475
1.1581295453502305,0.7076305919470852,0.009953943424229426
0.9433778951903614,0.6703237393620041,0.00989465818911632
0.7547728695285106,0.6470219620208321,0.009837703106933621
0.5936704178361376,0.6584821761627102,0.009783066085662788
0.4602978603754992,0.7016545668663862,0.009730735033285292
0.35543868204596124,0.7217024614084807,0.009680697857782583
0.2810140977544491,0.656983574172751,0.009632942467136127
0.23908435348856538,0.4718979604109983,0.00958745676932742
0.22840693265390677,0.0,0.009544228672337859
0.2357330588886397,0.0,0.009503246084148936
0.24508657434206327,0.0,0.009464496912742116
0.24268185486007826,0.0,0.009427969066098857
0.22932673506437484,0.0,0.009393650452200624
0.21179371608217804,0.0,0.009361528979028876
0.19657990536444936,0.0,0.009331592554565081
0.1863275930720228,0.0,0.009303829086790694
0.18096212495207978,0.0,0.009278226483687183
0.18031900707198653,0.0,0.009254772653236019
0.18317606258387603,0.0,0.009233455503418633
0.18705497117271563,0.0,0.009214262942216509
0.18940591250528643,0.0,0.009197182877611104
0.18790046093692594,0.0,0.009182203217583881
0.18065841902283353,0.0,0.0091693118701163
0.16585383371852291,0.0,0.009158496743189824
0.1442181643754138,0.0,0.00914974574478592
0.12567598024741283,0.0,0.009143046782886041
0.12221677494003527,0.0,0.009138387765471654
0.1428421979220692,0.0,0.009135756600524222
0.17688198874642094,0.0,0.009135141196025202
0.2057109098131165,0.0,0.009136529459956062
0.2120976976532476,0.0,0.009139909300298257
0.19717214605428884,0.0,0.009145268625033252
0.17487726693065256,0.0,0.009152595342142515
0.15916301915851083,0.0,0.009161877359607495
0.1559843051222827,0.0,0.009173102585409666
0.161893580554338,0.0,0.009186258927530486
0.1729001786120836,0.0,0.009201334293951412
0.1843719700430253,0.0,0.009218316592653899
0.19039152087113015,0.0,0.009237193731619431
0.1848882222563029,0.0,0.00925795361882946
0.16478321723750164,0.0,0.009280584162265444
0.13763228017463033,0.0,0.009305073269908848
0.11335310666406731,0.0,0.009331408849741133
0.10138382561560953,0.0,0.00935957880974376
0.10804203491333766,0.0,0.009389571057898193
0.1383968635238947,0.0,0.009421373502185892
0.19834765854105385,0.0,0.009454974050588321
0.30444830793100514,0.0,0.009490360611086915
0.48061434868122993,0.0,0.009527521091663183
0.7496285174687324,0.0,0.009566443400298566
1.0948951084857454,0.0,0.009607115444974527
1.4539604091471774,0.0,0.009649525133672524
1.7619076524501118,0.0,0.00969366037437402
1.9697153962383156,0.0,0.009739509075060479
2.059884209512462,0.0,0.009787059143713363
2.0186296168904043,0.0,0.009836298488314129
1.8427253201647305,0.0,0.009887215016844244
1.5660579447553922,0.0,0.00993979663728513
1.2306642908357057,0.0,0.009994031257618325
0.8789491337806644,0.0,0.010049906785825251
0.5556837097506743,0.0,0.010107411129887372
0.30657594880076916,0.0,0.010166532197786148
0.17272381506083412,0.0,0.010227257897503046
0.13708869324528247,0.0,0.010289576137019522
0.14286103026136943,0.0,0.010353474824317038
0.13603729752457722,0.0,0.01041894186737706
0.170585637910392,0.0,0.01048596517418105
0.42498452048846824,0.0,0.010554532652710417
1.0830686138457288,0.0,0.01062462070936075
2.133659133487755,0.0,0.010696132269553807
3.182818363007613,0.0,0.010768941348331368
3.7920811543723363,0.0,0.010842921891397421
3.684374483947422,0.6960783442003633,0.010917947844455949
3.143624705860992,1.0199643379922,0.010993893153210938
2.5755730085197155,1.1606091061713069,0.011070631763366381
2.3269697907717086,1.1485649919282155,0.011148037620626267
2.3696128911528036,1.0776359173346322,0.011225984670694569
2.528469685272177,1.0368624117436978,0.01130434685927523
2.635652905685188,1.048103342472966,0.011382998132072344
2.6163487413332556,1.0849683665796752,0.011461812434789852
2.4587830963206314,1.1203813392852684,0.011540663713131722
2.154311736508486,1.1396108214785052,0.01161942591280196
1.7515713147071112,1.1428616902518458,0.01169797297950454
1.3646087162452354,1.1312710123994156,0.011776178858943455
1.110416691432452,1.1116800370113817,0.011853917496822687
1.0302773775861158,1.1027076584134965,0.01193106283884623
1.0183974119833932,1.1244285341687388,0.012007488830718062
0.9520854865366023,1.1782214320384303,0.01208306941814218
0.7520479079517227,1.1968169610497834,0.012157678546822514
0.48816543561943293,1.0971935929126224,0.012231190162463153
0.2623464976917544,0.817288061246855,0.012303478210768031
0.1602676499531005,0.4361433843917677,0.012374416637441148
0.16563321821115845,0.0,0.012443879388186476
0.2226422118937399,0.0,0.012511740408708002
0.278159180141924,0.0,0.012577873644709725
0.31278240843225885,0.0,0.012642153041895622
0.32973165346761246,0.0,0.012704452545969679
0.3325406828441518,0.0,0.012764646102635889
0.3217407104010039,0.0,0.012822607657598198
0.2944677249345905,0.0,0.012878211156560668
0.24781250886363457,0.0,0.012931330545227254
0.19487838292724682,0.0,0.012981839769301938
0.17955607007641972,0.0,0.013029612774488705
0.2492340251327336,0.0,0.013074523506491546
0.47690954105131067,0.0,0.013116445911014444
1.022630558093883,0.0,0.01315525393376139
2.064924624324952,0.0,0.013190821520436368
3.6937161214004326,0.0,0.013223022616743364
5.448764006286439,0.0,0.01325173116838635
6.658967809686649,0.0,0.01327682112106935
6.7139861824761615,0.49341709863608657,0.013298166420496327
5.743290493944041,0.8272123782701664,0.013315641012371279
4.367533671691577,1.0332734045274659,0.01332911884239818
3.2033827237006753,1.0774845748749862,0.013338473856281024
2.502732277015786,1.0334245364090358,0.013343579999723795
2.109023257310758,0.9807074474627046,0.013344311218430485
1.844751598297097,0.9682275182684408,0.013340541458105072
1.6050729437284819,0.9827530954225319,0.013332144664451553
1.4234174770614452,1.0035586382103585,0.013318994783173915
1.3487084707055135,1.014620240703127,0.013300965759976139
1.404173974697146,1.016794736393809,0.01327793154056221
1.5266660024653267,1.0147260933200206,0.013249796730796699
1.6349064571916367,1.0126194843090879,0.01321665438411058
1.6622740563151965,1.0117946890897545,0.013178669101407822
1.632102184480683,1.0124060136728492,0.013136005621053102
1.6018310951176522,1.014418675777752,0.01308882868141113
1.6233637760076685,1.0153923908542155,0.0130373030208466
1.6817948948714574,1.0112099801548275,0.012981593377724214
1.7183043678639955,0.9979099796326932,0.012921864490408701
1.6769780018130036,0.9774800319159498,0.012858281097264683
1.6044895337773228,0.9588968002827233,0.012791007936656893
1.6612653358968317,0.9514998259569712,0.012720209746950028
2.0122957936812806,0.9596720344345896,0.012646051266508791
2.67578023893653,0.9778756848549724,0.012568697233697867
3.393421162678389,0.9993911319963932,0.012488312386881964
3.8763400427937693,1.0188521647450852,0.012405061464425769
3.933388798053259,1.035697814417178,0.012319109204693987
3.6983083124946416,1.0504330592882987,0.012230620346051314
3.3722650799276566,1.0634632464982103,0.01213975962686251
3.1300320711026903,1.0745462374315216,0.012046691785492138
2.9862677786466314,1.0831811414724273,0.011951581560304963
2.8955742655432557,1.0889005752156016,0.011854593689665686
2.8152728025898384,1.0916735007250082,0.011755892911938999
2.7359236529251363,1.0917700487338051,0.011655643965489598
2.669718399130025,1.0895182287435237,0.011554011588682182
2.6288958736373194,1.0868400042384134,0.011451160519881449
2.616882967884121,1.087511629406823,0.011347255497452092
2.6274308780567024,1.0953879675383802,0.01124246125975881
2.653690386860676,1.110976713545489,0.011136942545166372
2.6777572849786506,1.1281551050383722,0.011030864092039332
2.661116447231582,1.1400203082685256,0.010924390638742456
2.563005648846711,1.1417751941203493,0.01081768692364044
2.365111204993424,1.1360155441376334,0.010710917685097984
2.1229205712662567,1.1269587044458884,0.010604247661479783
1.9070648973860458,1.1184046684443,0.010497841591150534
1.7752507473952075,1.1114727756466418,0.010391864212474934
1.7076835982746283,1.1062225200430182,0.010286480263817682
1.6558121766368181,1.102723148567728,0.01018185448354347
1.5748393581061275,1.101199590325599,0.01007815161001707
1.4640802344448614,1.1019831626968988,0.009975536381603037
1.35127125942786,1.1053063499364029,0.009874173536666132
1.2638898936534804,1.1083637776656634,0.009774212183290703
1.2097693551210988,1.1048505499383994,0.00967570811071252
1.1753833028500376,1.0883064147625163,0.009578682622543848
1.1461625633985495,1.057086081113642,0.009483156967174137
1.110774928399195,1.0189843373856522,0.009389152392992867
1.0638617230359049,0.9828928659584608,0.009296690148389493
1.0007096381317961,0.9555920835277021,0.009205791481753486
0.919589687043586,0.9365323860170592,0.009116477641474368
0.8284756692321068,0.9235744526450268,0.009028769875941487
0.7373099044543917,0.914750709454551,0.008942689433544366
0.6601478717192175,0.9091838639275852,0.008858257562672469
0.6354250198006999,0.9064230862861082,0.008775495511715262
0.7105255120763332,0.9060820428739161,0.008694424529062213
0.9260655886692143,0.9085626477368829,0.008615065863102785
1.2450299456967768,0.9148001365800602,0.008537440762226442
1.5808844291867692,0.9256609455472686,0.008461570474822652
1.8483279962398715,0.9396830588279034,0.00838747624928088
2.0156897554836686,0.9527483328411455,0.008315179333990638
2.1090436704002147,0.9606154106168336,0.008244700977341295
2.1572654532741202,0.9616422028684775,0.00817606242772236
2.1837517286244696,0.959230414871092,0.008109284933523309
2.2018907805036383,0.9573605149329337,0.008044389743133597
2.224000168299926,0.9589029936779022,0.007981398104942692
2.248239123182575,0.9629174585564243,0.00792033126734006
2.2272424542292146,0.9676463084476854,0.007861210478715169
2.1045131330025906,0.9716003973021049,0.0078040569874574806
1.8598739296713023,0.9749749732482865,0.007748892041956462
1.685949680841615,0.9786170916382645,0.007695736890601612
1.8526317195831956,0.9833227229417197,0.007644612781782324
2.593717433229841,0.9892452255047834,0.007595540963888103
3.7341372024711155,0.9961074875784378,0.00754854268530841
4.840621499262028,1.0036113878086717,0.00750363919443271
5.487810908835044,1.0110799258757845,0.00746085173965047
5.560222388254027,1.0174081208090877,0.007420201569351155
5.272773467875725,1.0214812304369125,0.007381709931924232
4.8556028369563125,1.0237181547551493,0.007345398075759163
4.457591511511606,1.0274833030839685,0.007311287249245419
4.080699223431055,1.0364746371894415,0.007279398700772477
3.711432004960526,1.052252698929245,0.007249753678729765
3.3350650995514455,1.0691210602676808,0.00722237343150677
2.932959902462242,1.0798445996906945,0.007197279207492954
2.48570159154093,1.0789537625003527,0.0071744922550777855
1.9841075037805116,1.0719283363741845,0.007154033822650729
1.4782578235445385,1.0684397951001319,0.007135925158601251
1.0395179587476875,1.0752322929659275,0.007120187511318814
0.7331970083169496,1.0636066580169843,0.007106842129192885
0.5568113475364617,0.9813570025730877,0.007095910260612928
0.46549412003361557,0.7783254422161039,0.007087413153968414
0.4147083577908717,0.47448147288818965,0.007081372057648796
0.3847704091597668,0.0,0.007077808220043546
0.38223792673477447,0.0,0.007076742889542129
0.41476001263252704,0.0,0.007078197314534011
0.4749395539735169,0.0,0.007082192743408658
0.528450450037748,0.0,0.007088750424555532
0.5381786828223198,0.0,0.007097891606364101
0.4870859765637276,0.0,0.00710963753722383
0.4212714130589474,0.0,0.007123996248324029
0.3992142441679976,0.0,0.007140899987980952
0.47249932765542596,0.0,0.007160254043828541
0.653238356356126,0.0,0.007181963670883832
0.9395190699202591,0.0,0.007205934124163878
1.324464510358718,0.5401416738860906,0.00723207065868572
1.7467982414026673,0.8869342085460709,0.007260278529466414
2.111574233525776,1.0821988385343204,0.007290462991523
2.326002035611389,1.102083796338564,0.007322529299872536
2.363571372917572,1.047703484174297,0.007356382709532066
2.267072098818708,1.026019576051438,0.007391928475518636
2.082518258372474,1.0747317685196929,0.007429071852849269
1.8527181863317563,1.1012199840005372,0.0074677180965410685
1.6148009110064934,0.9984708410714551,0.007507772461611054
1.405309590575194,0.7089158597358818,0.007549140203076277
1.2529942909836076,0.0,0.007591726575953782
1.1623654767664642,0.0,0.0076354368352606235
1.1332344399659104,0.0,0.0076801762360138425
1.159590079744161,0.0,0.007725850033230493
1.202467493955502,0.0,0.007772363481927623
1.2113209593279337,0.0,0.007819621837122278
1.1410202237453677,0.0,0.007867530353831474
1.0053236578580294,0.0,0.007915994287072327
0.8540725602064921,0.0,0.007964918891861851
0.736253829787911,0.0,0.008014209423217096
0.6671458382897337,0.0,0.00806377113615511
0.627125790581341,0.0,0.008113509285692945
0.5949314159569871,0.0,0.00816332912684764
0.5471251167877274,0.0,0.00821313591463625
0.4564544269704203,0.0,0.008262834904075827
0.29530655979268505,0.0,0.008312331350183408
0.08430927188189855,0.0,0.00836153050797605
-0.0075091774815672285,0.0,0.008410337632470769
0.21732288012545511,0.0,0.008458657978684676
0.8959543890340022,0.0,0.008506396801634791
1.8280213532925713,0.0,0.008553459356338158
2.6958370420255866,0.0,0.008599750897811823
3.205502462337766,0.48229247044908957,0.00864517668107284
3.319037064457313,0.7992619718051759,0.008689641961138257
3.153696922479704,0.9915133995244088,0.008733051993025119
2.8280232937148764,1.0305515041922277,0.008775312031750481
2.4390727463008646,0.9855617536305763,0.008816327332331382
2.0618736288444617,0.9303383963111457,0.008856003149784849
1.770053902940393,0.9086296832772973,0.008894244739127984
1.6040457844758211,0.9087970903171707,0.008930957355377805
1.5466543419384247,0.9132353685896489,0.008966046253551367
1.5749251071715857,0.9095181811739274,0.008999416688665718
1.660484001090705,0.9020372156786963,0.0090309739157379
1.7584675163568806,0.8985921063970952,0.009060623189784964
1.8208875295922469,0.9054057207857195,0.009088269765823961
1.811160311244291,0.9193664771869852,0.00911381889887194
1.7557824998630445,0.9339405267312508,0.009137175843945942
1.7029395843210162,0.9430077595323936,0.00915824585606301
1.6957374599285848,0.9452366980776243,0.009176934190240219
1.7234083632799544,0.9423471244201628,0.009193146101494597
1.7428336429783122,0.9360982738638293,0.0092067868448432
1.7121336482591116,0.9279937124721724,0.009217761675303074
1.6291395594086395,0.9192620085406099,0.009225975847891265
1.532001553264993,0.9111201030472635,0.009231334617624825
1.4603958134895771,0.9049759104620605,0.009233743239520802
1.4317942747340744,0.9025858058768123,0.009233106968596238
1.425511714893628,0.9057428064501926,0.00922933105986819
1.4171075570359528,0.9149042119045965,0.009222320768353706
1.3923034816336035,0.9262375572489414,0.009211981349069833
1.3674019721307968,0.935050926543269,0.00919824171142639
1.364434513114933,0.9374550807505311,0.009181160296328237
1.397361034217953,0.9342579653789679,0.009160839656599883
1.4360048966099364,0.9279710564746584,0.009137382382109201
1.4351793416509413,0.9209916593657386,0.009110891062724063
1.355600543138125,0.9144026322672028,0.009081468288312342
1.219660254561462,0.9084576473862105,0.009049216648741906
1.08641381321389,0.90343115767551,0.009014238733880634
1.0133927024142726,0.9004703768863266,0.008976637133596423
1.0114766914454267,0.9016521143630901,0.00893651443775709
1.044640573069241,0.9090600785306876,0.00889397323623054
1.0749466939847394,0.9211686353414895,0.008849116118884637
1.0759405433716915,0.9299332275449547,0.008802045675587258
1.0407020686194193,0.9266268654395163,0.008752864496206275
0.9642173618555203,0.9087194934207837,0.008701675170609557
0.8484127018183126,0.8933637437005585,0.008648580288664982
0.7158709298696091,0.9016111044322785,0.008593682440240415
0.5930006760837091,0.9441638094593358,0.008537084215203739
0.5044446146545627,0.9718568055824839,0.00847888820342286
0.4652988550775106,0.9140476549061659,0.008419196994765572
0.4874482962080981,0.7096621981278096,0.008358113179099784
0.5784450533285932,0.4043990740297051,0.008295739346293372
0.7012804807742784,0.0,0.008232178086214206
0.7927230203087555,0.0,0.008167531988730159
0.7916394639227805,0.0,0.008101903643709106
0.6924576716197121,0.0,0.008035395641018916
0.5449242765316014,0.0,0.00796811057052746
0.40091342434823457,0.0,0.007900151022102618
0.2926651430255,0.0,0.007831619585612303
0.2193552548906253,0.0,0.007762618850924297
0.17698289190651517,0.0,0.007693251407906517
0.16031989897160615,0.0,0.007623619846426831
0.16052511751015286,0.0,0.00755382675635312
0.16809584620642629,0.0,0.007483974727553251
0.17449096511675516,0.0,0.0074141663498951
0.1763084363873164,0.0,0.007344504213246536
0.17185598626703522,0.0,0.007275090907475432
0.16009407913656215,0.0,0.007206029022449662
0.14660101589865848,0.0,0.007137421148037146
0.14081028617004288,0.0,0.00706936987410566
0.1516392752852502,0.0,0.007001977790523123
0.17535650814759232,0.0,0.00693534748715741
0.19575943311203528,0.0,0.0068695815538763905
0.19629746653468072,0.0,0.00680478258054794
0.1737104110533046,0.0,0.00674105315703993
0.1468942901637134,0.0,0.0066784958732202335
0.1368368490163512,0.0,0.00661721331895672
0.15520336772524423,0.0,0.006557308084117262
0.18651377331402363,0.0,0.006498882758569778
0.2103743330594797,0.0,0.006442039932182052
0.21068018701117383,0.0,0.006386882194822002
0.1939875761838172,0.0,0.006333512136357499
0.17430956045772122,0.0,0.0062820323466564135
0.16419843996505684,0.0,0.006232545415586621
0.1615170829563077,0.0,0.0061851539330159905
0.15565744082198663,0.0,0.006139960488812398
0.13656971449897876,0.0,0.006097067672843716
0.10875846771764898,0.0,0.006056578074977815
0.09093833301567436,0.0,0.006018594285082593
0.10218765534204026,0.0,0.005983218893025868
0.14529463445617924,0.0,0.005950554488675543
0.19616311528602026,0.0,0.005920703661899489
0.22819134222914753,0.0,0.005893769002565577
0.22407023890377906,0.0,0.005869853100541681
0.1932550024841277,0.0,0.005849058545695673
0.14999019930239382,0.0,0.005831487927895428
0.10979497836523301,0.0,0.0058172438370088135
0.09484658429533256,0.0,0.005806428862903707
0.1294891556430874,0.0,0.00579914559544798
0.23825552764310237,0.0,0.005795496624509497
0.4475342535022043,0.0,0.0057955845399561366
0.7847732075935985,0.0,0.005799511931655771
1.2749785927881228,0.0,0.0058073813894762745
1.8899975745454838,0.6331169510825588,0.005819295503285516
2.5502812048257697,0.8157357263121288,0.00583535686295137
3.174229583620972,0.8606679644518017,0.0058556680583417104
3.6837424401397003,0.8248120051228724,0.005880331679324406
4.006437164410723,0.7752230918463214,0.005909450315767332
4.070505116160724,0.7597609388089187,0.005943126557538334
3.8466154168731257,0.7679504882039111,0.005981462994505331
3.4264505333471678,0.7782761588317284,0.006024562216536175
2.923100255077544,0.7737995327171087,0.006072526813498741
2.436582016263367,0.762868580905707,0.006125459375260896
1.9994005257536094,0.762515319803003,0.006183462491690515
1.6223294026290522,0.7853115018195305,0.006246638752655472
1.3169387412778708,0.7966910963961635,0.006315090748023636
1.1026807364393831,0.7338125223668928,0.006388867763749781
1.0034615011692032,0.537861412586903,0.006467744578309401
1.0423831353644142,0.0,0.006551407854931413
1.2243536084233921,0.0,0.006639544215923427
1.5368614450486842,0.0,0.006731840283592883
1.965979925196052,0.0,0.006827982680247275
2.4494695144511107,0.6460022852796418,0.006927658028194093
2.846948520450536,0.9416655823157056,0.007030552949740835
3.011010895344026,1.0567087227321283,0.007136354067194994
2.8728389952471303,1.0450221440452554,0.0072447480028640645
2.5850748459880766,0.992137309814559,0.00735542137905554
2.3390882616245494,0.9705580119810255,0.0074680608180769156
2.2883454931703766,0.9816376541988856,0.007582352942235603
2.3927744660401227,1.002560842114401,0.007697984373839261
2.5506912320000596,1.0122280410751627,0.0078146417351953
2.666290375511611,1.0076112404068085,0.007932011648611214
2.700707121255978,0.9964136241718158,0.0080497807363945
2.6469261128439867,0.9863070544780846,0.008167635620852655
2.4998973778028213,0.9809585489159605,0.008285262924293164
2.288411823832227,0.9800127394364305,0.00840234926902353
2.073344765865794,0.9829319272679975,0.00851858127735124
1.9163221514936977,0.9887055947671234,0.008633645571583796
1.8452347465232173,0.9955197601948609,0.008747228774028603
1.833955410323809,1.001482531839152,0.008859017506993328
1.8515044406508394,1.0049286321218536,0.008968698392785373
1.8685982688279614,1.004866481559925,0.009075958053712235
1.8606812256244873,1.000429123626357,0.009180483112081412
1.8040149535025207,0.9913237009960998,0.009281960190200398
1.6837509290310426,0.9803570874083692,0.009380075910376682
1.5299193911859368,0.9713776034501067,0.009474516894917767
1.3866802920999242,0.9678924033577738,0.009564966717868238
1.2942533935173464,0.969894910458095,0.009651093586505292
1.2552961765824941,0.9753130353186144,0.009732560876695835
1.2516689554053797,0.9820723469997925,0.009809031962547997
1.2651367481479403,0.9886466558917092,0.009880170218170056
1.2800409775271033,0.9940550534959091,0.009945639017670144
1.2831419513244564,0.9973434128206043,0.010005101735156435
1.261566493457205,0.9978074928092034,0.010058221744737111
1.2198515536197307,0.9951634112001826,0.010104662420520346
1.1901330633405076,0.9891678254196307,0.010144087136614327
1.206955642904904,0.9798456848381785,0.010176159267127229
1.2773029696810767,0.9680108389770168,0.010200542186167227
1.3321642893267926,0.9546214089022613,0.010216899267842505
1.2895425629511106,0.9399787338209745,0.010224893886261239
1.1015120502278264,0.9208783207496541,0.010224189415531616
0.8902065756281039,0.8929506592534718,0.010214449229761807
0.8307119414296079,0.8530479433532241,0.010195336703059995
1.0758690784611469,0.8104212832726715,0.010166515209534356
1.569269145369359,0.7815369133754143,0.01012764812329307
2.1398241745434627,0.7821744139240137,0.01007839881844431
2.6185088235102403,0.8107416001892374,0.010018430669096265
2.9018483458453237,0.8485365554633457,0.009947407049357105
2.9473112937008,0.8762597893477594,0.009864991333335018
2.7158551328341103,0.8838713748541751,0.009770846895138246
2.241275531034335,0.8767512572144187,0.009664637108874838
1.6716800868584318,0.861737442394044,0.009546025348653035
1.165107450842966,0.8440176816576201,0.009414674988581015
0.8338791373865196,0.8239800862494189,0.009270249402766956
0.6656202960265534,0.8011450333364079,0.009112411965319043
0.6268924773301009,0.7764388930297023,0.008940826050345447
0.6842736095408742,0.7582078334218302,0.008755155031954351
0.8044224438125746,0.7572367013516895,0.008555062284253932
0.9540226197589738,0.7824816837931801,0.008340211181352373
1.10118766444055,0.8245773753459313,0.00811026509735802
1.2273009224425062,0.8636043357688479,0.007864887406378723
1.3209442961529734,0.8802932614732271,0.0076037414825228175
1.3716316245217361,0.8724669932188119,0.0073268518495243
1.3860101184891815,0.8546187798336464,0.007036017717795614
1.386500904925242,0.8418247808152852,0.006733582520970727
1.3958394356712511,0.8413403751875882,0.00642188983571286
1.4202253885610214,0.8475278378023612,0.00610328323868524
1.44016615826039,0.8535473403131301,0.005780106306551083
1.4339667007863168,0.8547982492256233,0.005454702615973613
1.3890461830977177,0.8531216257343527,0.005129415743616282
1.3174154704282328,0.8515098367321332,0.004806589266141846
1.2351915767502872,0.8526663045304428,0.004488566760213759
1.1661309613505666,0.8577869134063976,0.004177691802495242
1.1712651341789966,0.8675774923301386,0.0038763079696495155
1.3229772331080936,0.8822749326351077,0.0035867588383398014
1.6807453340258383,0.8974846297609035,0.003311387985229322
2.1857709871995725,0.9061709922348038,0.003052538986981298
2.715746900926671,0.9019091829403907,0.0028125554202589513
3.1505762854596853,0.8921451917439742,0.0025937808617255004
3.4253526641919256,0.8977218428524567,0.0023985588880443003
3.525485551086995,0.9395165273376419,0.0022292330758782904
3.438506965373236,1.0029478691047211,0.002088147001890842
3.168500535513648,1.0155645218114928,0.001977644242745174
2.7450104977079377,0.89963165238458,0.0019000683751045093
2.199780561844299,0.623698257950832,0.0018572939324835928
1.5826726331667713,0.0,0.001848926222997811
0.9919086597563807,0.0,0.0018738852307548539
0.5336922213337457,0.0,0.0019310907954378355
0.28817995153756754,0.0,0.002019462756729873
0.20987005381349416,0.0,0.0021379209543139852
0.21541629703490428,0.0,0.002285385227873459
0.22749945175109398,0.0,0.0024607754170913342
0.22340126617085465,0.0,0.0026630113616507257
0.20942265853496866,0.0,0.002891012901234749
0.19202849104193018,0.0,0.003143699875526521
0.17567521207161782,0.0,0.0034199921242091557
0.1630060859844208,0.0,0.003718809486965769
0.15655123688366301,0.0,0.004039071803479475
0.15609013465357383,0.0,0.00437969891343339
0.15721316242204852,0.0,0.004739610656510368
0.1551668625525211,0.0,0.005117726872394034
0.14940384159176076,0.0,0.005512967400767254
0.15048270365619107,0.0,0.005924252081313146
0.17077386285901025,0.0,0.006350500753714826
0.21488648244313346,0.0,0.0067906332576554065
0.2504086627638597,0.0,0.007243569432818001
0.23390234953175137,0.0,0.0077082291188857325
0.13427887043367637,0.0,0.008183532155541708
0.03080123564534527,0.0,0.008668398382469049
0.06078298970887435,0.0,0.009161747639350513
0.35298009773693656,0.0,0.009662499765869921
0.8641619968200878,0.0,0.010169574601710031
1.3973437276352383,0.0,0.010681891986553971
1.752206556958798,0.0,0.011198371760084848
1.8444560908824819,0.6466746136038591,0.011717933761985787
1.7647389420767459,0.8622900748964079,0.012239497831939892
1.6181404331122073,0.9162780808672671,0.012761983809630282
1.4841513826355113,0.8668216963597634,0.013284311534740077
1.3754057457276994,0.7945178659208851,0.013805400846952382
1.29375689762371,0.766223456856499,0.014324171585949955
1.2407118799035837,0.7795150346440248,0.014839543591416648
1.2161443140149444,0.810182571356323,0.0153504367030352
1.219446724644367,0.8356958530868701,0.015855770760488733
1.249535525691848,0.8495710337317963,0.016354465603460357
1.3011271044284085,0.8541990229406514,0.016845441071633195
1.3667510148022275,0.8520705800615693,0.017327617004690356
1.4385248030370261,0.8458019662610122,0.017799913242314953
1.5012343643254502,0.8381271484579925,0.01826124962419011
1.533175093990469,0.8317625742096069,0.018710545989998932
1.5128139426671923,0.8280211180134028,0.019146722179424234
1.4401190728649576,0.8259930559226479,0.01956869803214976
1.3471559741246897,0.8245725856820406,0.019975393387858306
1.268586379789843,0.8231647164578206,0.020365728086232972
1.2271052256910042,0.8225812990751611,0.02073880247264558
1.214482960574943,0.8238742957762815,0.021094560429354647
1.2175613558690206,0.8275566213175147,0.021433192046351683
1.2248584916121992,0.8314539081601531,0.021754887443001362
1.2327095663934653,0.8325560302209032,0.022059836738668376
1.2397266334707986,0.8282812898917503,0.022348230052717407
1.243487736188256,0.8200719867712662,0.022620257504512964
1.232559451616423,0.8115733664845729,0.022876109213420117
1.1908643903078344,0.8062242559553202,0.02311597529880335
1.10362782320259,0.8028377623439562,0.02334004588002736
0.9806829225323559,0.795930886214972,0.02354851107645682
0.8534349838654021,0.7800101491378906,0.023741561007456436
0.753582121713453,0.7590128045445144,0.023919385792390883
0.6896340019830255,0.7516608247009388,0.024082175550624852
0.6358278378997022,0.7779348430931684,0.024230120401523027
0.5636771025983273,0.8362823661738399,0.02436341046445011
0.4609171396585161,0.8664858284501283,0.024482235858770685
0.3567556244536177,0.79843024512351,0.024586786703849617
0.2869331705798709,0.5858377192525505,0.024677253119051515
0.275978861232723,0.0,0.024753825223741064
0.2967265621789073,0.0,0.02481669313728294
0.3071203671102882,0.0,0.024866046979041843
0.2706546118155521,0.0,0.02490207686838244
0.19859341596287022,0.0,0.024924972924669445
0.12656612271329648,0.0,0.02493492526726753
0.08883058999524833,0.0,0.024932124015541388
0.09136670627790588,0.0,0.024916759288855724
0.11560686918449818,0.0,0.024889021206575192
0.14233150345074394,0.0,0.024849099888064496
0.16075223962039797,0.0,0.024797185452688313
0.17241842510431646,0.0,0.024733468019811352
0.17985554785295496,0.0,0.024658137708798284
0.1839127302678261,0.0,0.024571384639013788
0.18119908455859324,0.0,0.024473398929822567
0.1676635930230162,0.0,0.024364370700589312
0.1419519790884768,0.0,0.024244490070678693
0.11500473782917023,0.0,0.024113947159455505
0.1012642540092082,0.0,0.023972932086284253
0.11282904400807679,0.0,0.023821634970529703
0.14187693843970592,0.0,0.023660245931556554
0.17052946464847765,0.0,0.023488955088729484
0.18163291253579533,0.0,0.023307952561413183
0.17228774866223787,0.0,0.023117428468972342
0.15184737361111014,0.0,0.022917572930771648
0.13001462184501544,0.0,0.022708576066175788
0.11399947885761288,0.0,0.02249062799454944
0.10740018873488275,0.0,0.022263918835257468
0.11352236514854844,0.0,0.02202863870766423
0.13199718088766885,0.0,0.02178497773113458
0.15326110444426946,0.0,0.021533126025033197
0.16633577962023346,0.0,0.02127327370872477
0.1628844349842685,0.0,0.02100561090157399
0.14647844809004398,0.0,0.02073032772294554
0.124043219776021,0.0,0.02044761429220411
0.10252895260147976,0.0,0.020157660728714385
0.08909243580827989,0.0,0.019860657151841057
0.09099367456786489,0.0,0.019556793680948814
0.11469816905707424,0.0,0.01924626043540256
0.1527597196675634,0.0,0.018929247534566544
0.18589038383451248,0.0,0.018605945097805675
0.19472329506187214,0.0,0.018276543244484633
0.17457733305506,0.0,0.017941232093968116
0.141838058934753,0.0,0.017600201765620802
0.1144998272289455,0.0,0.017253642378807384
0.1038640580346427,0.0,0.016901744052892548
0.1046623024594308,0.0,0.016544696907240978
0.10910625421215521,0.0,0.016182691061217367
0.11401616448915747,0.0,0.01581591663418666
0.13675442713848968,0.0,0.015444651258781783
0.2004048472599402,0.0,0.015069562373645333
0.3235415327175253,0.0,0.014691425910439402
0.4873512646339791,0.0,0.01431101780531647
0.6545335682631651,0.0,0.013929113994428994
0.7895937882722046,0.0,0.01354649041392945
0.8903972145848521,0.6596341339664161,0.013163922999970313
0.982927921149296,0.8402003684403504,0.012782187688704042
1.0933025799543576,0.8824356715703567,0.012402060416283127
1.2118437399478112,0.8448937860231409,0.01202431711886029
1.2780351817265656,0.7942148050851144,0.011649733732587465
1.2276991148293452,0.7755557900923838,0.011279086193617399
1.0678049301053136,0.7780211913791637,0.010913150438102561
0.9795925138470636,0.7816882856381291,0.01055270240219542
1.170493362144221,0.7714543091345867,0.010198518022048445
1.7710931010744402,0.7549215579634364,0.009851373233814116
2.5732856409764553,0.7463717754147305,0.009512043973644888
3.2756837825597813,0.7577804822211832,0.009181306177693246
3.607981249526127,0.7807950324825028,0.008859935782111656
3.554394754423174,0.7964900939459015,0.008548708723052804
3.2236990930667795,0.7870956546152024,0.008248400936668718
2.7254298812208995,0.7580331325124141,0.007959788359112095
2.1676012557249713,0.735233194518588,0.007683646926535406
1.6569574487555991,0.7447043584274803,0.007420752575091123
1.2988357017360874,0.7783701532553801,0.007171881240931714
1.1345711325291719,0.7773256710476523,0.00693780886020965
1.1154942976533735,0.6786081400755563,0.006719311369077402
1.1861376639545755,0.45975219993966066,0.006517164703687443
1.2785183497718327,0.0,0.006332144800192241
1.2943229140056032,0.0,0.0061650275947443805
1.130732972280028,0.0,0.006016589023496094
0.7555280524344117,0.0,0.005887605022599976
0.44415492684685165,0.0,0.005778851528208499
0.5558515868522829,0.0,0.005691104476474131
1.3814434857932796,0.0,0.005624890995024974
2.6584118294263885,0.0,0.005579656186915247
3.8562405797837407,0.0,0.005554551092106712
4.469955430991859,0.4503675778478097,0.005548726744706242
4.450257759802679,0.7838025588085186,0.005561334178820707
4.124460023307711,0.9967507495516134,0.005591524428556955
3.82754180491266,1.0405736038246334,0.0056384485280219
3.7283116470958726,0.9868483750700345,0.005701257511322399
3.764203388967358,0.9167634871794823,0.005779102412565327
3.855572809047335,0.8857055042033273,0.005871134265857553
3.937962119068832,0.8831722555554328,0.005976504105305951
3.9833278492957245,0.8882953833219005,0.006094362965017391
3.9689714418541393,0.8841892004509405,0.0062238618790987485
3.8839010491200274,0.8723095945331961,0.006364151881656894
3.7675713710746375,0.8593890823565846,0.006514384006798705
3.673022543132474,0.8513325091977579,0.006673709288630928
3.6389287787914752,0.8469282738264151,0.006841278761260669
3.5891863777212647,0.8413389868430705,0.007016243458794691
3.392677240238459,0.8302903446794649,0.007197754415339863
2.9280190100785637,0.8201781242198101,0.007384962665003059
2.239538760275732,0.8266508804614083,0.007577019241891149
1.5071806835177284,0.8650332664117595,0.0077730751801110085
0.9127097765658961,0.9181817357793565,0.00797228151376951
0.541255639944211,0.9214911999732204,0.008173789276973525
0.34472137312276324,0.8067046883347615,0.008376749503829925
0.2653118154104386,0.5512308138469437,0.008580313228445439
0.2520249044797809,0.0,0.008783631484927227
0.26997508171461154,0.0,0.00898585530738202
0.2866144802980005,0.0,0.009186135729916686
0.2775964032426227,0.0,0.009383623786638103
0.2535188393793044,0.0,0.00957747051165314
0.23428539564404177,0.0,0.00976682693906867
0.23654557299172255,0.0,0.009950844102991564
0.2512657698703439,0.0,0.010128673037528697
0.25722973705284835,0.0,0.010299464776786936
0.23469023468804362,0.0,0.010462370354873048
0.18886645746114186,0.0,0.010616540805894133
0.1452102031399256,0.0,0.010761284150794082
0.12931993916370657,0.0,0.010896573566449899
0.14780413550155644,0.0,0.011022558365512657
0.18134878442957586,0.0,0.011139387861808146
0.20880191572370438,0.0,0.011247211369162175
0.2162009201347543,0.0,0.011346178201400532
0.20645988006077026,0.0,0.011436437672349023
0.18491190162369298,0.0,0.011518139095833447
0.15766250093532802,0.0,0.011591431785679547
0.1340715370114221,0.0,0.011656465055713229
0.12435580183681114,0.0,0.011713388219760238
0.13665958377402732,0.0,0.011762350591646369
0.1629686401130894,0.0,0.011803501485197421
0.18768356032250477,0.0,0.011836990214239196
0.19599831197977244,0.0,0.011862966092597491
0.18645229225882173,0.0,0.011881578434098103
0.1682940118615736,0.0,0.011892976552566832
0.15099986402284843,0.0,0.011897309761829475
0.14089659793920514,0.0,0.011894727375711837
0.14005386582028845,0.0,0.011885378708039709
0.1502219907493863,0.0,0.01186941307263889
0.16865780449104395,0.0,0.01184697978333518
0.1821809734106814,0.0,0.011818228153954377
0.17613287323752938,0.0,0.011783307498322284
0.1462869538438314,0.0,0.01174236713026469
0.13187742273949718,0.0,0.011695556363607397
0.18345462366213516,0.0,0.011643024512176206
0.3416598908176745,0.0,0.011584920889796917
0.5708120688312684,0.0,0.011521394810295373
0.7997749715539613,0.47025210653732025,0.011452595587497278
0.9596157973532946,1.6368998065004263,0.011378672535228479
1.0190722336799585,0.0,0.011299774967314772
0.9768146500690486,0.0,0.011216052197581955
0.8329906974518176,0.0,0.011127653539855831
0.6148477324013231,0.0,0.011034728307962198
0.38590083253712887,0.0,0.010937425815726848
0.2120857299383406,2.2937977909731826,0.010835895376975583
0.13175440531023652,1.0059949363401766,0.010730286305534199
0.11986294645685998,0.0,0.010620747915228584
0.14249484714984126,0.0,0.010507429519884367
0.17096776435435618,0.0,0.010390480433327434
0.19816120156219325,0.0,0.010270049969383573
0.22250606143404827,0.0,0.010146287441878593
0.24266746529626695,0.0,0.010019342164638283
0.2590927608559403,0.0,0.009889363451488447
0.27304859604639553,0.0,0.009756500616254885
0.28559798319433394,0.0,0.009620902972763391
0.2945875046586389,0.0,0.009482719834839764
0.2953330497920562,0.0,0.00934213331073486
0.28317718363831107,0.0,0.009199459845497363
0.25732648765324195,0.0,0.009055050277077517
0.22210791314421421,0.0,0.008909255443442204
0.18224393962160806,0.0,0.008762426182558335
0.15241221452324596,0.0,0.008614913332392794
0.16993020585386606,0.0,0.008467067730912487
0.2752462311466512,0.0,0.0083192402160843
0.4877121971557915,0.0,0.008171781625875134
0.7407470144169523,0.0,0.008025042798251888
0.9458924391667799,0.0,0.007879374571181557
1.0287617458381353,0.4150070014933757,0.007735127782630829
1.0207560136091014,0.6627710749268929,0.007592653270566705
1.0014005158172827,0.8023773795719261,0.007452301872956084
1.0453669815554862,0.8228614879042224,0.0073144244277658565
1.1496800212751457,0.7808457534632189,0.007179371772962924
1.250870680506731,0.7343598398305178,0.007047494746514178
1.285162951350339,0.7133206645216508,0.0069191441863865185
1.2401258755721645,0.7085426640933686,0.006794670930546835
1.1706991199356953,0.7079692966109584,0.006674425816962034
1.1362147978690937,0.7053308001392068,0.00655875968359908
1.1567046052799221,0.7082173384441268,0.006448023368424715
1.1637608820719196,0.7262508720517162,0.006342567709405911
1.0768916616607922,0.7598735995939583,0.006242743544509565
0.8468682980246781,0.7700177964364321,0.006148901711702579
0.5503835506699761,0.7069883116758289,0.0060613930489518434
0.29582906581209373,0.5317016374038763,0.005980568394224258
0.17666559269897697,0.0,0.005906778585486711
0.1754522766301947,0.0,0.005840374460706108
0.2248246408229972,0.0,0.0057817068578493395
0.2602042044599644,0.0,0.0057311266148833044
0.2624378641308188,0.0,0.005688984569774921
0.24741526991771773,0.0,0.005655548200076182
0.23171900302776705,0.0,0.005630751110619124
0.22365683446351653,0.0,0.005614443330151303
0.2207856922506376,0.0,0.00560647488742026
0.2199427499420998,0.0,0.005606695811173545
0.2177341557999936,0.0,0.005614956130158703
0.21025161264301548,0.0,0.005631105873123282
0.19351737056060195,0.0,0.005654995068814826
0.1660190607414355,0.0,0.0056864737459808795
0.1360631898774229,0.0,0.0057253919333689635
0.11440036738409715,0.0,0.005771599659726676
0.1102672465500265,0.0,0.00582494695380154
0.12178991822191992,0.0,0.005885283844341102
0.1421452461393761,0.0,0.005952460360092904
0.16452659063209943,0.0,0.006026326529804497
0.1827069921972159,0.0,0.006106732382223425
0.19090228483605776,0.0,0.006193527946097237
0.1835275014419843,0.0,0.006286563250173475
0.16214933159693493,0.0,0.006385688323199688
0.13753485756815356,0.0,0.006490753193923345
0.1210303889720648,0.0,0.006601607891092142
0.11863096572492712,0.0,0.006718102443453553
0.12453995662617297,0.0,0.006840086879755122
0.1313878857267013,0.0,0.0069674112287443956
0.13345896031770846,0.0,0.007099925519168922
0.13154982375707405,0.0,0.007237479779776247
0.1280600484796479,0.0,0.007379924039313916
0.12530933457073568,0.0,0.007527108326529474
0.1250382159481911,0.0,0.007678882670170471
0.1287319386260978,0.0,0.007835097098984337
0.1375599661478119,0.0,0.007995601641718843
0.14810603096303546,0.0,0.008160246327121427
0.15348544557261634,0.0,0.008328881183939629
0.1469442339619146,0.0,0.008501356240921002
0.12978384887069827,0.0,0.008677521526813085
0.11356713418113376,0.0,0.00885722707036343
0.1104834423595418,0.0,0.009040322900319584
0.1252099403377442,0.0,0.009226659045429093
0.14604315683029873,0.0,0.009416085534439496
0.1591209435357866,0.0,0.00960845239609821
0.1548075583248911,0.0,0.009803609659153051
0.13992523884735522,0.0,0.01000140735235143
0.1253017543209418,0.0,0.01020169550444089
0.12053113507575076,0.0,0.010404324144168984
0.12636792985642514,0.0,0.010609143300283258
0.1397112633497931,0.0,0.010816003001531248
0.15735598904893183,0.0,0.01102475327666051
0.17482955181349194,0.0,0.01123524415441859
0.18671021970079607,0.0,0.01144732566355303
0.18769917336073796,0.0,0.011660847832811228
0.1778095875314181,0.0,0.011875660690941028
0.16375495757588956,0.0,0.012091614266689829
0.15265802147294738,0.0,0.012308558588805179
0.14817043531374066,0.0,0.012526343686034617
0.1464538418656129,0.0,0.012744819587125698
0.14269473301680646,0.0,0.012963836320825964
0.13339895348056532,0.0,0.01318324391588296
0.12015255657529685,0.0,0.013402892401044237
0.10576417596178939,0.0,0.013622631805057338
0.09318691589651956,0.0,0.01384231215666965
0.08639668456296944,0.0,0.014061783484629041
0.0898108066784053,0.0,0.014280895817682888
0.10714209524189103,0.0,0.014499499184578747
0.13210780899349225,0.0,0.014717443614064164
0.15101309987484948,0.0,0.01493457913488668
0.1503607978156248,0.0,0.015150755775793848
0.1299410323772633,0.0,0.0153658235655332
0.10613971026799035,0.0,0.015579632532852305
0.09633237680718851,0.0,0.01579203270649869
0.10825979589840731,0.0,0.01600287411521975
0.12908867240876987,0.0,0.01621200678776336
0.14333949062741436,0.0,0.016419280752876877
0.13989586713787608,0.0,0.016624546039307877
0.12425395245933077,0.0,0.016827652675803887
0.10586304591037207,0.0,0.017028450691112466
0.09314242464099969,0.0,0.017226790113981153
0.08730558309412303,0.0,0.0174225209731575
0.08648892194900548,0.0,0.017615493297389047
0.08884630587719256,0.0,0.017805557115423344
0.09293602663667538,0.0,0.017992562456007805
0.09761332112651341,0.0,0.018176359347890237
0.10178635433213647,0.0,0.018356797819818062
0.1059714215143243,0.0,0.01853372790053882
0.11267369206200402,0.0,0.01870699961880006
0.1245053818399548,0.0,0.018876463003349324
0.14135402091241003,0.0,0.019041968082934162
0.15734926693474638,0.0,0.01920336488630212
0.16588919171702482,0.0,0.01936050344220074
0.16254606452638976,0.0,0.019513233779377578
0.1510778469215699,0.0,0.019661405926580063
0.13716857488840623,0.0,0.019804869912555964
0.12605665322986587,0.0,0.01994347576605271
0.11989982627953906,0.0,0.020077073515817858
0.11955417335083335,0.0,0.020205513190598944
0.12576699241606856,0.0,0.020328644819143524
0.13785352759997122,0.0,0.020446318430199138
0.15408792096740995,0.0,0.020558384052513326
0.17264308819358745,0.0,0.020664691714833653
0.18903447481329472,0.0,0.020765091445907647
0.19552304411943663,0.0,0.020859433274482798
0.1842174813715197,0.0,0.020947567229306786
0.15468169068293863,0.0,0.021029343339127083
0.12207081220428981,0.0,0.02110461163269124
0.1034968760664895,0.0,0.02117322213874681
0.11017071788101632,0.0,0.021235024886041325
0.13133379723141506,0.0,0.02128986990332234
0.15111611971675212,0.0,0.021337607219337393
0.15603481351820433,0.0,0.02137808686283404
0.14891454441708268,0.0,0.02141115886255983
0.13939758663809648,0.0,0.021436673247262276
0.1365217724081271,0.0,0.021454480045688982
0.14082239820565795,0.0,0.02146442928658746
0.1467143992250365,0.0,0.021466370998705256
0.14861765131616997,0.0,0.021460155210789922
0.14562716702174916,0.0,0.021445631951588995
0.14250736286551627,0.0,0.02142265124985004
0.14434412338494132,0.0,0.02139106313432058
0.15323843035946938,0.0,0.02135071763374818
0.1651134937583122,0.0,0.02130146477688038
0.1751265790289636,0.0,0.021243154592464765
0.17945970697827163,0.0,0.02117563710924881
0.178067336838758,0.0,0.021098762355980086
0.17177180139307097,0.0,0.021012380361406145
0.16193385772950855,0.0,0.020916341154274546
0.15354918569252127,0.0,0.02081049476333281
0.15311702085173276,0.0,0.020694691217328497
0.16643396410704037,0.0,0.020568780545009165
0.18984534271942885,0.0,0.020432612775122337
0.21296035904421995,0.0,0.02028603793641557
0.22547686882505832,0.0,0.020128906057636536
0.22474678083204847,0.0,0.01996106716753254
0.21731307584709744,0.0,0.019782371294851248
0.21022984468484168,0.0,0.0195926684683402
0.205678649677586,0.0,0.019391808716746943
0.19586073220117114,0.0,0.019179642068819024
0.17175526192113008,0.0,0.01895601855792305
0.13262060770162043,0.0,0.018720951133621235
0.10785336081313177,0.0,0.01847504579855003
0.133705905991495,0.0,0.018219043462087785
0.24039258706530897,0.0,0.01795368503361303
0.41784355839784837,0.0,0.017679711422503713
0.6395023390546747,0.0,0.017397863538138374
0.8788633174665842,0.0,0.017108882289895357
1.1107428672208952,0.0,0.016813508587152987
1.3108902596440184,0.0,0.01651248333928961
1.4553228536091267,0.0,0.016206547455683566
1.5280414755502858,0.7061422569497053,0.015896441845713205
1.522539871631567,0.9338937572538436,0.015582907418756847
1.433263339469253,1.0049554692657994,0.01526668508419285
1.3112047333631829,0.9749683389178654,0.014948515751399539
1.3219871644651655,0.9149987838387837,0.0146291403297555
1.6450972710358849,0.8823240327223335,0.014309299728638598
2.3754836972622893,0.8811892707637649,0.01398973485742741
3.3037879826142635,0.9030925415013694,0.013671186625500273
4.152204419273745,0.9397805751105154,0.013354395942235532
4.681501393895569,0.9847584805280527,0.013040103717011524
4.906786484279277,1.0322893832298368,0.012729050859206587
4.946152774030374,1.0770574024946995,0.012421978278199061
4.91240134765078,1.1196536494178928,0.012119626883367287
4.845823599173212,1.1650448869733803,0.011822737584089605
4.736048314196206,1.2181468824476032,0.01153205128974456
4.571628698866185,1.2783951527971416,0.011248308909710082
4.339911886597434,1.3383875917133274,0.010972251353364711
4.026824916742937,1.3903158560889517,0.010704619530086789
3.618533737010853,1.4304633045234405,0.010446154349254663
3.144922298291403,1.4638409646569166,0.010197596720246664
2.723584291195989,1.4965809510340384,0.009959687552441138
2.4825906377819438,1.5326095310006942,0.009733167755216423
2.501115089199163,1.567464320123667,0.009518778237950857
2.684279575092621,1.5946891507614438,0.009317259910022784
2.8984959479279913,1.6089497981317458,0.009129353680810668
3.023807936696105,1.612750911368645,0.008955800459692586
3.0290899137972476,1.6119408025241113,0.008797341156047012
2.91880259711178,1.6120825478486411,0.008654716679252288
2.702412984038047,1.6145931314664344,0.008528667921978149
2.452277600828293,1.6178485390238009,0.008419654374639002
2.284259071935988,1.6201558766052038,0.008327138757269198
2.314241869924953,1.6198611277714434,0.008250363194345243
2.6319719379043565,1.6153583078195328,0.008188569810343651
3.296718945902216,1.6050638810162141,0.008141000729740933
4.364456300752731,1.5906433683948782,0.008106898077013614
5.684425520516555,1.5806206442480808,0.008085503976638162
6.695376995062012,1.5843898340082772,0.008076060553091116
6.787637375949828,1.605797952470978,0.008077809930848985
5.613742894242207,1.6278325697850073,0.00808999423438828
3.7491883819871794,1.62857896888014,0.008111855588185514
1.9724363038557422,1.5912354929304826,0.008142636116717191
0.9497509968969478,1.534302442608847,0.008181577944459832
0.6248054163114491,1.4911793073454576,0.008227923195889938
0.6548788226360218,1.4927896464234929,0.008280913995484026
0.713238256678342,1.5353457419747463,0.008339792467718562
0.6840764445917276,1.5898514654201104,0.008403800737070139
0.5960561315200785,1.627279422354951,0.00847218092801523
0.48079452016741164,1.6368636496264226,0.008544175165030343
0.3741445468150007,1.6301786747638751,0.00861902557259199
0.31684958910760685,1.620141754551836,0.008695974275176682
0.3499436552134978,1.6166288451370499,0.00877426339726093
0.5168356691032164,1.6231626344011272,0.008853135075330561
0.8656017928732189,1.6424693526077394,0.008931972734944988
1.4448574675296433,1.6731490265946092,0.009010652285908582
2.2496829846178437,1.698458757167316,0.009089156875458353
3.0888144089498617,1.698090205119425,0.009167469650831475
3.730468974802436,1.6565862257873336,0.009245573759264948
3.9847837711521197,1.5915885476641587,0.009323452347995845
3.928727366131431,1.5345606959959692,0.009401088564261216
3.743896864294715,1.5147858851563476,0.009478465555298134
3.596925679509914,1.5314181062442287,0.009555566468343655
3.4650661789687094,1.5619464307169721,0.009632374450634845
3.1971434430913335,1.5837429339951619,0.009708872649408763
2.648104392969019,1.5861603982940062,0.009785044211902473
1.9267863616985517,1.573065038238539,0.009860872285352979
1.4322992227256623,1.549197350342796,0.00993634001699746
1.5770011304128098,1.5197825299493302,0.010011430554072921
2.4532503827750807,1.4910478285972242,0.01008612704381642
3.530985287162365,1.469344520559424,0.01016041263346502
4.208523419417568,1.4582456301663187,0.010234270470255788
4.082640257935655,1.4511088291618994,0.010307683701425784
3.4332254210949236,1.438944505028538,0.01038063547421207
2.687036699118826,1.4156130909343307,0.010453108935851706
2.2100179672154425,1.3941915252452985,0.010525087233581757
1.9855172581167795,1.3956964732638029,0.010596553514639232
1.848464096766178,1.4363976467582746,0.0106674909262613
1.6457169122223305,1.4689057431744887,0.010737882615684967
1.3746294475332699,1.4005083308480613,0.010807711730147298
1.1335998517902197,1.1408876872866505,0.010876961416885355
1.0192354582192416,0.7098623578356423,0.010945614823136197
1.0216588802489588,0.0,0.011013655096136893
1.0104367968025096,0.0,0.011081065383124497
0.8496700663133792,0.0,0.011147828831336078
0.5234724119290031,0.0,0.011213928588008699
0.2469990863658764,0.0,0.011279347800379369
0.26165405706538464,0.0,0.01134406961568525
0.7060799951253511,0.0,0.011408077181163353
1.3691295927782414,0.0,0.01147135364405074
1.9652967967985935,0.0,0.011533882151584475
2.2575172814534263,0.0,0.011595645851001623
2.309948588220598,0.0,0.011656627889539242
2.302349195718588,0.0,0.011716811414434397
2.399358445460774,0.6006682252787373,0.011776179572924149
2.5796253395441333,0.996177372799774,0.01183471551224556
2.6981631326921898,1.2245826499293,0.011892402379635653
2.612721736093776,1.2471105205379893,0.011949223322331566
2.322730028888292,1.1627482786480634,0.012005161487570332
1.9864531478561094,1.0781933434750295,0.012060200022589005
1.7697503078625163,1.057002584007256,0.012114322074624645
1.7459262255433734,1.075377220216589,0.012167510790914323
1.811927809013676,1.0989652971981214,0.012219749318695095
1.8449120878103997,1.101845719522738,0.012271020805204024
1.7611502594587511,1.0884092696064178,0.012321308397678173
1.608578415177531,1.0698565296179887,0.012370595243354602
1.4628072585951604,1.056006218435489,0.012418864489470341
1.388027555892229,1.0475771467938355,0.012466099283262524
1.3782409958482427,1.0416076407384791,0.012512282771968175
1.400801320106379,1.0353568190921112,0.012557398102824354
1.4240402180419178,1.029081019118622,0.01260142842306813
1.4285829219657984,1.0251285184306265,0.012644356879936558
1.4031454532743757,1.0257981493941113,0.01268616662066671
1.3372653672512445,1.0304936263537423,0.012726840792495637
1.2394876932428271,1.035213365925819,0.01276636254266041
1.1394589367070942,1.0357775480480738,0.01280471501839808
1.0677490920157997,1.0302900614350152,0.012841881366945702
1.03572080867921,1.0214314567967464,0.012877844735540371
1.0185119569505032,1.012428308409015,0.012912588271419136
0.9872471831326591,1.0049115456825166,0.012946095121819053
0.9237082559090385,0.9948391037613201,0.012978348433977186
0.8451533305389698,0.9769087303072477,0.0130093313551306
0.7762133910430916,0.9481597095235684,0.013039027033235685
0.7355284217292932,0.9208705760690208,0.013067422202379414
0.7053424509936771,0.9134178805863963,0.013094515509598424
0.6542298050513452,0.9404158843168797,0.013120308072468561
0.5543973206138665,0.9681696443059427,0.013144801008565674
0.42114155490697047,0.9296000402180765,0.013167995435465641
0.2978355876443251,0.7595149189154198,0.013189892470744306
0.227062922358553,0.4712962997566865,0.013210493231977519
0.21654156108352043,0.0,0.013229798836741137
0.23566031772827165,0.0,0.013247810402611011
0.2519810792419353,0.0,0.013264529047162996
0.24758409987601843,0.0,0.013279955887972953
0.2316517811421357,0.0,0.013294092042616725
0.21633207359996953,0.0,0.013306938628670172
0.21033714685338814,0.0,0.013318496763709144
0.21106835138747046,0.0,0.013328767565309508
0.21360286627790487,0.0,0.013337752151047102
0.21369722884168274,0.0,0.013345451638497794
0.2111875008023315,0.0,0.013351867145237428
0.20742546571247097,0.0,0.013356999788841865
0.20360033929742447,0.0,0.013360850686886958
0.19898247917058573,0.0,0.013363420956948556
0.1916044046917902,0.0,0.013364711716602513
0.17961401519318956,0.0,0.013364724083424694
0.16482268624198124,0.0,0.013363459174990943
0.15302996061305443,0.0,0.013360918108877117
0.15018535980921657,0.0,0.01335710200265907
0.15703940550647771,0.0,0.013352011973912656
0.16473624722606234,0.0,0.01334564914021374
0.1633831105247726,0.0,0.013338014619138154
0.14767447986932433,0.0,0.013329109528261766
0.12723955124088152,0.0,0.013318934985160428
0.11474173415669704,0.0,0.013307492107409998
0.12003327090352534,0.0,0.013294782012586326
0.136279997806269,0.0,0.013280805818265278
0.15051480445637744,0.0,0.01326556464202269
0.15096927394897958,0.0,0.013249059601434418
0.13972817758640507,0.0,0.013231291814076325
0.12772372719190883,0.0,0.013212262397524262
0.12570077224580561,0.0,0.013191972469354081
0.1356585871127661,0.0,0.013170423147141641
0.15016853398574684,0.0,0.01314761554846279
0.1613651421402885,0.0,0.013123550790893395
0.1644010107688842,0.0,0.013098229992009292
0.15994860687392753,0.0,0.013071654269386345
0.14926983904273586,0.0,0.01304382474060043
0.13511061185859735,0.0,0.013014742523227357
0.12499495293558859,0.0,0.012984408734843004
0.12740668266788552,0.0,0.012952824493023223
0.14806384061785374,0.0,0.012919990915343866
0.17645636727127892,0.0,0.012885909119380793
0.19617405580485137,0.0,0.012850580222709853
0.19250682709283187,0.0,0.012814005342906902
0.17007239829253393,0.0,0.012776185597547795
0.14570908633697555,0.0,0.012737122104208385
0.13599711598755357,0.0,0.012696815980464555
0.14581740362279144,0.0,0.012655268343892101
0.16756164574138935,0.0,0.012612480312066911
0.193008846295649,0.0,0.01256845300256483
0.21359312896774232,0.0,0.012523187532961723
0.22012425967517643,0.0,0.012476685020833435
0.2033494797410798,0.0,0.012428946583755823
0.1630702480994283,0.0,0.012379973339304745
0.12791922454820237,0.0,0.012329766405056054
0.1322550397392249,0.0,0.0122783268985856
0.2051909389714917,0.0,0.012225655937469274
0.34541667071867177,0.0,0.012171754639282863
0.5406802637758992,0.0,0.012116624121602252
0.778737574817168,0.47764175443088547,0.0120602655020033
1.0475924018730296,0.8032920852146508,0.012002679898061856
1.335403744757806,1.0182349747589376,0.011943868427353777
1.6296973510374686,1.091189722193683,0.011883832207454915
1.901807152512787,1.0827470425566232,0.011822572355941129
2.10595040864034,1.0581451385364167,0.011760089990388271
2.1958577296035346,1.0589662884917017,0.011696386228372194
2.1559890211633297,1.0817669976959938,0.011631462187468801
2.0258709438582705,1.1180565668519287,0.011565318985253849
1.8507555884268283,1.1603882306695998,0.011497957739303242
1.6717522939238245,1.2048251080121957,0.011429379567192834
1.516923892074431,1.2481671693764027,0.011359585586498478
1.4117714331313156,1.2875430133042451,0.011288576914796032
1.3754689736288277,1.3220985412670367,0.011216354669661345
1.3909146192381514,1.3517446621010731,0.011142919968670272
1.4281011495028917,1.3764198685182358,0.011068273929398667
1.4583417504769514,1.3963742755959179,0.010992417677615466
1.4676625339881224,1.4120628688325514,0.010915371224427706
1.45120719069256,1.4239403436370515,0.010837213768352822
1.4047909851543083,1.4323530408490657,0.010758036072091196
1.3376249352337284,1.4375271352638046,0.010677928898343141
1.2729430342158206,1.4396833965328049,0.010596983009808977
1.234471565267557,1.4391344903055996,0.010515289169189021
1.2309080299888204,1.4363662072278347,0.010432938139183591
1.2442912770059213,1.4318833903418802,0.010350020682493005
1.253925392614328,1.4256267605105515,0.010266627561817575
1.2441787349463354,1.4156613660035169,0.010182849539857623
1.215192957194607,1.3996629168051065,0.010098777379313532
1.1701718634584495,1.3754592953116291,0.010014501842885493
1.112066293177809,1.3418017021210586,0.009930113693273884
1.0423933190383625,1.2977877209957176,0.009845703693179025
0.9621654745057331,1.2431365125877591,0.009761362605301235
0.8729660008477242,1.184873323544782,0.009677181192340827
0.7825858003973964,1.1347788412500694,0.00959325021699812
0.7026241208530979,1.1042864052128873,0.009509660441973437
0.6445341875493821,1.0930903099663938,0.00942650262996709
0.6148271688352926,1.0879930759141845,0.009343867543679399
0.6148911604167916,1.075211492248454,0.009261845945810736
0.6458195238594202,1.0487213876520767,0.009180528599061308
0.7037663769691669,1.0169669509495842,0.009100006266131486
0.7762130603044816,0.989973214650056,0.009020369709721596
0.8497662262690302,0.9752700066138523,0.008941709692531946
0.9192870500134438,0.9721825095103965,0.008864116977262856
1.0050642313698415,0.9783520351383302,0.008787682326614647
1.1322669135623527,0.9914853254930972,0.008712496503287636
1.321959607623884,1.009681542885445,0.008638650269982135
1.5722084317950316,1.0311854827256755,0.008566234389398469
1.8730742941843095,1.0540857105276364,0.008495339624237003
2.2149607726240825,1.0746547341300956,0.008426056737197955
2.592032953286907,1.0879947900777178,0.008358476490981691
3.0007404331183647,1.0894133427517667,0.008292689648288533
3.4362751094994612,1.0802575323494625,0.008228786971818794
3.862715409321379,1.0684426016333795,0.008166859224272792
4.212200757931347,1.0621705565980522,0.008106997168350847
4.415905646765043,1.0652017511261238,0.008049291566753278
4.44593458263331,1.0730984954719225,0.007993833182180398
4.345534488100913,1.0805387811924319,0.007940712777332527
4.165067251714444,1.0838091415201174,0.007890021114910021
3.950286624731311,1.0844268309849312,0.007841848957613123
3.7329068794258724,1.08497051934116,0.0077962870681421844
3.5419781810384703,1.086878956368842,0.007753426209197528
3.400313798754758,1.0848329576939075,0.007713357143479469
3.2961805521182455,1.0710323880268702,0.007676170633688323
3.2059512004323616,1.0395187356080162,0.007641957442524413
3.1069880149504794,1.0054633732696228,0.007610808332688055
2.9872405072783224,0.9975180010037416,0.0075828140480365324
2.8410236772182156,1.042289274856357,0.007558035121658673
2.662610063912722,1.1066791089222365,0.007536440549646074
2.443204129736877,1.0932936494324363,0.007517982057072731
2.170891522943028,0.9025643212810409,0.0075026113690127
1.8339955272249582,0.5336658756990955,0.007490280210540009
1.451380774105092,0.0,0.007480940306728699
1.0944614986827217,0.0,0.007474543382652798
0.8398185834628195,0.0,0.007471041163386341
0.7293518626277025,0.47342381653216303,0.007470385374003363
0.7004559104143755,0.7752080628942286,0.0074725277395778986
0.6709197740683827,0.8914997105443391,0.007477419985183982
0.5833889214574182,0.8537909137002735,0.007485013835895641
0.516619444070015,0.7642296546729,0.0074952610167869195
0.5957188390390432,0.7180577739184854,0.007508113252931847
0.9271244515911382,0.7313758303210418,0.007523522269404457
1.4218912593480382,0.7702984094790183,0.007541439791278785
1.8747830284442129,0.8009889809201082,0.0075618175436288635
2.085243865469186,0.811237082667994,0.007584607251528729
1.997581115909275,0.811894370418095,0.007609760640052413
1.7019271389910977,0.8147562994121128,0.007637229434273951
1.2947263105402815,0.814675866134366,0.007666965359267377
0.8642604357198723,0.7758674635775178,0.0076989201401067
0.4849083290504192,0.6593310137108662,0.007733045501866002
0.22966977606732727,0.450192162622737,0.007769293169619292
0.13894211230922182,0.0,0.007807614868440605
0.1559546168655774,0.0,0.007847962323403979
0.20591479444844438,0.0,0.00789028725958344
0.22639808132624742,0.0,0.00793454140205303
0.22193377489169827,0.0,0.00798067647588678
0.21960308998326714,0.0,0.008028644206158722
0.24483648684562376,0.0,0.008078396317942892
0.30587376210240674,0.0,0.008129884536313288
0.40082583115522546,0.0,0.008183060586344016
0.5280149903681375,0.0,0.008237876193109072
0.6935803961829284,0.0,0.008294283081682494
0.9114533461376705,0.0,0.008352232977138312
1.1954489469420917,0.0,0.008411677604550562
1.5248801909060257,0.6135795157166559,0.00847256868899328
1.8208856030204348,0.8293856741583663,0.008534857955540497
1.9990389059141696,0.8921412614672695,0.008598497129266247
2.013963374881597,0.8526827228803888,0.008663437935244569
1.9353951281449289,0.7860823922736955,0.00872963209854944
1.8541772202986346,0.7559304203105034,0.008797031344254995
1.8439740040741555,0.7600645161559301,0.008865587397435223
1.8865107055541392,0.7729578359341301,0.008935251983164154
1.9328831814428729,0.7710372721418758,0.009005976826515825
1.937384090168821,0.752522603140136,0.009077713652564266
1.8870399101073254,0.729124139805514,0.009150414186383515
1.7879698249624107,0.7124219147792512,0.009224030153047602
1.6470375102444468,0.7057366363330744,0.009298513277630566
1.4824790499657838,0.7037519879588235,0.009373815285206437
1.3237565923625936,0.700778800705882,0.009449887900849196
1.2005843879378604,0.69410900391047,0.009526682849632985
1.1260701251221104,0.6863167815182404,0.009604151856631785
1.0856025170695536,0.6805171474013217,0.00968224664691963
1.061939655205672,0.6781963001873095,0.009760918952649373
1.0390554297870884,0.6757732666666015,0.009840128423715806
1.004468688780694,0.6686845519212503,0.009919857796119433
0.9463408692525543,0.6544810673246986,0.010000093990644068
0.8584843933178392,0.6426831661181303,0.010080823928073537
0.7646117240501487,0.6470183219905727,0.01016203452919165
0.6982875029900282,0.6776920403856767,0.010243712714782166
0.6881766573109929,0.7066426390663336,0.01032584540562902
0.7136849002424795,0.682357066084503,0.01040841952251597
0.7257762976594211,0.5555778473567713,0.010491421986226834
0.6771304082221047,0.0,0.010574839717545432
0.5659187053104038,0.0,0.010658659637255576
0.43478190685101,0.0,0.010742868666141082
0.32789745716495106,0.0,0.010827453724985775
0.26658499196164415,0.0,0.010912401734573463
0.23439406065115861,0.0,0.010997699615687969
0.2113410547411462,0.0,0.011083334289113109
0.18326247775331095,0.0,0.011169292675632637
0.15278015086192445,0.0,0.011255561696030496
0.12552381312506664,0.0,0.011342128271090438
0.10688560442942709,0.0,0.011428979321596278
0.10101476515589487,0.0,0.01151610176833184
0.11165548219107616,0.0,0.011603482532080937
0.14126560288655649,0.0,0.011691108533627391
0.17955558561581123,0.0,0.011778966693755014
0.20895005171989664,0.0,0.011867043933247617
0.21253902848959194,0.0,0.01195532717288903
0.18971227345761288,0.0,0.012043803333463004
0.1556376976144908,0.0,0.012132459335753472
0.12604909700437558,0.0,0.012221282100544196
0.11105938578978684,0.0,0.012310258548618993
0.11158674958326728,0.0,0.012399375600761684
0.1276959454494157,0.0,0.012488620177756076
0.15639194855402275,0.0,0.012577979200385992
0.185951127603124,0.0,0.012667439589435251
0.20310357023553927,0.0,0.012756988265687668
0.1981237477102468,0.0,0.01284661214992706
0.1796169101400388,0.0,0.012936298162937178
0.16209665956467287,0.0,0.013026033225501967
0.1585170062612408,0.0,0.013115804258405188
0.1665446540874069,0.0,0.013205598182430646
0.17519713565054834,0.0,0.01329540191836217
0.17383406783865155,0.0,0.013385202386983566
0.1612118184311902,0.0,0.013474986509078659
0.14509423614459566,0.0,0.013564741205431264
0.13353052124408613,0.0,0.013654453396825191
0.12934749882022248,0.0,0.013744110004044272
0.12691475469277244,0.0,0.013833697947872247
0.11983510335441531,0.0,0.01392320414909307
0.10582019981189214,0.0,0.014012615528490485
0.0941758072744531,0.0,0.014101919006848315
0.09623808491107586,0.0,0.014191101504950373
0.11979343285118987,0.0,0.014280149943580485
0.15447754323554982,0.0,0.014369051243522456
0.18414006873960673,0.0,0.014457792325560112
0.194302730583233,0.0,0.014546360110477271
0.1866613600515675,0.0,0.01463474151905774
0.17197002186502844,0.0,0.014722923472085285
0.16076332685608571,0.0,0.014810892890343841
0.15688166856278288,0.0,0.014898636694617166
0.1578110357681332,0.0,0.014986141805689072
0.16078532022160102,0.0,0.015073395144343377
0.16297093553602335,0.0,0.015160383631363905
0.16142611341021437,0.0,0.01524709418753447
0.15320209504409127,0.0,0.015333513733638891
0.1375019517347514,0.0,0.015419629190460972
0.11953491792028423,0.0,0.015505427478784544
0.10554998751777465,0.0,0.015590895519393359
0.10080891504094926,0.0,0.015676020233071356
0.10558257840149879,0.0,0.015760788540602293
0.11856837819516919,0.0,0.015845187362769984
0.1379799952666571,0.0,0.01592920362035825
0.15742425276157257,0.0,0.016012824234150905
0.1679540867403914,0.0,0.016096036124931767
0.16113058037314998,0.0,0.01617882621348465
0.13955733632060838,0.0,0.016261181420593372
0.11621783223839834,0.0,0.016343088667041757
0.10437839804349347,0.0,0.01642453487361355
0.10963699949452232,0.0,0.0165055069610927
0.12542049261097565,0.0,0.01658599185026296
0.14407661966143998,0.0,0.016665976461908146
0.15933464178511955,0.0,0.01674544771681207
0.16873820542071633,0.0,0.01682439253575856
0.17048370411288466,0.0,0.016902797839531424
0.1634093720469239,0.0,0.016980650548914476
0.14956153040775821,0.0,0.01705793758469155
0.13198677492741004,0.0,0.017134645867646448
0.11394029587330438,0.0,0.017210762318562937
0.10063795012995179,0.0,0.01728627385822494
0.09837148622427597,0.0,0.01736116740741623
0.11290842081655454,0.0,0.017435429886920612
0.13915793035510265,0.0,0.017509048217521906
0.16192188053620962,0.0,0.017582009320003936
0.1658006181430926,0.0,0.01765430011515051
0.146811081067458,0.0,0.01772590752374545
0.11890946664454335,0.0,0.017796818466572568
0.09761704040460382,0.0,0.017867019864415693
0.09384504872963946,0.0,0.01793649863805859
0.10591384270514731,0.0,0.018005241708285158
0.13001390070822402,0.0,0.018073235995879174
0.16141234554857872,0.0,0.018140468421624464
0.19081322983455584,0.0,0.01820692590630484
0.20751354361048535,0.0,0.01827259537070412
0.20225498664060768,0.0,0.018337463735606106
0.17921140683639006,0.0,0.01840151792179464
0.14985243929871475,0.0,0.018464744850053522
0.12540206977052676,0.0,0.018527131441166574
0.11073555776820863,0.0,0.018588664615917568
0.10487613690901354,0.0,0.018649331295090416
0.10662355510059908,0.0,0.018709118399468875
0.1144875250178434,0.0,0.018768012849836778
0.12652656453582914,0.0,0.018826001566977942
0.14075864094422813,0.0,0.01888307147167617
0.1542469385954922,0.0,0.018939209484715294
0.16147504244574856,0.0,0.01899440252687912
0.15649519946714768,0.0,0.01904863751895147
0.136381083751544,0.0,0.01910190138171616
0.11296934823996671,0.0,0.01915418103595697
0.10259866517889225,0.0,0.019205463402457795
0.11918491213537431,0.0,0.01925573540200241
0.15439870304524064,0.0,0.01930498395537463
0.18795095744226253,0.0,0.019353195983358284
0.2003225915394145,0.0,0.019400358406737175
0.18935909782310267,0.0,0.019446458146295132
0.16875601140368945,0.0,0.019491482122815956
0.1526551539445514,0.0,0.01953541725708349
0.14723670126969673,0.0,0.01957825046988152
0.14641869687119408,0.0,0.01961996868199386
0.14308004368911822,0.0,0.01966055881420437
0.1338584540544455,0.0,0.01970000778729684
0.12543778142721032,0.0,0.019738302522055093
0.1261623247559607,0.0,0.019775429939262942
0.1411816237743378,0.0,0.019811376959704207
0.16021123910592125,0.0,0.0198461305041627
0.16831213034086287,0.0,0.019879677493422242
0.15307370768599812,0.0,0.019912004848266652
0.1250068819637459,0.0,0.01994309948947974
0.10682018868735356,0.0,0.019972948337845305
0.11997121149387056,0.0,0.020001538314147204
0.15958659817737206,0.0,0.02002885633916925
0.19699292961959108,0.0,0.02005488933369524
0.2030577358341536,0.0,0.020079624218509
0.171467910232147,0.0,0.020103047914394337
0.13070567474421033,0.0,0.02012514734213508
0.11215316277193987,0.0,0.020145909422515044
0.1327507359142568,0.0,0.02016532107631804
0.17125501716427705,0.0,0.020183369224327893
0.20018449174118888,0.0,0.020200040787328392
0.198159904389945,0.0,0.0202153226861034
0.17295023885120717,0.0,0.020229201841436707
0.14101773284076508,0.0,0.020241665174112144
0.11766826718555629,0.0,0.02025269960491352
0.10784680506386267,0.0,0.020262292054624643
0.11104105892073182,0.0,0.020270429444029337
0.12643547765298696,0.0,0.020277098693911425
0.14838416520687325,0.0,0.020282286725054718
0.16691773412818264,0.0,0.020285980458243036
0.17204475376878842,0.0,0.020288166814260194
0.16107798169436527,0.0,0.020288832713890013
0.14235693755967244,0.0,0.0202879650779163
0.12513186686431513,0.0,0.020285550827122883
0.11657139400036157,0.0,0.020281576882293574
0.11839941379382247,0.0,0.020276030164212196
0.13146060625891,0.0,0.020268897593662554
0.15491555244921834,0.0,0.020260166091428472
0.17997102988229266,0.0,0.020249822578293775
0.19548794090014607,0.0,0.02023785397504227
0.1918393530841567,0.0,0.020224247202457767
0.1727634424749164,0.0,0.020208989181324112
0.14896601913392105,0.0,0.02019206683242509
0.13081977031707787,0.0,0.020173467076544535
0.1213487881692769,0.0,0.02015317683446625
0.11706381851379151,0.0,0.020131183026974073
0.11428098142024362,0.0,0.0201074725748518
0.11099980223708494,0.0,0.020082032398883263
0.10773590474838472,0.0,0.020054849419852274
0.10521046037121798,0.0,0.020025910558542644
0.1039794888431579,0.0,0.019995202735738203
0.10417166162098826,0.0,0.019962712872222784
0.10584744243749765,0.0,0.01992842788878016
0.10869713982376726,0.0,0.019892334706194163
0.1106825192274276,0.0,0.01985442024524862
0.10926119006696984,0.0,0.019814671426727343
0.10258008493902203,0.0,0.01977307517141415
0.09480188756785979,0.0,0.019729618400092866
0.0931933657453282,0.0,0.01968428803354729
0.1045220008611816,0.0,0.01963707099256125
0.12590087601068156,0.0,0.019587954197918575
0.14596948938468318,0.0,0.0195369245704031
0.15325478183005684,0.0,0.019483969030798572
0.14558841200163183,0.0,0.019429074499888854
0.13457125438904813,0.0,0.01937222789845775
0.13291700507775053,0.0,0.01931341614728909
0.15401308026171776,0.0,0.019252626167166685
0.21297158394872182,0.0,0.019189844878874353
0.32517669317774617,0.0,0.019125059203195908
0.5079149378869988,0.5311963437472905,0.01905825606091517
0.7872565945880322,0.8146399481775153,0.01898942237281595
1.191805400819789,0.9728454194536006,0.01891854505968213
1.7388277136622383,1.013320599730509,0.01884561104229741
2.347883666015773,1.0003931775771013,0.018770607241445678
2.8886345853399096,0.9969107098285777,0.018693520577910724
3.2358673378995833,1.0250277223826993,0.018614337972476382
3.364344349350436,1.0694285403949373,0.01853304634592647
3.335719398426823,1.1135244471546866,0.0184496326190448
3.214697310622218,1.1482471115171506,0.01836408371261519
3.07417498952373,1.1762148296241308,0.018276386547421454
2.9990518247395292,1.2010520843868648,0.018186528044247415
3.075058839741127,1.2247703532001604,0.018094495123876952
3.33745221809666,1.2450281811766317,0.018000274793111722
3.693654361384872,1.2587571540554559,0.017903889033392874
4.031156433326906,1.263828277578218,0.01780544834443177
4.250851004628698,1.2626971047097062,0.01770507701718002
4.314814170897924,1.2592156050204688,0.01760289934258923
4.202572766098546,1.2569094404386754,0.01749903961161102
3.904398559008482,1.2563105734642575,0.017393622115197002
3.502003914784725,1.2563432247770405,0.017286771144298777
3.123320644206097,1.2559503761861386,0.01717861098986798
2.889975186240843,1.2547441032523174,0.017069265942856286
2.8049606835892393,1.2529465793402017,0.016958860294215155
2.7691696125479894,1.2508099525034897,0.016847518334896276
2.6812925612052974,1.2490360330439778,0.016735364355851268
2.4971206740333574,1.2490184396304498,0.016622522648031733
2.2552760290790155,1.2522077756450483,0.01650911750238929
2.00084162701087,1.258958796865749,0.01639527320987556
1.7635671202208032,1.2667007706103164,0.01628111406144215
1.5347823635028803,1.272380032613474,0.016166764348040666
1.299896862634298,1.2734202913719876,0.016052348360622724
1.0612659187060447,1.2695486726576415,0.015937990390140027
0.8977418017385854,1.2611861461090015,0.015823814727544013
0.9097524321733422,1.248998769483833,0.015709945663786383
1.1799578854789068,1.2358693217264,0.015596507489818747
1.6416500086193684,1.225858915268507,0.015483624496592723
2.1533975176677385,1.2228665210185308,0.015371420975059917
2.577103695828149,1.2274570075191742,0.015260021216171947
2.8428481271171413,1.2371847549905002,0.015149549510880423
2.9388126640442676,1.249511912375062,0.015040130150136959
2.8559423429799855,1.2628096565616815,0.014931887424893165
2.6297391390518636,1.276833786861512,0.014824945626100735
2.359700097756733,1.2914558255924513,0.014719429044711125
2.1501771906058047,1.3062396957436504,0.014615461971676024
2.070337928745659,1.3199369698547812,0.014513168697947052
2.102128227983251,1.3311666701203633,0.014412673514475815
2.214210594246458,1.338863383928339,0.014314100712213928
2.3762464184743366,1.3434672180788012,0.014217574582113002
2.5623556914161236,1.345866756593229,0.01412321941512465
2.7479019281185653,1.346922311393449,0.014031159502200486
2.907206203567066,1.3472408655532402,0.013941519134292125
3.005934179210896,1.347296116128367,0.013854422602351238
3.0054661387348576,1.347514016538501,0.013769994197329313
2.870355339779721,1.3474380369723529,0.013688358210178027
2.62042839785637,1.3458225896158167,0.013609638931849
2.322157615429183,1.341417451700541,0.01353396065329383
2.0429097428625145,1.3342644112375062,0.013461447665464137
1.8227449929291357,1.3263536617687042,0.013392224259311546
1.662892402714242,1.3198357057207082,0.013326414725787649
1.5616209538784354,1.3163096388304616,0.013264143159487481
1.5181627891361384,1.3159339430991654,0.013205466892422609
1.5341123496576647,1.3186347593523824,0.013150279511250501
1.6114196285649436,1.3241306116909164,0.013098449957148161
1.7402187522895562,1.331160656940075,0.013049847171292706
1.8584941704149702,1.338175543142191,0.013004340094861207
1.889847660670396,1.3436156624037867,0.012961797669030743
1.7713571553747907,1.345831261057244,0.012922088834978385
1.550618387615337,1.3431256412505848,0.012885082533881213
1.3293811756031448,1.3339679131431808,0.012850647706916294
1.20430393694642,1.3199272282115015,0.012818653295260716
1.1792496502978136,1.3053175538027977,0.012788968240091545
1.1805358171857394,1.2944916564743094,0.012761461482585872
1.1332198497942065,1.2887563956200807,0.012736001963920744
1.0150103947659723,1.2848709158248295,0.012712458625273253
0.87774863512295,1.2792268269437903,0.012690700407820466
0.7787974255362834,1.2700969901152637,0.012670596252739471
0.7578705341503601,1.26061663067399,0.012652015101207333
0.8118536641601755,1.2546960744750897,0.012634825894401127
0.9312620897177047,1.254827518701414,0.012618897573497934
1.0992129388369816,1.2568887925948442,0.012604099079674828
1.2665373525509354,1.2548308396361927,0.012590299354108889
1.3752614476122396,1.2436519522897431,0.01257736733797719
1.37968810704348,1.22747962937629,0.012565171972456792
1.3335681231430598,1.215146802056787,0.012553582198724786
1.3388787629139143,1.2150875789011821,0.01254246695795824
1.4903987214188414,1.227700092837197,0.01253169519133423
1.7572027157332595,1.246336741446447,0.012521135840029837
2.0043468239555824,1.26417152555034,0.012510657845222128
2.0960940579570777,1.2775749422795417,0.012500130148088182
2.003778734000411,1.287642667747041,0.012489421689805075
1.8480020161909305,1.2958476286717209,0.012478401411549883
1.7601841666791873,1.3021325456161494,0.012466938254499692
1.795788969905388,1.3025273769040941,0.012454901159831553
1.8279120443135592,1.29244560457218,0.012442159068722557
1.702841892061335,1.268309911447477,0.012428580922349771
1.3331750174412478,1.231197158353452,0.012414035661890277
0.9176383697754392,1.1835249930102958,0.012398392228521146
0.7321213127951269,1.1288816715210006,0.012381519563419463
1.0122216705470466,1.0809291210774832,0.01236328660776229
1.6711337288541372,1.0584682602207378,0.012343562302726709
2.4673220917911824,1.0789421752131467,0.012322215742871385
3.167917982190064,1.1345277768598643,0.01229916110784758
3.6988773240927064,1.1954654519147287,0.012274420179380463
4.11629595071417,1.2316603155457493,0.012248030450995743
4.478620776214181,1.233343255952845,0.012220029416219108
4.777868013312122,1.2204934974506374,0.01219045456857624
4.914357420496013,1.2154334548237293,0.012159343401592823
4.781923282351546,1.2319838186758698,0.012126733408794551
4.336916504917249,1.262458219579853,0.012092662083707103
3.6842012801972905,1.295821200247616,0.012057166919856172
2.9502150638123674,1.3214744366445883,0.01202028541076744
2.2535697628793216,1.3308129151954986,0.011982055049966626
1.6794868947782235,1.3157994755553524,0.011942513330979359
1.304283969033513,1.2707904482082775,0.011901697747331349
1.1939740722949408,1.2104861524980821,0.01185964579254829
1.3331228044444776,1.159858630568724,0.01181639496015586
1.667612018581458,1.1426696100450233,0.01177198274367975
2.140631078649762,1.1597612561965245,0.011726446636645651
2.6555055860514316,1.1922708575267178,0.011679824132579241
3.0832167535409467,1.2208903033228624,0.011632152725006211
3.29560041743489,1.2362035324497793,0.01158346990745225
3.242631441159615,1.2431288138514853,0.011533813173443073
2.9810790951996813,1.2477017536824913,0.0114832200165043
2.5754413997416394,1.2536736367103318,0.011431727930161655
2.0993200816378126,1.2590785995602125,0.011379374407940823
1.6477152642413204,1.2610708907305266,0.011326196943367485
1.318698705954268,1.2574572617973598,0.011272233029967335
1.1741301428788302,1.2489864606336136,0.01121752016126606
1.1230882849671269,1.2372360225634869,0.011162095830789337
1.034365928999934,1.2239045188621682,0.011105997532062862
0.8089591611938892,1.2117062197118293,0.011049262758612316
0.5993186968084246,1.2038629497033064,0.010991929003963388
0.676085178023837,1.203355213646647,0.01093403376164181
1.2866335941721616,1.2088752895843546,0.010875614525173176
2.2958033848525963,1.215464700905063,0.010816708788083223
3.2610944290922794,1.2181153076939089,0.010757354043897632
3.7387063435376864,1.2151054558121008,0.01069758778614209
3.6001463516670444,1.2094287141496791,0.010637447508342286
3.143614197739631,1.204440279951111,0.010576970704023905
2.697164139688714,1.2025187157780908,0.010516194866712633
2.4729563439614464,1.2036242837235316,0.010455157489934162
2.41360988812773,1.2073494130673448,0.01039389606721417
2.4235107690145563,1.2131727018294474,0.010332448092078391
2.41390092225403,1.2200652643450367,0.010270851058052427
2.3246241681602493,1.2268568444450847,0.010209142458662002
2.1029818742971087,1.2324379587564898,0.010147359787432808
1.7124484160202966,1.2362030807050566,0.01008554053789053
1.2412538680853635,1.2377959219530947,0.010023722203560851
0.835657176391178,1.2368533836674764,0.009961942277969461
0.6337588301080873,1.2328645205005855,0.009900238254642047
0.6402523015135355,1.2251937487244067,0.009838647627104298
0.7536984054562,1.2132422998213626,0.009777207888881891
0.8708717010530598,1.1983636308458663,0.009715956533500564
0.9365216470382602,1.1846844142584885,0.009654931054485914
0.9596809627414238,1.176531199760925,0.009594168945363673
0.9539049922882684,1.174377095772291,0.009533707699659525
0.9384460311390819,1.1692548106176934,0.009473584810899159
0.9456667284055369,1.1507779551709214,0.009413837772608258
1.0097672971727625,1.1123485776100648,0.009354504078312516
1.1538529381477791,1.0640690125968588,0.009295621221537608
1.3552602676785095,1.0206419610513437,0.00923722669580923
1.5795258300474337,0.9950252632442511,0.009179357994653064
1.797158608334273,0.9858853054423992,0.009122052611594838
2.0165614255007958,0.9848933606420688,0.009065348040160157
2.2635795788918562,0.9839748905617545,0.009009281773874753
2.5590392956772403,0.98017640821181,0.008953891276569438
2.8445607162446276,0.9748194040965041,0.008899206961918793
2.9993689195619266,0.9693490483296484,0.00884524312584171
2.9041324339208434,0.9648659876023733,0.00879201182200257
2.5672816551385953,0.9619862956827064,0.00873952510406575
2.1667554397140627,0.9612862312187068,0.008687795025695638
1.8918185137694945,0.9622519171727548,0.008636833640556603
1.8464446321896058,0.961727107947472,0.008586653002313068
1.9403890305910552,0.9561630160892025,0.00853726516462934
2.056508945224546,0.9432682097714752,0.008488682181169833
2.101988355067908,0.9262318467011038,0.00844091610559893
2.083239704904268,0.9097359612777874,0.00839397899158101
2.03197237755215,0.8977275065766678,0.008347882892780455
1.9755190634075521,0.8882065489035504,0.00830263986286164
1.9082600722731347,0.8762924538338697,0.00825826195548895
1.8095659168678921,0.8575375144615498,0.008214761224326763
1.6599577299518204,0.8350379243326966,0.00817214972303946
1.4586819228838863,0.818125828816877,0.008130439505291449
1.2195911570942168,0.8158528562444942,0.008089642624747054
0.9571581851620476,0.8158969995277366,0.008049771135070678
0.6951517721793613,0.7761710293889013,0.00801083708992671
0.46955294485403454,0.6524946895917744,0.007972852542979523
0.3170896561153591,0.43414394479633067,0.0079358295478935
0.2560555891554389,0.0,0.007899780158333026
0.26320728396940535,0.0,0.00786471642796247
0.3096172749658475,0.0,0.007830650410446224
0.3689365945884146,0.0,0.007797594159448658
0.4252162470904774,0.0,0.00776555972863418
0.46512890347804065,0.0,0.0077345591716671235
0.4775093824960649,0.0,0.007704604542211893
0.46727602599364526,0.0,0.007675707893932866
0.4465967167088035,0.0,0.007647881280494423
0.4270036088576039,0.0,0.007621136755560948
0.40994102720057185,0.0,0.0075954863727968145
0.38906173776414044,0.0,0.007570942185866409
0.3580130865456474,0.0,0.007547516248434107
0.31810509410005333,0.0,0.007525220614164289
0.2806154111308593,0.0,0.007504067336721354
0.25747333086085467,0.0,0.0074840684697696485
0.25725258085049724,0.0,0.007465236066973567
0.28104507452781213,0.0,0.007447582181997492
0.3289311451919544,0.0,0.0074311188685058024
0.396130742687505,0.0,0.0074158581801628785
0.4584795618978673,0.0,0.007401812170633102
0.48698151151675817,0.0,0.007388992893580852
0.4582532994159215,0.0,0.007377412402670505
0.3901635887763589,0.0,0.007367082751566446
0.3189806196604767,0.0,0.00735801599393306
0.2789954412917441,0.0,0.007350224183434712
0.27394580893671,0.0,0.007343719373735791
0.2842027384064682,0.0,0.007338513618500679
0.2898043770861815,0.0,0.007334618971393752
0.28068376111177523,0.0,0.007332047486079391
0.2595188534248483,0.0,0.007330811216221978
0.2298333195864805,0.0,0.007330922215485891
0.19611918982531712,0.0,0.007332392537535509
0.1650050683205874,0.0,0.0073352342360352195
0.1434049718521491,0.0,0.007339459364649391
0.13609396731878445,0.0,0.007345079977042412
0.13941197582085746,0.0,0.007352108126878661
0.14761987127650564,0.0,0.007360555867822516
0.1552773061713523,0.0,0.007370435253538361
0.15911361878688424,0.0,0.007381758337690572
0.1568157532004325,0.0,0.007394537173943533
0.14650112972898544,0.0,0.007408783815961621
0.13251054207144283,0.0,0.007424510317409215
0.12389755757099488,0.0,0.007441728731950698
0.12962623571597853,0.0,0.007460451113250436
0.15096143121014358,0.0,0.007480689514972836
0.1793484878542195,0.0,0.007502455990782263
0.2056038729301837,0.0,0.007525762594343097
0.22235029589550112,0.0,0.007550621379319724
0.22615413175124255,0.0,0.007577044399376516
0.21410223733686473,0.0,0.007605043708177856
0.18605158246188325,0.0,0.007634631359388127
0.15266112019988637,0.0,0.0076658194066717075
0.12722242319730412,0.0,0.007698619903692977
0.12080707477048432,0.0,0.00773304490411629
0.1285574736463208,0.0,0.007769106461606076
0.13865932803649092,0.0,0.00780681662982669
0.140089531682682,0.0,0.007846187462442516
0.1336260534540538,0.0,0.00788723101311793
0.12889557354106804,0.0,0.007929959335517312
0.13548019977987938,0.0,0.007974384483305046
0.1535045513338413,0.0,0.008020518510145508
0.17114951870312578,0.0,0.008068373469703082
0.17587005839384906,0.0,0.008117961415642144
0.16225973183805634,0.0,0.008169294401627041
0.14033584336067487,0.0,0.008222384481322221
0.1221267678519459,0.0,0.008277243708392036
0.11633850892896161,0.0,0.008333884136500859
0.11886647473403149,0.0,0.00839231781931307
0.12251886296492394,0.0,0.008452556810493055
0.1254995866932373,0.0,0.008514613163705187
0.1642685575408036,0.0,0.008578498932613853
0.2918174988638287,0.0,0.008644226170883429
0.5576691835377574,0.0,0.008711806932178294
0.9612314426849792,0.0,0.00878125327016278
1.4647046158027872,0.0,0.008852577238501368
2.0281211488492894,0.4060397742167806,0.008925790890858388
2.5655209162125927,0.7557642370866113,0.009000906280898216
2.933429688016414,1.014348958870447,0.009077935462285237
2.985341466956917,1.1150196841084765,0.00915689048868383
2.6795382769464675,1.120095547471072,0.009237783413758376
2.1983534973178482,1.1097514321711972,0.009320626291173249
1.7529809927787845,1.1458168545391836,0.009405431174592836
1.4996745483089593,1.2153805866959442,0.009492210117681516
1.3852153964450797,1.28650012455487,0.009580975174103603
1.3064692528692123,1.3309442601215955,0.009671738397523605
1.1747383913404141,1.3483883352407202,0.009764511841605837
1.0024677390963892,1.3512049002451103,0.009859307560014683
0.8453495766706846,1.351390782934464,0.009956137606414521
0.7557470924358273,1.3542404168804725,0.010055014034469732
0.7372244156444159,1.35982567381035,0.010155948897844696
0.7574719729744063,1.3680299658511763,0.010258954250203794
0.783739178079133,1.3767309068498526,0.010364042145211399
0.7968921109631416,1.381173848489686,0.010471224636531903
0.7946578150317293,1.3764396978356477,0.010580513777829597
0.7758313287584131,1.3607386817311988,0.01069192162276902
0.7426951352818684,1.3393242730438977,0.01080546022501448
0.7049109279790173,1.3184125185145956,0.01092114163823035
0.6730793990956131,1.3032478759474404,0.011038977916081018
0.6547976509450365,1.2951607506117724,0.011158981112230851
0.6463388567840628,1.2944960611712422,0.011281163280344246
0.6413080038840286,1.3012645527904882,0.011405536105792168
0.6336944524469499,1.3129943564842497,0.011532050215880054
0.6201486289289893,1.3260958348268173,0.011660527547141775
0.5984468022788816,1.3370426155060535,0.011790773734759832
0.5671450447351337,1.34333902046663,0.011922594413916654
0.5354844139048939,1.3432846137605157,0.012055795219794942
0.5204834143546805,1.3352672472065286,0.012190181787577106
0.5386583914889382,1.320309454930221,0.012325559752445661
0.5832955720308607,1.302857367569471,0.012461734749583127
0.6191978901165848,1.287582249882877,0.012598512414172005
0.6095892020993992,1.2783612020637876,0.012735698381394815
0.5440458628459871,1.2773025814798338,0.012873098286434069
0.4673263030352208,1.2862759093811287,0.01301051776447228
0.43112546195564333,1.3056335986933336,0.01314776245069195
0.4692337965754728,1.3296847657080142,0.013284637980275509
0.5486936021781041,1.3512339607157804,0.013420949988405656
0.6209958445855308,1.3639123628177219,0.013556504110264805
0.6486479951644828,1.3674187714136132,0.013691105981035474
0.6695261735931519,1.364155285695195,0.01382456123590017
0.7530566819598248,1.3565055237962291,0.013956675510041407
0.9637999620128974,1.3463961568927136,0.014087254438641698
1.2988042712129524,1.3354047572718148,0.014216103656883555
1.706461426336432,1.3250463458741957,0.014343028799949496
2.134559308346952,1.3147915922803994,0.01446783550302202
2.5466685394643447,1.3014807463959976,0.014590329401283568
2.925522169215603,1.2818157832134587,0.014710316129916813
3.2547865335364174,1.2595208352620082,0.014827601324104194
3.483922562352229,1.2537962001692706,0.014941990619028208
3.491506624217737,1.2859068844918944,0.015053289649871375
3.1473144795028594,1.3569254555627261,0.015161304051816211
2.3988379993201896,1.3883892483162141,0.015265839460045226
1.4800609916379628,1.2822557178461416,0.015366701509740928
0.6909679392813367,0.9631379314324416,0.015463695836085834
0.28608782916502906,0.519960251086703,0.015556628074262453
0.2126311250665296,0.0,0.015645303859453237
0.2905220393916943,0.0,0.01572952882684083
0.34842068431819817,0.0,0.015809108611607673
0.33736082205230156,0.0,0.015883848848936274
0.2957010389970428,0.0,0.01595355517400916
0.2629439186821103,0.0,0.016018033222008832
0.2543162865925605,0.0,0.0160770886281178
0.25585912462687843,0.0,0.01613052751272402
0.25195554893595057,0.0,0.016178228260779578
0.23785146452450345,0.0,0.016220217560844324
0.2310712710962688,0.0,0.016256540305992283
0.2518717806544029,0.0,0.016287241389297533
0.3129057368967882,0.0,0.01631236570383408
0.39910709240283027,0.0,0.016331958142675948
0.4890956295098489,0.0,0.016346063598897183
0.5618357512090515,0.0,0.016354726965571807
0.5985944171607468,0.0,0.01635799313577385
0.5815821634539726,0.0,0.01635590700257736
0.49914192928190715,0.0,0.01634851345905636
0.42049336275740046,0.0,0.016335857398284876
0.47199889447856497,0.0,0.016317983713336964
0.7766086520980272,0.0,0.016294937297286625
1.3086525952396049,0.0,0.016266763043207906
1.865527004478249,0.0,0.016233505844174836
2.23498837238796,0.0,0.01619521059326146
2.30348266163225,0.791861040166228,0.016151922183541785
2.1577691335489306,1.1009846913796195,0.016103685508089865
1.9088751319003257,1.2140936950265684,0.016050545459979727
1.6493799902601596,1.1825930881098157,0.015992546932285405
1.4053650996505835,1.0958147929089648,0.015929734818080923
1.1879338357642444,1.0337052110669758,0.015862154010440364
1.0075656527512873,1.0097514424371374,0.015789849402437675
0.8706201999057873,1.0087534752103584,0.015712865887146925
0.7817867677547449,1.0159641947853155,0.015631248357642152
0.7446507232655661,1.0246523599585329,0.015545041706997383
0.7484985030052111,1.0340317815517512,0.01545429082828666
0.7726136429823692,1.0433984705639798,0.015359040614584001
0.7963315048754677,1.0499712445832048,0.015259335958963453
0.8071057579312968,1.0483740997487865,0.015155221754499034
0.8019605445787059,1.0330907496508919,0.015046742894264789
0.7785153061867697,1.0026508947481712,0.014933944271334822
0.7405807524794134,0.9642254841153559,0.014816870778783015
0.7044047138418574,0.9260971230818048,0.014695567309683466
0.6877230870594577,0.8957827288635682,0.014570078757110224
0.7039223898049132,0.8778833432911326,0.014440450014137308
0.7508859828784687,0.8763060138880256,0.014306725973838752
0.8230444538111304,0.89330709274432,0.014168951529288593
0.9119311745835069,0.9195928298385665,0.014027171573560862
0.9901728144918276,0.9409363702025394,0.013881430999729586
1.022811880587508,0.9439219482910987,0.013731774700868806
0.9781361034100359,0.9267083889819118,0.013578247570052661
0.8663203844055779,0.8959543756402532,0.013420894500354965
0.7265520607862819,0.8584605763544639,0.01325976038484986
0.5980391114245961,0.8191346003949471,0.013094890116611371
0.5026488577385234,0.7805424187060461,0.012926328588713539
0.4420058317930058,0.7451087108625403,0.012754120694230391
0.4165351581845619,0.715915502984844,0.012578311326235964
0.4195421653239285,0.6974341780035491,0.012398945377804286
0.4301769898680657,0.6943126265345947,0.012216067742009392
0.4259172880300845,0.7032790667489648,0.012029723311925313
0.39201373408649165,0.6912392770577247,0.011839956980626213
0.34111512815540684,0.6180805972484568,0.011646813777371421
0.29190375472502256,0.4540451401120275,0.011450356475187357
0.26001938095979976,0.0,0.011250683010562116
0.24147871147623046,0.0,0.011047895459831213
0.22451074316531036,0.0,0.010842095899330167
0.19835442462039052,0.0,0.010633386405394496
0.1652713436528533,0.0,0.010421869054359713
0.13645365676252016,0.0,0.010207645922561346
0.12294357735259943,0.0,0.0099908190863349
0.12594559922960682,0.0,0.009771490622016056
0.1352921924729478,0.0,0.009549762605940018
0.14023704885086935,0.0,0.009325737114442463
0.1369584062728288,0.0,0.009099516223858904
0.13526005559497964,0.0,0.00887120201052486
0.14653578962966357,0.0,0.008640896550775847
0.1764926108813917,0.0,0.008408701920947387
0.21101581314898896,0.0,0.008174720197374993
0.23167465316267566,0.0,0.007939053456394186
0.2235590862808823,0.0,0.00770180377434048
0.1942015803634143,0.0,0.007463073227549566
0.15994626239361412,0.0,0.007222963892356624
0.13630966350948648,0.0,0.006981577845097333
0.1282255439123957,0.0,0.006739017162107217
0.13344223773843586,0.0,0.006495383919721791
0.14950094750194415,0.0,0.0062507801942765775
0.17185538571929007,0.0,0.0060053080621070894
0.19356976084830016,0.0,0.005759069599548843
0.2076052994998208,0.0,0.005512166882937359
0.21034381201978575,0.0,0.005264701988608155
0.2048287961927827,0.0,0.005016776992896925
0.19487173288394324,0.0,0.004768493972138833
0.18449829873407933,0.0,0.004519955002669571
0.17847246914530954,0.0,0.0042712621608246605
0.18171717300124166,0.0,0.004022517522939618
0.19719467302650778,0.0,0.0037738231653499602
0.21551444168306455,0.0,0.0035252811643912045
0.22248765634540324,0.0,0.0032769935963988667
0.20551252017445507,0.0,0.0030290625377084684
0.1716396036911551,0.0,0.0027815900646555266
0.1411305173956504,0.0,0.0025346782535757323
0.1338972768104116,0.0,0.002288429180804253
0.1525079441714756,0.0,0.002042944922676781
0.17987106017657306,0.0,0.0017983275555288364
0.19790659024640536,0.0,0.001554679155695934
0.1969890252745754,0.0,0.0013121017995135966
0.1837896048204916,0.0,0.0010706975633173342
0.16683462217734285,0.0,0.000830568523442668
0.15267517409512893,0.0,0.000591816756225116
0.1411297413448199,0.0,0.00035454433800019786
0.1305835861214365,0.0,0.00011885334510359484
0.12026615015096699,0.0,-0.00011515414612951046
0.11466371391398737,0.0,-0.0003473760593634284
0.120282665618062,0.0,-0.0005777103182626498
0.1425623953290335,0.0,-0.0008060548464916486
0.1739470320365982,0.0,-0.0010323075677149082
0.19823158262078946,0.0,-0.0012563664055969149
0.199610879809695,0.0,-0.0014781292838021494
0.17818666679524772,0.0,-0.0016974941259950925
0.15191542509447653,0.0,-0.0019143588558402282
0.1396009329222881,0.0,-0.002128621397002037
0.14866078418932108,0.0,-0.002340179673144857
0.16478935934754013,0.0,-0.0025489316079334635
0.17123990773650935,0.0,-0.0027547751250321943
0.1580967481787861,0.0,-0.0029576081481055296
0.1384702623241221,0.0,-0.003157328600817949
0.1303174138361501,0.0,-0.003353834406833938
0.1472491265170816,0.0,-0.0035470234898179794
0.17612647464696723,0.0,-0.003736793773434555
0.1936412215656832,0.0,-0.003923043181348146
0.17888562869451138,0.0,-0.004105669637223234
0.1399112998064785,0.0,-0.004284571064724177
0.10385238765937038,0.0,-0.004459645387515714
0.09732466684631728,0.0,-0.004630790529262194
0.12296953370426307,0.0,-0.0047979044136281035
0.1567807274365533,0.0,-0.0049608849642779245
0.17347969891821757,0.0,-0.005119630104876134
0.16083439563661528,0.0,-0.00527403775908722
0.1312493350038707,0.0,-0.005424005850575667
0.09986355829679992,0.0,-0.0055694323030059485
0.07901802251425227,0.0,-0.005710215040042558
0.07172641302026489,0.0,-0.005846251985349874
0.07906128714632592,0.0,-0.005977441062592575
0.10056396275123976,0.0,-0.006103680195435045
0.1264600109598151,0.0,-0.006224867307541767
0.14347151600779937,0.0,-0.006340900322577225
0.13983483351713252,0.0,-0.006451677164205901
0.12173351779060505,0.0,-0.00655709575609227
0.10705960855155246,0.0,-0.006657054021900822
0.11331330851641792,0.0,-0.0067514498852960375
0.1416815243608344,0.0,-0.0068401812699424025
0.17539561991088085,0.0,-0.006923146099504339
0.1968457723950279,0.0,-0.007000242297646444
0.19699902367003055,0.0,-0.007071367788033141
0.1828534532557873,0.0,-0.007136420494328917
0.1631640434370234,0.0,-0.007195298340198251
0.14475363623027987,0.0,-0.007247899249305623
0.12807563813725004,0.0,-0.007294121145315519
0.1122728250069022,0.0,-0.0073338619518924205
0.09709336042021789,0.0,-0.00736701959270081
0.08592593244355548,0.0,-0.007393491991405166
0.08351364418049345,0.0,-0.007413177071669966
0.09391217862633314,0.0,-0.007425972757159717
0.11314729978451825,0.0,-0.0074317769715388825
0.13205835790030312,0.0,-0.007430487638471949
0.14165024798979683,0.0,-0.007422002681623397
0.1397382599506318,0.0,-0.007406220024657707
0.1315606121286611,0.0,-0.007383037591239365
0.12270926907917543,0.0,-0.007352353305032855
0.11660115482263833,0.0,-0.0073140650897026566
0.11262923609226548,0.0,-0.007268070868913248
0.10975115265207777,0.0,-0.007214268566329157
0.10776202108154416,0.0,-0.007152556105614791
0.10918725158330075,0.0,-0.007082831410434661
0.11710772928181039,0.0,-0.007004992404453259
0.13211188018313821,0.0,-0.006918937011335062
0.1399724097093498,0.0,-0.006824563154744553
0.12100936923630758,0.0,-0.006721768758346211
0.06075086389024691,0.0,-0.006610451745804525
0.0046401535563573805,0.0,-0.006490510040783972
0.036432965557249446,0.0,-0.0063618415669490355
0.23669862650361542,0.0,-0.006224344247964304
0.5850616586954134,0.0,-0.0060779160074940575
0.9521948821739078,0.0,-0.005922454769202877
1.2042914154420699,0.0,-0.0057578584567552415
1.2997807060437316,0.6898332847268429,-0.00558402499381564
1.3659989683340172,0.9666231675125861,-0.005400852304048543
1.5483139070167826,1.0939727175598868,-0.005208238311118444
1.9286418255799789,1.1157953505193847,-0.005006080938689822
2.384321444522491,1.1030336111459242,-0.00479427811042716
2.7515400913424632,1.1166864045144946,-0.004572727749994933
2.8992302634019187,1.1551827497296037,-0.004341327781057804
2.8887287416596954,1.192674987768194,-0.004099976127279918
2.851419325089163,1.206315772079332,-0.0038485707123259213
2.9058755025282967,1.2107660440633838,-0.003587009459860294
3.024371268049834,1.2458743663684617,-0.00331519029354752
3.0865639587609808,1.3491186469108205,-0.0030330111370520823
2.9738295621504554,1.4754413848493584,-0.0027403699140384624
2.650368785785342,1.4863282620050449,-0.0024371645481711434
2.1689057000164986,1.2394088865006585,-0.002123292963114608
1.5871158757075696,0.7302685711829189,-0.0017986530825333355
1.0223838198694977,0.0,-0.0014631428300920534
0.7003244794841849,0.0,-0.0011166601294547655
0.8579304892205764,0.0,-0.0007591029042861928
1.613304243108893,0.7632367989381539,-0.00039036907825081365
2.705451904184364,1.2544308463743628,-1.0356575013111333e-05
3.797984592523532,1.4806698578380326,0.0003810366817624334
4.600837343312561,1.4722021432810535,0.0007839127684113359
5.093007961601829,1.3640166043966713,0.0011983737612691128
5.350391335200944,1.2835870291796823,0.0016245217366712848
5.446549960064548,1.264736208298085,0.002062458770953364
5.427532268918366,1.2790229691894985,0.0025122869404505524
5.322142649642889,1.2974178201708368,0.0029741013916186653
5.158741931480481,1.3061698323688236,0.0034473520754292105
4.96114384542751,1.3086596058390785,0.003930328352122881
4.7483495105251565,1.3091650931283636,0.004421198296979472
4.538722872568525,1.3108038343357022,0.004918129985278788
4.313145723161576,1.3144818934645486,0.005419291492300623
3.985247789405989,1.3208569782043644,0.005922850893324777
3.461679634625099,1.3301774806867843,0.006426976263631047
2.714358439833368,1.3413137175669643,0.006929835678499228
1.9210211778733675,1.3528462947256839,0.007429597213208765
1.299875686389813,1.3631974285874824,0.007924428943040171
1.0266014540616286,1.3698156595587072,0.008412498943272883
1.0326948732167445,1.3697797977567738,0.008891975289186704
1.162666741412255,1.3605713626319194,0.009361026056061426
1.2715008573662354,1.3444920013394916,0.009817819319176847
1.3308779975456018,1.3270161640870275,0.010260523153812769
1.384885406727753,1.3135632632460066,0.01068730563524899
1.4760167268578488,1.3064509604780243,0.011096334838765303
1.5796537674315847,1.3045529054124156,0.011485786941434888
1.6008395651652825,1.306559660338869,0.011854565142476675
1.4429888960724477,1.310771479755576,0.012202865520861918
1.1609889995298805,1.3147523801430854,0.012531017324292244
1.0787514728208822,1.3159848273786359,0.012839349800469578
1.5477631336740476,1.3123315305596355,0.013128192197095809
2.722976242024975,1.302921216171968,0.01339787376187286
4.146380136488268,1.2871457674967999,0.01364872374250263
5.240799754375773,1.2651601234584724,0.013881071386687031
5.542265854096176,1.2417557446164333,0.014095245942127967
5.229352148621891,1.2234657968186133,0.014291576656527352
4.707045200206481,1.2163095010642286,0.014470392777586967
4.355151359299177,1.2202121936876056,0.014632023553008976
4.2766443909830745,1.231127892763548,0.014776798230495157
4.404453235473109,1.2449777579116899,0.014905046057747414
4.667913588079599,1.2586478841469535,0.015017096282467649
4.96879347772951,1.2700853319886198,0.015113278152357785
5.180249120668331,1.277298558819211,0.015193920915119717
5.175116847784131,1.2790331755519613,0.015259353818455359
4.913552579128207,1.2754111034473796,0.01530990611006661
4.509227723470907,1.266705061950936,0.015345907037655393
4.091374012297207,1.2537532976725811,0.01536768584892359
3.7429602810481235,1.2392561474980774,0.015375571791573152
3.4042520807519683,1.2262966453012687,0.015369894113305959
2.9880867187750897,1.2174851975680383,0.015350982061823911
2.4367527839577097,1.2125935618777246,0.015319164884828937
1.8577888015760997,1.2103386275319428,0.015274771830022927
1.416330306871929,1.2094587887143877,0.015218132145107801
1.259178804054268,1.2089628636291005,0.015149575815724481
1.3355854938176066,1.2080341470838691,0.015069495434444934
1.4746727093781813,1.2058815580826832,0.014978392965536508
1.5096674877039886,1.2023260866014323,0.01487678138670214
1.4140630774862688,1.1978551472924448,0.01476517367564453
1.3055139673803495,1.1929905870449056,0.01464408281006661
1.3072659014335937,1.1883378114175815,0.01451402176767124
1.459554418759644,1.184656645960929,0.014375503526161256
1.6581508447204918,1.1827236114472077,0.014229041063239523
1.7843819538500125,1.183328871659629,0.014075147356608897
1.7745369101167552,1.1873070158879768,0.013914335383972229
1.7325841514435218,1.1955016608072746,0.01374711812303237
1.7943553306943012,1.2080726011401726,0.01357400855149218
2.0628590971804805,1.2211198643841288,0.013395519647054637
2.4590391942983665,1.2292510815203403,0.013212164387422344
2.8410715168804015,1.2276208660233672,0.01302445575029828
3.0831546577816855,1.217683598491466,0.012832906713385295
3.2299352105099874,1.2049177096660526,0.012638030254386246
3.4286674766371212,1.1947791103148664,0.01244033935100399
3.821685668544417,1.1904019674647803,0.012240346980941378
4.401060708183643,1.1924171606442946,0.012038566121901262
5.005931401144875,1.201315198320816,0.011835509751586497
5.469409901670265,1.2159932569681584,0.011631690847699938
5.692480026892475,1.2324339197565597,0.011427622387944442
5.693051608162696,1.2463086843136177,0.011223817350023006
5.500606259924568,1.2531957870941297,0.01102078871163819
5.154341075973076,1.2483731309347814,0.010819049450492998
4.722768664003409,1.2270582787904165,0.01061911254429028
4.279909050953418,1.1884377962557444,0.010421490970732895
3.88518541656009,1.154990588504793,0.010226697707523692
3.517977697963469,1.1576655945810277,0.010035245732365528
3.13037098048196,1.2204834585544533,0.009847648022961257
2.6796653930099525,1.2889346114641573,0.009664417557013734
2.1779536289951547,1.2588481934752282,0.009486067312225809
1.6699813698258654,1.03011677220855,0.00931311026630046
1.2005747128113096,0.628446820966051,0.009146059396940296
0.806289843609131,0.0,0.008985427681848294
0.5153481087280901,0.0,0.008831728098727306
0.3551919670446889,0.0,0.008685473625280191
0.3208486325467433,0.0,0.008547177239209799
0.3520649004359316,0.0,0.008417351918218989
0.3832064486965878,0.0,0.008296510640010609
0.3705610165829769,0.0,0.008185163002594035
0.3358409538494363,0.0,0.008083554323105204
0.3129100066291567,0.0,0.007991480357875454
0.3350468507098761,0.8363615010188337,0.007908693116541694
0.43235841866606767,1.1627382516954656,0.007834944608741056
0.6338818693409092,1.0876619039952846,0.007769986844110587
0.9606113318961874,0.6783092262513934,0.007713571832287341
1.3505170917242297,0.0,0.007665451582908372
1.6925901878391594,0.0,0.007625378105610727
1.8789928122240602,0.0,0.0075931034100314605
1.8890749141385725,0.0,0.007568379505807624
1.7892031192041804,0.0,0.0075509584025762674
1.6491734280494237,0.0,0.007540592109974453
1.5127473684605302,0.0,0.007537032637639214
1.3797347786068814,0.0,0.007540031995207613
1.2457181336329008,0.0,0.007549342192316703
1.1158799064712095,0.0,0.007564715238603536
1.0237402605364285,0.0,0.007585903143705162
1.0080226448848681,0.0,0.007612657917258636
1.0938067566172298,0.0,0.007644731568901006
1.233049216005693,0.0,0.007681876108269327
1.3533128649462793,0.0,0.00772384354500065
1.3871049915263811,0.0,0.0077703858887319946
1.3174852391181378,0.0,0.007821255149100476
1.1570357602626813,0.0,0.007876203335743114
0.9203676815672877,0.0,0.007934982458296965
0.659451717042025,0.0,0.007997344526399075
0.4631818091183583,0.0,0.008063041549686501
0.4212295808953637,0.0,0.008131825537796296
0.5643716606653405,0.6457700364638603,0.008203448500365505
0.8249574472640118,0.8878711696400717,0.008277662447031186
1.1259876815259875,0.9828473086115295,0.00835421938743039
1.4034148465155554,0.9774376862275662,0.008432871331200112
1.631006263326247,0.9418352570420955,0.008513370287977514
1.7893935671556598,0.9359149276134783,0.0085954682673996
1.8653843638957428,0.9610594446740078,0.008678917279103408
1.878509983572881,0.9980646395517973,0.008763469332726002
1.859098952687193,1.0289435665335005,0.008848876437904432
1.834201241528869,1.0491876783081753,0.008934890604275747
1.797826240496532,1.0625586635677857,0.009021263841476999
1.7248823139064913,1.072808214105423,0.009107748159145243
1.5920956260404107,1.0804961929149013,0.00919409556691753
1.421562485856318,1.0828731975101198,0.009280058074430846
1.2797828089333148,1.0770773398214504,0.009365387691322374
1.2344014307107503,1.063776944333972,0.009449836427229097
1.3018078122311723,1.049840033208447,0.009533156291788074
1.4135922459808739,1.0427610948226398,0.009615099294636352
1.493410716771537,1.0461562030528297,0.009695417445410985
1.4895488738366451,1.0516920787757287,0.009773862753749024
1.4214203560078005,1.0487415122741874,0.009850187229287521
1.321202907983005,1.0295272217708542,0.009924142881663527
1.2173242742329855,1.002243159100733,0.009995481720514099
1.1185681257672466,0.9806434839705448,0.010063955755476237
1.027307564918356,0.9770970396379964,0.010129316996187087
0.9467117042079176,0.9890542166668436,0.01019131745228366
0.88788727356432,1.004903358231643,0.010249709133403003
0.8664834599688244,1.0132505156167113,0.010304244049182164
0.8972556734348316,1.011034756303684,0.010354674209258206
0.9743527763851625,1.0037506272652634,0.01040075162326817
1.071952458074444,0.9972532368986438,0.010442230262373942
1.1634671779147867,0.9949493646031914,0.010479001554947416
1.2261517141527856,0.9959895282087444,0.010511182204737811
1.243553965237242,0.9990984764099528,0.010538909795735681
1.1998396040732904,1.0032610933944761,0.010562321911931636
1.1120452367669746,1.0082549529038172,0.010581556137316213
1.0911039659131514,1.0140080760469694,0.010596750055879992
1.2646062950698156,1.0201712813562502,0.010608041251613525
1.721335694917033,1.0248596625292195,0.010615567308507394
2.349092731851336,1.0256594814712816,0.010619465810552162
2.9708094467591053,1.020509066470067,0.01061987434173839
3.420220096501777,1.0110782469621478,0.010616930486056657
3.6372306337939717,1.0012807548416112,0.010610771827497522
3.621891443710861,0.9949521059653615,0.010601535950051559
3.3781138480631165,0.9933466126029622,0.010589360437709333
2.9776993085799996,0.9950942791952692,0.010574382874461406
2.5576053705776416,0.998719931315951,0.010556740844298348
2.256159185832734,1.0037488544057125,0.010536571931210737
2.1261778465747723,1.0114280147978099,0.010514013719189122
2.0818298991088646,1.023172491915797,0.01048920379222408
2.024646474859331,1.03743774406393,0.010462279734306185
1.8845222421447312,1.0437593317226552,0.010433379129425992
1.6714939196402283,1.0299991018447183,0.01040263956157408
1.409652844852842,0.990101517137284,0.010370198614741033
1.1257788295441722,0.9513248987956107,0.010336193872917374
0.8604177058974661,0.9522743673919343,0.010300762920093694
0.6585095738604345,1.0229483375754411,0.010264043340260562
0.5610009173032321,1.103344798749045,0.01022617271740854
0.5701851679976495,1.079884835126358,0.0101872886355282
0.6666811739844171,0.8450475258415221,0.010147528678610107
0.830759340562501,0.44892299956812975,0.01010703043064483
1.0403971535462146,0.0,0.010065931475622939
1.2713929515638762,0.0,0.010024369397535
1.4994999585098236,0.0,0.009982481780371607
1.703191879537991,0.6342443303841295,0.00994040620812327
1.865309330164595,0.9460818434824074,0.009898280264780589
1.969106254315505,1.0474074931195085,0.009856241534334129
2.0133128212872493,1.0042069765133337,0.009814427600774453
2.0399140962441447,0.9208856452738585,0.009772976048092139
2.098393865440952,0.8852622181645368,0.009732024460277745
2.2232480336044635,0.8953468401670389,0.009691710421321843
2.3730969622902522,0.9188942271655777,0.009652171515215004
2.4826070954650956,0.9261648070486878,0.009613545325947786
2.493324708441449,0.9134878814965952,0.009575969437510793
2.4125897414133854,0.8925552815984216,0.009539581433894528
2.284261695783108,0.8749615340368475,0.009504518899089598
2.1518371609157683,0.8655478147087198,0.009470918525861965
2.0432438804269784,0.8624222311800016,0.009438859459065236
1.9717573881202481,0.8634013634166726,0.009408329219096376
1.949847316118532,0.8662737566694375,0.00937930715425207
1.974808412393889,0.8687806786979524,0.009351772612829
2.0198203173712193,0.8686595687752849,0.009325704943123866
2.0559189055358535,0.8645381265936695,0.009301083493433348
2.0553564744749795,0.8576688890876585,0.009277887612054154
1.9937483657855917,0.8497857696873732,0.009256096647282941
1.8472862495387736,0.8417818282025147,0.009235689947416413
1.6058700003078992,0.830049100300486,0.009216646860751257
1.328012446703181,0.8094798442303482,0.009198946735584166
1.0936489622291172,0.7764233833311401,0.009182568920211824
0.9741119386550504,0.7420651822536712,0.009167492762930924
0.9595486494938787,0.7262456334974473,0.009153697612038153
0.99550106314017,0.7471515731832781,0.0091411628158302
1.028099548194383,0.7833688143707636,0.00912986772260375
1.0248059918686776,0.7743855140691697,0.00911979168065551
0.9729623005241472,0.6587742687537479,0.009110914038282139
0.8610081788680642,0.43023126111173976,0.009103214143780342
0.6985696533910664,0.0,0.009096671345446807
0.5286046006189632,0.0,0.009091264991578224
0.3969687313032833,0.0,0.009086974430471278
0.33078073052679385,0.0,0.009083779010422661
0.3059163766680982,0.0,0.009081658079729056
0.2895708645845014,0.0,0.00908059098668716
0.2559838489404994,0.0,0.009080557079593658
0.21425615204908888,0.0,0.009081535706745237
0.18425302058436416,0.0,0.009083506216438586
0.18311422862086443,0.0,0.009086447956970396
0.20257790509513657,0.0,0.009090340276637354
0.22056769784975816,0.0,0.009095162523736149
0.21594871606605562,0.0,0.009100894046563472
0.18916519662038417,0.0,0.009107514193416008
0.1605762004569772,0.0,0.00911500231259045
0.1510382156545799,0.0,0.009123337752383486
0.16629752673970802,0.0,0.009132499861091797
0.18856516547822,0.0,0.009142467987012081
0.19802751009478875,0.0,0.009153221478441014
0.18317416602701042,0.0,0.009164739683675304
0.15495800091961845,0.0,0.00917700195101163
0.12809335081946435,0.0,0.009189987628746683
0.11517251690949094,0.0,0.009203676065177144
0.11840487072165978,0.0,0.00921804660859971
0.13682914602402985,0.0,0.009233078607311065
0.16859232541332064,0.0,0.0092487514096079
0.2036517736902542,0.0,0.009265044363786905
0.2275563342179563,0.0,0.009281936818144768
0.22663519401639357,0.0,0.009299408120978164
0.20339711143061903,0.0,0.009317437620583804
0.17513703594243415,0.0,0.009336004665258371
0.15949501064522595,0.0,0.00935508860329855
0.16236890015715097,0.0,0.009374668783001026
0.17154956954066242,0.0,0.009394724552662492
0.17329185035339773,0.0,0.009415235260579639
0.16003970135584922,0.0,0.00943618025504915
0.14080071924582904,0.0,0.009457538884367721
0.1273240830235241,0.0,0.009479290496832032
0.12831160107560807,0.0,0.009501414440738763
0.1377226180047862,0.0,0.00952389006438463
0.14506433957403597,0.0,0.009546696716066309
0.14125292083356067,0.0,0.009569813744080486
0.1300007868198015,0.0,0.009593220496723853
0.12183845951695603,0.0,0.009616896322293098
0.12679398787147075,0.0,0.009640820569084904
0.14394788737343264,0.0,0.009664972585395969
0.16247346395486642,0.0,0.009689331719522973
0.1713042208007846,0.0,0.009713877319762611
0.1661450190341651,0.0,0.009738588734411552
0.1530385004845261,0.0,0.009763445311766518
0.1388957258142607,0.0,0.009788426400124185
0.1291962478246009,0.0,0.009813511347781235
0.12562971614220025,0.0,0.009838679503034364
0.129265731511427,0.0,0.009863910214180255
0.14013648962622002,0.0,0.009889182829515598
0.15331198293818096,0.0,0.009914476697337088
0.16238023407311475,0.0,0.009939771165941403
0.16154370868801107,0.0,0.009965045583625239
0.15051398022392884,0.0,0.009990279298685264
0.13190801778045533,0.0,0.010015451659418204
0.10859498346502226,0.0,0.01004054201412073
0.08774511978016544,0.0,0.010065529711089528
0.08038307413686219,0.0,0.010090394098621289
0.09742138336921424,0.0,0.010115114525012703
0.1358272577470447,0.0,0.010139670338560456
0.17148947393982056,0.0,0.010164040887561242
0.1785737672425702,0.0,0.01018820552031174
0.14571793891492327,0.0,0.010212143585108647
0.09946340489867632,0.0,0.010235834430248633
0.07248103430458484,0.0,0.010259257404028417
0.08834723489686024,0.0,0.010282391854744678
0.1276265439691333,0.0,0.010305217130694098
0.15818027936256535,0.0,0.010327712580173369
0.1519356371859772,0.0,0.010349857551479177
0.11681972717972974,0.0,0.010371631392908212
0.07955124397792573,0.0,0.010393013452757168
0.06602648217610749,0.0,0.010413983079322725
0.0836928417889275,0.0,0.010434519620901576
0.12362602681533227,0.0,0.010454602425790396
0.17643187186606138,0.0,0.010474210842285902
0.2380922570058305,0.0,0.010493324218684767
0.3126342272438598,0.0,0.010511921903283681
0.4047355576787313,0.0,0.010529983244379332
0.5149669890449197,0.5607544395246179,0.010547487590268408
0.6332577872176964,0.7973433941748973,0.010564414289247603
0.7478363250778953,0.8895698149232119,0.010580742689613598
0.8472480705505844,0.8707954840357857,0.01059645213966309
0.92152131514736,0.8115405872622837,0.010611521987692758
0.9611174325556303,0.7765133950137824,0.010625931581999287
0.9590309473119719,0.7755811446604725,0.010639660270879385
0.9303950005603318,0.7885127244435027,0.010652687402629729
0.9017805727423653,0.7954529074802132,0.010664992325547011
0.8979839636270326,0.7904629464390233,0.01067655438792792
0.9093475632805567,0.7805600912632732,0.01068735293806914
0.8959373698110051,0.7731784780838017,0.010697367324267364
0.8177542854033616,0.7709806593987937,0.010706576894819275
0.6862444376276224,0.7691302179345431,0.010714960998021567
0.5890765343092759,0.7621386472281734,0.01072249898217093
0.6199794076324655,0.7479728829727602,0.01072917019556404
0.8278805501187013,0.7340390407344203,0.010734953986497608
1.146866825785919,0.7293402666126916,0.010739829703268304
1.4928826744716235,0.7416892564392628,0.010743776694172827
1.7837316005001385,0.7730146101007455,0.010746774552675335
1.9458129112821654,0.8234301869350505,0.010748815792030858
1.9080085760382488,0.8892400636789511,0.010749911984465883
1.6178493474321345,0.9313341926097065,0.010750076233686363
1.1838237107130518,0.8913638331606353,0.010749321643398238
0.796725954926023,0.7149293832252978,0.010747661317307464
0.6389246254110337,0.4302565137947395,0.010745108359119975
0.7280217376453079,0.0,0.010741675872541719
0.938243616846062,0.0,0.010737376961278642
1.1403544281281792,0.0,0.010732224729036692
1.273841640895635,0.0,0.01072623227952181
1.3790049574321828,0.0,0.010719412716439947
1.504109132500984,0.0,0.010711779143497042
1.6676224480515522,0.0,0.010703344664399046
1.8124503629464352,0.0,0.010694122382851898
1.869699945163425,0.0,0.010684125402561553
1.7913819894893326,0.0,0.010673366827233957
1.625074906217156,0.0,0.010661859760575041
1.4456523705264512,0.0,0.01064961730629076
1.3210955390618473,0.0,0.010636652568087056
1.2606144984377539,0.0,0.010622978649669879
1.2436752385212426,0.0,0.010608608654745172
1.2486946223152147,0.0,0.01059355568701888
1.2394896087837244,0.0,0.010577832850196946
1.1672967126419789,0.0,0.01056145324798532
0.9840354912633489,0.0,0.010544429984089948
0.6970828644212952,0.0,0.010526776162216785
0.3943615743094497,0.0,0.010508504886071749
0.17004019289304023,0.0,0.010489629259360807
0.0848073917888079,0.0,0.010470162385789893
0.11535288143597933,0.0,0.01045011736906496
0.22540373492366705,0.0,0.010429507312891953
0.38794235654779397,0.0,0.010408345320976812
0.6177897210778768,0.0,0.010386644497025482
0.9415834512762036,0.0,0.01036441794474392
1.3751079332765996,0.4745132327177759,0.01034167876783806
1.8427692635179966,0.7651688190795464,0.010318440070013873
2.2232023511711247,0.9301812200583889,0.010294714954977262
2.401825504671868,0.9550614150395258,0.010270516526434195
2.3891819028601673,0.9118372163303577,0.010245857888090616
2.302579377860142,0.874993327411983,0.01022075214365247
2.2614287892382148,0.8812565128028969,0.0101952123968257
2.319857435558957,0.9097702469149896,0.010169251751316255
2.4381141169170837,0.9348474624213231,0.01014288331083008
2.5691790248242303,0.9385105232666726,0.01011612017907312
2.669322533277725,0.9231689514441307,0.010088975459751319
2.702982040816402,0.8945635827626872,0.010061462256570645
2.6358405439921238,0.8587146573520452,0.010033593673237
2.4531180057172373,0.8229772727503304,0.010005382813456351
2.2273601593463264,0.7951047104408184,0.009976842780934645
2.0555018793129687,0.7819444909781521,0.009947986679377829
2.0191546427197427,0.7822368227205667,0.00991882761249184
2.072503060237155,0.7904509564960153,0.009889378683982633
2.1065610785462447,0.8010866468885944,0.009859652997556147
2.0178499850249727,0.8099501772366038,0.009829663656918333
1.805934781517929,0.814017450853947,0.00979942376577513
1.5574450601555916,0.8103323619136098,0.009768946427832513
1.3607192831349129,0.7974325654614456,0.009738244746796377
1.2545448285976486,0.7761111386695202,0.009707331752630301
1.2071589591428236,0.7473562743525831,0.009676216924965295
1.1814279350346075,0.7161107903461195,0.00964490469165887
1.1475747453769751,0.6976631166638521,0.009613399094778896
1.0938895605985641,0.7089726098986134,0.009581704176393226
1.0113858074140798,0.7556523184958882,0.009549823978569736
0.8991457541602015,0.7897181186430247,0.009517762543376282
0.791913140586316,0.7473751963547681,0.009485523912880725
0.7342805666854986,0.5759396834166687,0.009453112129150933
0.7613383405450909,0.0,0.009420531234254789
0.8301302887615515,0.0,0.00938778527026011
0.859408392093311,0.0,0.009354878279234787
0.7730068117134277,0.0,0.009321814303246679
0.5857459195348576,0.0,0.009288597384363651
0.388571569737822,0.0,0.00925523156465356
0.27344420958450466,0.0,0.009221720886184276
0.2697388793616351,0.0,0.009188069391023663
0.31860319488823136,0.0,0.00915428112123958
0.35461632234611234,0.0,0.009120360118899894
0.33825731838557543,0.0,0.00908631042607249
0.2929374535688183,0.0,0.00905213608482518
0.25144241822652436,0.0,0.009017841137225856
0.2387728384401989,0.0,0.008983429625342383
0.24590770788629698,0.0,0.008948905591242616
0.2545348411189801,0.0,0.008914273076994423
0.24843434886184781,0.0,0.008879536124665672
0.22836212241640297,0.0,0.008844698776324213
0.2033168469594187,0.0,0.008809765074037924
0.18210207529864386,0.0,0.00877473905987466
0.16933714025555968,0.0,0.008739624775902309
0.16617479223369563,0.0,0.008704426264188688
0.1735817913279624,0.0,0.008669147566801682
0.18878515499444642,0.0,0.008633792725809157
0.203792005651876,0.0,0.008598365783278975
0.21023491888635756,0.0,0.008562870781278993
0.20378923841950938,0.0,0.008527311761877087
0.18984951814053241,0.0,0.008491692767141111
0.17524106464371644,0.0,0.008456017839138926
0.16531400707733324,0.0,0.008420291019938402
0.15904400633443144,0.0,0.008384516351607427
0.15368530950425663,0.0,0.00834869787621381
0.14681915424675765,0.0,0.00831283963582544
0.13864737088858456,0.0,0.008276945672510182
0.13063108926287073,0.0,0.008241020028335896
0.12421801259588938,0.0,0.008205066745370452
0.12050232601084897,0.0,0.008169089865681706
0.12028819377067577,0.0,0.008133093431337522
0.124331862876137,0.0,0.008097081484405766
0.13162433940221846,0.0,0.008061058066954303
0.1387170382311431,0.0,0.008025027221051015
0.14198986094562838,0.0,0.007988992988763719
0.13988685239848841,0.0,0.007952959412160305
0.13576200256747947,0.0,0.00791693053330863
0.13368356932213518,0.0,0.00788091039427656
0.13687051090092758,0.0,0.007844903037131966
0.14491293549516931,0.0,0.007808912503942699
0.15643193073760364,0.0,0.0077729428367766295
0.16966299259274245,0.0,0.007736998077701615
0.17978931743408716,0.0,0.007701082268785527
0.18054254314286558,0.0,0.007665199452096249
0.16631512851223698,0.0,0.007629353669701592
0.14237988015553693,0.0,0.007593548963669447
0.12284831353446177,0.0,0.007557789376067675
0.12179746277958575,0.0,0.007522078948964145
0.14058404706653446,0.0,0.007486421724426714
0.16315845088506856,0.0,0.007450821744523245
0.17224887854110904,0.0,0.007415283051321605
0.15997105795236713,0.0,0.007379809686889654
0.14053500857990883,0.0,0.007344405693295257
0.13132692073911442,0.0,0.007309075112606305
0.14435888758326984,0.0,0.007273821986890605
0.16893790386588659,0.0,0.007238650358216048
0.18837571299906916,0.0,0.007203564268650498
0.18803844084813143,0.0,0.007168567760261818
0.1693577823617511,0.0,0.00713366487511787
0.14132634736824667,0.0,0.0070988596552865185
0.11285285036244704,0.0,0.007064156142835624
0.0907978686162053,0.0,0.007029558379833055
0.08037445679930315,0.0,0.006995070408346669
0.08660315680609348,0.0,0.006960696270444356
0.1082611119413317,0.0,0.0069264400081939315
0.1356662477712796,0.0,0.006892305663663282
0.15854732931469104,0.0,0.006858297278920269
0.16992743842470875,0.0,0.006824418896032758
0.1705014024413153,0.0,0.006790674557068611
0.16205384511500673,0.0,0.006757068304095691
0.14707668329806778,0.0,0.006723604179181865
0.13101663489946735,0.0,0.00669028622439499
0.12009190741713392,0.0,0.006657118481802933
0.11964483032656807,0.0,0.006624104993473582
0.12825123256154283,0.0,0.006591249801474749
0.14133552420685946,0.0,0.006558556947874322
0.15442023889829182,0.0,0.006526030474740167
0.1648516070200317,0.0,0.006493674424140142
0.17142846867040912,0.0,0.006461492838142113
0.17302961741550596,0.0,0.006429489758813947
0.1701932027508205,0.0,0.006397669228223499
0.16568350943708426,0.0,0.00636603528843864
0.16241286480816014,0.0,0.006334591981527229
0.1613083179949586,0.0,0.006303343349557153
0.15872227217174423,0.0,0.0062722934345962305
0.15036499907345277,0.0,0.0062414462787123435
0.13411699169731517,0.0,0.006210805923973359
0.11682362777425356,0.0,0.00618037641244714
0.10764481359615108,0.0,0.0061501617862015495
0.11400565236040737,0.0,0.0061201660873044525
0.13009098852583037,0.0,0.006090393357823706
0.14398334465960963,0.0,0.0060608476398271785
0.14445775816867618,0.0,0.006031532975382732
0.13154546048949167,0.0,0.006002453406558249
0.11415556746956335,0.0,0.005973612975421551
0.10133575301845581,0.0,0.005945015724040525
0.09794382411703206,0.0,0.005916665694483032
0.10327190864629308,0.0,0.005888566928816936
0.11622252014110987,0.0,0.005860723469110099
0.1345198570629024,0.0,0.005833139357430385
0.15320146032522663,0.0,0.005805818635845657
0.1669322376074415,0.0,0.005778765346423779
0.17151688983768948,0.0,0.005751983531232612
0.16741575733652175,0.0,0.005725477232340042
0.15627771496222212,0.0,0.00569925049181389
0.1401850405509626,0.0,0.00567330735172204
0.12448797676712237,0.0,0.005647651854132354
0.11602724386598091,0.0,0.0056222880411127
0.1209666428982462,0.0,0.005597219954730932
0.13500194137059385,0.0,0.005572451637054923
0.14565363650482,0.0,0.005547987130152531
0.14052642181604386,0.0,0.005523830476091619
0.11927445973026811,0.0,0.0054999857169400505
0.0974006530155507,0.0,0.005476456894765709
0.09144573902161182,0.0,0.005453248051636419
0.10873062138836076,0.0,0.005430363229620062
0.13577463138784962,0.0,0.0054078064707845045
0.15624637379985892,0.0,0.005385581817197605
0.15822982924337972,0.0,0.005363693310927228
0.14764236948670045,0.0,0.005342144994041238
0.13490310342431863,0.0,0.005320940908607501
0.129139416754431,0.0,0.005300085096693874
0.12985571790819778,0.0,0.005279581600368222
0.13221331638237918,0.0,0.005259434461698425
0.1316527955503684,0.0,0.005239647722752314
0.12814070916160838,0.0,0.00522022542559777
0.1251435882145331,0.0,0.005201171612302655
0.12612993272615505,0.0,0.00518249032493483
0.13108890236001694,0.0,0.005164185605562159
0.13547822395272435,0.0,0.005146261496252511
0.13446813299864782,0.0,0.00512872203907374
0.12674263567278823,0.0,0.005111571276093716
0.11883043333497625,0.0,0.0050948132493802995
0.1183224427091053,0.0,0.005078452001001365
0.12994015959887184,0.0,0.005062491573024752
0.14694536709540487,0.0,0.005046936007518336
0.15973940582154936,0.0,0.0050317893465499815
0.1599958904359514,0.0,0.005017055632187551
0.14875301288933726,0.0,0.005002738906498906
0.13123124723807456,0.0,0.004988843211551912
0.11271861748351766,0.0,0.004975372589414429
0.09921773287307936,0.0,0.0049623310821543245
0.09727837149599726,0.0,0.004949722731839458
0.11319244393677301,0.0,0.004937551580537703
0.14285765935295944,0.0,0.0049258216703169065
0.16876742123191232,0.0,0.004914537043244938
0.1725875109673571,0.0,0.004903701741389661
0.14782788473784386,0.0,0.004893319806818941
0.11416492352710253,0.0,0.004883395281600637
0.09477562580502825,0.0,0.004873932207802616
0.10545673846933618,0.0,0.004864934627492741
0.13286001256262572,0.0,0.0048564065827388725
0.15644375851303505,0.0,0.004848352115608876
0.15859987561865524,0.0,0.004840775268170614
0.14305501179582886,0.0,0.004833680082491955
0.12296426285441978,0.0,0.00482707060064075
0.11082429342885743,0.0,0.004820950864684869
0.10889186890683741,0.0,0.0048153249166921755
0.11165996084417901,0.0,0.004810196798730532
0.11355166469578953,0.0,0.004805570552867803
0.11359568486674777,0.0,0.0048014502211718504
0.11670181119951419,0.0,0.004797839845710537
0.12813952512169619,0.0,0.004794743468551727
0.14867144912100524,0.0,0.004792165131763282
0.1692074490467565,0.0,0.00479010887741307
0.1793551005964305,0.0,0.004788578747568947
0.1723030587235904,0.0,0.004787578784298779
0.15522363322520166,0.0,0.004787113029670432
0.1387018979594621,0.0,0.004787185525751764
0.13171383982308255,0.0,0.004787800314610645
0.1316726865353571,0.0,0.0047889614383149325
0.13093534889721706,0.0,0.004790672938932492
0.12256376591373759,0.0,0.0047929388585311854
0.11008784785642026,0.0,0.004795763239178877
0.10489617270082847,0.0,0.0047991501229434266
0.11821261038632619,0.0,0.004803103551892705
0.1482384839147919,0.0,0.004807627568094569
0.17670919011181466,0.0,0.0048127262136168835
0.1843711450677025,0.0,0.004818403530527511
0.16441380073014883,0.0,0.004824663560894317
0.13694577438011019,0.0,0.004831510346785163
0.12559085800481964,0.0,0.004838947930267913
0.14536812270678037,0.0,0.004846980353410428
0.17807213411018843,0.0,0.004855611658280573
0.19747963445204855,0.0,0.0048648458869462044
0.18225018433767165,0.0,0.004874687081475198
0.1457137443842801,0.0,0.004885139283935412
0.11620210891223813,0.0,0.004896206536394707
0.11986780125375907,0.0,0.004907892880920947
0.15105771891022202,0.0,0.004920202359581996
0.18047614839026746,0.0,0.0049331390144457185
0.17898056115038533,0.0,0.004946706887579976
0.14304068077387952,0.0,0.004960910021052629
0.10119337419610679,0.0,0.004975752456931546
0.08390685572162213,0.0,0.004991238237284576
0.1048775844555406,0.0,0.005007371404179604
0.1418955769447105,0.0,0.005024155999684483
0.1681187398228688,0.0,0.005041596065867076
0.1649485162529259,0.0,0.005059695644795247
0.14526033744965655,0.0,0.005078458778536858
0.1294400053518773,0.0,0.005097889509159773
0.134664669184459,0.0,0.005117991878731854
0.15559867014270778,0.0,0.005138769929320966
0.17726760715184758,0.0,0.00516022770299497
0.18557111777813462,0.0,0.005182369241821716
0.17915640393885504,0.0,0.005205198587869097
0.1660532131738404,0.0,0.005228719783204959
0.15437494813691868,0.0,0.005252936869897169
0.14753082646847532,0.0,0.005277853890013586
0.14309801180127593,0.0,0.005303474885622076
0.1383072987968194,0.0,0.005329803898790502
0.13319465051651905,0.0,0.005356844971586726
0.13373920549351898,0.0,0.0053846021460786115
0.14667751666025255,0.0,0.005413079464334022
0.17822669436359712,0.0,0.005442280968420802
0.23264277416472476,0.0,0.005472210700406851
0.31371907574461066,0.0,0.005502872702360016
0.42247487807116196,0.0,0.0055342710163481575
0.5406963051533069,0.0,0.005566409684439141
0.6420217081061409,0.0,0.005599292748700827
0.7022177574450327,0.42663003740420136,0.005632924251201082
0.7268216745653411,0.7318891367518396,0.005667308234007766
0.74306665307001,0.938011062276137,0.005702448739188743
0.7783630081053468,1.0101315762591507,0.005738349808811878
0.8493083175626119,1.007197407289206,0.005775015484945007
0.9592262240881088,0.9943231855883625,0.0058124498096560435
1.11053713960797,1.0120848902014679,0.005850656825012826
1.2911002924411896,1.0463359583470737,0.00588964057308322
1.4582447490677048,1.075529603111645,0.005929405095935084
1.5654560579118415,1.085693961913525,0.005969954435636284
1.5741528117363148,1.0930731399154803,0.006011292634254686
1.4753689767126872,1.1214443596323327,0.006053423733858147
1.2670480231773302,1.185078736248646,0.006096351776514534
0.9556221598892106,1.2283673879026211,0.0061400808042917105
0.6056834614314817,1.164527568642845,0.006184614859257506
0.30620221783526663,0.9152547937525086,0.006229957983479849
0.1407375275741142,0.5300283616525574,0.006276114219026568
0.11812289065825451,0.0,0.006323087607965528
0.1932709097291891,0.0,0.006370882192364594
0.32045144791922225,0.0,0.0064195020142916275
0.47247938350579705,0.0,0.0064689511158144905
0.6447130405787285,0.0,0.006519233539001049
0.8337748740934778,0.0,0.006570353325919163
1.0212948239468245,0.0,0.006622314518636698
1.1577937809465362,0.0,0.006675121159221478
1.189924269582773,0.0,0.0067287772897414435
1.0880138753004194,0.7991829797334906,0.006783286952264414
0.9097862490801204,1.1828574264272815,0.006838654188858262
0.733126851453626,1.346643321474689,0.006894883041590845
0.6257720679161585,1.3229986058686287,0.006951977552530028
0.5867418240125084,1.2253292421117805,0.007009941763743673
0.586557555994369,1.161904945053235,0.007068779153047356
0.5969637666507291,1.1607917638390233,0.007128474507658174
0.6073348401661409,1.189310142956837,0.00718899006126622
0.6196410593104232,1.2137553978417992,0.007250286702165341
0.6359869468080164,1.2183801747513503,0.007312325318649529
0.6539260551353183,1.2103434508787063,0.007375066799012637
0.665533858609031,1.1982792171850005,0.007438472031548563
0.6626011273022664,1.1880779573019957,0.007502501904551201
0.6430128063100534,1.1796390849706222,0.007567117306314454
0.6171683526307457,1.1720711639627945,0.007632279125132224
0.5970044632999714,1.164776808293525,0.007697948249298397
0.5913508113244677,1.1583054834370536,0.0077640855671068775
0.5976955326645287,1.1534862125408307,0.00783065196685157
0.6109396479086193,1.1510150846685119,0.007897608336826316
0.6261054779818728,1.1506341551872343,0.007964915565325111
0.6390269804483055,1.1516687563824874,0.008032534540641807
0.6458711538234462,1.1534343873635924,0.0081004261510703
0.6433796317396004,1.155130134464201,0.008168551284904492
0.6358759548274873,1.1558677810390443,0.00823687083043828
0.6330471449282674,1.1547459308790227,0.00830534567596556
0.6441091501177051,1.1504590305544093,0.00837393670978023
0.659413918401356,1.1411910402525445,0.008442604820176189
0.6468284908835845,1.1250920413192689,0.008511310895447335
0.573240533899187,1.1000938832550022,0.00858001582388752
0.4537249197821026,1.063656821200994,0.008648680493790738
0.40128846111778516,1.013179613264921,0.008717265793450836
0.5408186385434249,0.9492464656405423,0.008785732611161714
0.9363389662950595,0.8847264745741513,0.008854041835217269
1.4321793044948599,0.8354498006370489,0.008922154353911404
1.823116997453197,0.8157853129115946,0.00899003105553801
1.9352721252071776,0.8297392056316629,0.009057632828390989
1.8020235038836372,0.8768388118172429,0.009124920560764239
1.5408925908283673,0.9538616665696191,0.009191855140951657
1.265415965614996,1.0188412168541847,0.009258397457247096
1.0340513485503426,1.0010409916865126,0.00932450839794455
0.8666785953884747,0.831353252732155,0.009390148851337862
0.7815928314154994,0.5232779612422334,0.009455279705720935
0.7720925270429769,0.0,0.00951986184938767
0.8019726127409347,0.0,0.009583856170631963
0.8334636596031325,0.0,0.009647223557747709
0.8473821840865138,0.0,0.009709924899028811
0.861928007414682,0.0,0.009771921082769164
0.899780231361059,0.0,0.009833172997262671
0.9630964029738289,0.0,0.009893641530803179
0.9807851475554897,0.0,0.009953287571684677
0.8654188704216571,0.0,0.010012072008201018
0.5642766091002798,0.0,0.010069955728646104
0.25145431733220264,0.0,0.01012689962131383
0.19215214558611982,0.0,0.010182864574498095
0.6263286367579356,0.0,0.010237811476492798
1.4664449810170772,0.0,0.010291701215591836
2.397849225409183,0.0,0.010344494680089106
3.107514756923178,0.40570361530629057,0.010396152758278506
3.474332580290247,0.740514883863368,0.010446636338453937
3.6015011801965167,0.9715780145789312,0.01049590630890926
3.60465351975248,1.0340087168992067,0.010543923557938446
3.562000160875302,0.9930840568658144,0.010590648973835357
3.4772558567962464,0.9306475781781273,0.010636043444893889
3.345317536567777,0.9098056481137217,0.010680067859407939
3.1653098033586966,0.9230100783029569,0.010722683105671408
2.9512793711409673,0.9460617382231696,0.010763850756777769
2.7205635935412316,0.9576205482411017,0.010803553408175829
2.491637256570658,0.9561438622009962,0.010841798105336042
2.2903217400987606,0.9484663694998461,0.010878593268968256
2.1453578733943326,0.9410910993106762,0.010913947319782293
2.082827355732291,0.9355389466620211,0.01094786867848805
2.0950268074679954,0.9297037973217415,0.010980365765795351
2.151055581492969,0.92145424768513,0.011011447002414042
2.2195744572129574,0.9106035183928994,0.011041120809053971
2.269734512686421,0.8993495867274937,0.011069395606424984
2.271254276412208,0.8900315475220467,0.01109627981523693
2.194163496629825,0.8842140119194933,0.011121781856199659
2.044136888809374,0.8818395486242093,0.011145910150023012
1.89707747903509,0.8826467777470283,0.01116867311741684
1.8370948242545349,0.8857702427659184,0.011190079179090977
1.9040020837859593,0.8880920687984093,0.011210136755755296
1.9830018021972327,0.8859695046444059,0.011228854268119632
1.9255843736581126,0.8761686514374076,0.011246240136893838
1.61803169054283,0.8582532853931025,0.011262302782787753
1.168721899905686,0.8329585244596692,0.011277050626511225
0.7733504807526654,0.801260232220875,0.011290492088774105
0.613428929475697,0.767349642126367,0.011302635590286238
0.6906470631632614,0.7377356986717317,0.011313489551757478
0.8844507272416459,0.7188501533114832,0.01132306239389766
1.074203127554285,0.7128150999541074,0.011331362537416637
1.2064318173150836,0.7165192748126502,0.011338398403024261
1.3046386776777574,0.726538493224962,0.01134417841143038
1.3964017558990227,0.7398188409441584,0.011348710983344834
1.4907418695039334,0.7540738526916545,0.011352004539477477
1.5604932556161346,0.7671123864764912,0.011354067500538153
1.5743138349733314,0.777099922716024,0.01135490828723671
1.517210502750252,0.7835168317813554,0.011354535320282995
1.4306199121352157,0.786146457870315,0.011352957020386857
1.368144764602755,0.7849506804644316,0.01135018180825814
1.3728174999762628,0.7810986649629602,0.011346218104606695
1.4209789131741655,0.7762597013589766,0.011341074330142366
1.4630299605469357,0.771964306357638,0.011334758905575011
1.4534573768537709,0.7678638015923537,0.01132728025161446
1.3978064089937787,0.7622683137639414,0.011318646788970576
1.3359878350444716,0.7535470922475372,0.011308866938353196
1.3075428042493924,0.7429645548009839,0.011297949120472172
1.3225012256153874,0.7352664301582412,0.011285901756037345
1.3574014095245694,0.7353807627443709,0.011272733265758575
1.387066074718404,0.7446366162272411,0.011258452070345698
1.3974867852955206,0.7569806554372858,0.011243066590508582
1.3962111754880548,0.7654539184601876,0.011226585246957044
1.3932443017881204,0.7653065528848865,0.011209016460400947
1.39524521771409,0.7598429524877979,0.011190368651550138
1.3974521994306888,0.7542025558144266,0.011170650241114462
1.392668920437823,0.7528187029522801,0.01114986964980377
1.3741623680127935,0.755406083095866,0.011128035298327905
1.3380887996399884,0.7597453695173414,0.011105155607396718
1.2817162376371645,0.7637217971886072,0.011081238997720058
1.2039813092685425,0.7666778186976974,0.011056293890007762
1.1240695942449517,0.7689856385693064,0.011030328704969714
1.0746601179397763,0.7710311361518639,0.011003351863315707
1.087191847588614,0.7729423595578802,0.01097537178575562
1.1505438802995251,0.7745403573057609,0.010946396892999286
1.2057663069618558,0.7756218560770837,0.010916435605756567
1.1917693294312637,0.7750711872714112,0.010885496344737304
1.0934880451520224,0.7699204503869482,0.01085358753065134
0.9837775083492653,0.756977393530714,0.010820717584208533
0.9453874640695108,0.7356863736016552,0.01078689492611872
1.0291920330278117,0.7149974385546012,0.010752127977091757
1.1784721295342253,0.706002094309407,0.010716425157837512
1.3138306547373302,0.7171952543640003,0.010679794889065779
1.3671912569449989,0.7399230283826908,0.010642245591486438
1.340256577174869,0.7585774006806036,0.010603785685809332
1.2612918650111873,0.7589337653123691,0.010564423592744307
1.1572321575117812,0.7450266480455328,0.010524167733001213
1.0384464808293574,0.733665926542413,0.0104830265272899
0.9043743825750706,0.741017969883035,0.01044100839632021
0.7547070670388144,0.7546485941473667,0.010398121760801994
0.6016451155881304,0.7284017320599083,0.010354375041445096
0.4713101158298495,0.6144721688296028,0.010309776658959399
0.3903669189675062,0.4048174449205256,0.010264335034054687
0.36511621488269386,0.0,0.010218058587440832
0.3633551337368427,0.0,0.010170955962682707
0.3486022561481219,0.0,0.010123042030750679
0.2983756191056944,0.0,0.010074338571568964
0.2369236595035713,0.0,0.010024867724687539
0.1982335769436404,0.0,0.009974651629656371
0.20871693731600777,0.0,0.009923712426025431
0.2486307710217491,0.0,0.009872072253344692
0.2808511391172384,0.0,0.00981975325116416
0.27167885318462515,0.0,0.009766777559033728
0.22827843383996582,0.0,0.009713167316503412
0.18450609805941456,0.0,0.009658944663123175
0.17361140084825702,0.0,0.009604131738442991
0.19943052682550638,0.0,0.00954875068201283
0.2333862487478182,0.0,0.009492823633382665
0.24540313663743538,0.0,0.009436372732102467
0.22347068585798394,0.0,0.009379420117722203
0.1893861599124464,0.0,0.009321987929791845
0.16865666003375518,0.0,0.009264098307861407
0.17782041476059482,0.0,0.009205773391480775
0.2038086839129275,0.0,0.009147035320199963
0.22745204321002926,0.0,0.009087906233568942
0.23390034585971228,0.0,0.009028408271137678
0.23431469544774722,0.0,0.008968563572456147
0.2495462622382922,0.0,0.008908394277074322
0.2980094596240975,0.0,0.008847922524542163
0.3695092561627205,0.0,0.008787170454409653
0.4353494025070775,0.4929907230195638,0.008726160206226755
0.4673722813989711,2.0339526399739367,0.008664913919543483
0.46039415557967817,0.0,0.008603453733909729
0.4343016346709265,0.0,0.008541801788875498
0.4101430122863229,0.0,0.008479980223990767
0.3979326422159634,0.0,0.0084180111788055
0.3872457149587565,0.0,0.008355916792869676
0.3654433895560332,0.0,0.00829371920573326
0.3265977810902012,0.0,0.008231440556946221
0.28668957422415753,0.0,0.008169102986058541
0.26616294661844786,0.0,0.008106728632620179
0.27999550441205917,0.0,0.008044339636181154
0.31062403261440413,0.0,0.007981958136291349
0.3284932964776537,0.0,0.007919606272500778
0.30683612161659457,2.1712487378575034,0.007857306184359413
0.2511780515022671,0.621781038452351,0.007795080011417221
0.18771953286133988,0.0,0.007732949893224178
0.14234290602100966,0.0,0.0076709379693302516
0.12351907548513569,0.0,0.007609066379285413
0.12090380186611438,0.0,0.007547357262639633
0.1232631031896501,0.0,0.0074858327589428855
0.12403586971965559,0.0,0.007424515007745178
0.1252288977561392,0.0,0.007363426148596399
0.12976557812395567,0.0,0.007302588321046562
0.13894920863038784,0.0,0.007242023664645639
0.14885251614073133,0.0,0.0071817543189436
0.15449461269600573,0.0,0.0071218024234904155
0.15183033440876093,0.0,0.007062190117836054
0.14232047691684632,0.0,0.0070029395415304885
0.1294330214251077,0.0,0.0069440728341236884
0.11655217513154456,0.0,0.00688561213516563
0.1060781920085514,0.0,0.006827579584206317
0.09978765330546212,0.0,0.006769997320795643
0.09935456481850564,0.0,0.006712887484483621
0.10403731076268367,0.0,0.006656272214820213
0.11050934026462979,0.0,0.006600173651355401
0.11533850217279064,0.0,0.006544613933639149
0.11710357347174864,0.0,0.0064896152012214325
0.11803298481676361,0.0,0.006435199593652215
0.12074052435221577,0.0,0.0063813892504814744
0.12688243564001522,0.0,0.0063282063112591784
0.1350575512909425,0.0,0.006275672915535336
0.14325579266915137,0.0,0.006223811202859842
0.14998515083700004,0.0,0.0061726433127827045
0.15676699256454288,0.0,0.006122191384853894
0.16620933766680648,0.0,0.006072477558623386
0.18028676226613102,0.0,0.006023523973641144
0.19386412557597252,0.0,0.005975352769457144
0.1973448645895317,0.0,0.005927986085621356
0.18153072031168524,0.0,0.005881446061683749
0.14917920330405396,0.0,0.005835754837194294
0.11571695366303787,0.0,0.005790934551702963
0.09708007628665086,0.0,0.0057470073447597565
0.09987964606957771,0.0,0.005703995355914582
0.11397439308118557,0.0,0.005661920724717446
0.12747671602282576,0.0,0.005620805590718315
0.1322322470696173,0.0,0.005580672093467162
0.13187548204679408,0.0,0.0055415423725139554
0.13236223537754163,0.0,0.00550343856740867
0.13860995428116846,0.0,0.005466382817701273
0.14956568055043307,0.0,0.005430397262941735
0.16204676293179454,0.0,0.0053955040426800285
0.17291645623969842,0.0,0.005361725296466148
0.17957428452820354,0.0,0.005329083163850016
0.17975292033597653,0.0,0.005297599784381627
0.17139787438985835,0.0,0.005267297297610952
0.15767623553439206,0.0,0.005238197843087963
0.14723433022468965,0.0,0.005210323560362628
0.1488856693127926,0.0,0.005183696588984919
0.1631688852354888,0.0,0.005158339068504809
0.17590751408605132,0.0,0.005134273138472266
0.17141295842431958,0.0,0.0051115209384372615
0.14176062426029715,0.0,0.005090104607949783
0.10327364042620836,0.0,0.005070046286559765
0.07699567245962592,0.0,0.0050513681138172
0.07954273941529888,0.0,0.005034092229272058
0.10236445372123472,0.0,0.005018240772474309
0.1280306422095322,0.0,0.005003835882973922
0.14037916231430608,0.0,0.004990899700320867
0.13718188045345708,0.0,0.004979454364065119
0.12478025419395779,0.0,0.004969522013756648
0.10960347027748887,0.0,0.004961124788945422
0.09715911476897988,0.0,0.004954284829181417
0.09199711502304848,0.0,0.004949024274014594
0.09856633542035936,0.0,0.004945365262994931
0.11640745561653244,0.0,0.004943329935672397
0.13642134342043016,0.0,0.004942940431596963
0.14863238754467756,0.0,0.004944218890318599
0.146977402230954,0.0,0.004947187451387278
0.1374779156990586,0.0,0.004951868254352967
0.1284814532072097,0.0,0.004958283438765643
0.12670350010370557,0.0,0.0049664551441752705
0.12968927746288206,0.0,0.004976405510131817
0.1317834626280597,0.0,0.0049881566761852646
0.12789647744605853,0.0,0.005001730781885577
0.11906074140683083,0.0,0.005017149966782728
0.11003603333786596,0.0,0.0050344363704266865
0.10553994550980869,0.0,0.005053612132367423
0.10798731148433377,0.0,0.005074699392154909
0.1174234117449474,0.0,0.005097720289339116
0.13375164819600122,0.0,0.005122696963470014
0.15405811863137228,0.0,0.005149651554097572
0.17051978898601627,0.0,0.005178606200771743
0.17482332476272913,0.0,0.005209583043042537
0.1628775847933057,0.0,0.005242604220459903
0.14348995728810135,0.0,0.005277691872573814
0.12792231244160318,0.0,0.005314868138934241
0.12517745326504195,0.0,0.005354155159091155
0.13170973006859976,0.0,0.0053955750725945256
0.13964152397293347,0.0,0.005439150018994324
0.14175007253115543,0.0,0.005484902137840521
0.13780829787503024,0.0,0.005532853568683088
0.13180567304544447,0.0,0.005583026451071956
0.1276914089822637,0.0,0.005635442924557172
0.12707465410229446,0.0,0.005690125128688671
0.1291800651956226,0.0,0.0057470952030164195
0.1331066510370844,0.0,0.00580637528709039
0.136450026635871,0.0,0.005867987520460558
0.13421260173497776,0.0,0.005931954042676888
0.12114592168415604,0.0,0.005998296993289355
0.10143113042456363,0.0,0.006067038511847928
0.1077407814348508,0.0,0.006138200737902577
0.17810755082407267,0.0,0.006211805811003221
0.3405440068656963,0.0,0.006287875870699935
0.5680389551663585,0.0,0.006366433056542639
0.8147927309266394,0.0,0.0064474995080813025
1.0406189056595838,0.43861930107173175,0.006531097364865897
1.2643106270850362,0.7306453382064537,0.006617248766446392
1.5398529369433092,0.9172782962962613,0.0067059758523727595
1.9201327631640848,0.9727120744364435,0.006797300762194971
2.4213665325613865,0.9545313684980065,0.0068912456354629946
3.0227677757937883,0.924141918153211,0.006987832611726806
3.7013540581999136,0.9185759028780306,0.007087083830536299
4.3897802998421875,0.9306778139584231,0.007189021431441588
4.944951832809091,0.948629873812744,0.007293667553992572
5.216419520232892,0.9635863519529577,0.007401044337739226
5.127688268993813,0.976179968124831,0.00751117392223152
4.823271126932335,0.9889288749892137,0.00762407844701942
4.4887870482807575,1.0038698090138578,0.0077397800516529015
4.274900927031624,1.0202427751970116,0.007858300875681932
4.142520118254893,1.0362804183093282,0.007979663058656489
3.988463654314722,1.0503168308839577,0.008103888740126533
3.720764585103176,1.0618354843783988,0.00823100005964195
3.3639270505691363,1.0710403249867044,0.008361019156752891
3.0112519130321393,1.0781583213501642,0.008493968171009234
2.7535287147899514,1.0837210243725017,0.008629869241961054
2.603366549749848,1.0885824037801806,0.008768744509158023
2.495253536577218,1.0936120848079964,0.008910616112150304
2.3608196363100706,1.0996943230688474,0.009055506190488075
2.172645736225337,1.1077396289778634,0.009203436883720897
1.972532577574034,1.1186608487715224,0.009354430331399164
1.8089486000532118,1.1323783774156169,0.009508508673072413
1.7140557073573996,1.1456823275996404,0.009665694048291049
1.6718165017034352,1.1547471826062357,0.009826008596604605
1.6573308933279778,1.1564149270199757,0.009989474457563503
1.6456216307408822,1.1513608275848313,0.01015611377071725
1.6112973357015836,1.1416259273962415,0.010325938071501893
1.5288282909384574,1.129323457792455,0.010498718256783132
1.3773870282613585,1.1173446654288979,0.010673986380000259
1.1841364022515575,1.109063607895402,0.010851264249512962
1.0043004876488832,1.1077353549677023,0.011030073673680172
0.8915253609173281,1.1134501118999205,0.011209936460861816
0.8558737786487601,1.1229805140888316,0.011390374419416819
0.8642823734439155,1.1329533452857972,0.011570909357705125
0.882054339436767,1.1409725502490575,0.011751063084085646
0.8898461818262251,1.146377859303073,0.011930357406918323
0.8940052535846805,1.1486876602811165,0.012108314134562075
0.9033215338994064,1.1476806117659941,0.012284455075376599
0.921484848156376,1.1439472653776415,0.012458302037721558
0.9372741803722028,1.1382360398741869,0.012629376829955899
0.9367580136360031,1.1314443272811268,0.012797201260439518
0.9106490353375198,1.1253152330499823,0.01296129713753139
0.8743020928730358,1.1218899196218775,0.013121186269591398
0.8512137270443715,1.1230290454503702,0.013276390464978522
0.8616600881579111,1.1286245397790808,0.013426431532052632
0.8934256626037584,1.1373588385441675,0.01357083127917273
0.9154878004754431,1.1477734111548679,0.013709111514698662
0.8979203983979755,1.1553721306129698,0.01384079404698945
0.8402074021365228,1.1525057194588852,0.013965400684404739
0.7706509259430142,1.131460427775632,0.01408245323530412
0.7189760854541737,1.091623994656305,0.014191473508046675
0.730477565574965,1.0448712672832894,0.014291983310992164
0.8762410201427359,1.0043448175243834,0.014383504452499722
1.229719239521815,0.9828310813940739,0.014465558740929028
1.8047486093604306,0.9920177549540767,0.014537667984639296
2.442767703475079,1.0433813120361932,0.014599353991990152
2.954234129318756,1.1348906857441425,0.014650138571340846
3.1776475986405455,1.1887103510683281,0.014689543531050916
3.0986103399942917,1.1005788282538413,0.01471709067947981
2.750794529400194,0.784655229312018,0.014732301824986891
2.177608838967621,0.0,0.01473469877593162
1.5190044676310257,0.0,0.014723803340673424
0.9702500064361362,0.0,0.014699137327571714
0.7205493790766958,0.4068603117286912,0.014660222544985968
0.8126417765851605,0.7698773819635035,0.014606580801275516
1.147146788362674,0.8571153765093196,0.014537733904799947
1.6186750895392688,0.5753202944430469,0.014453203663918482
2.1106398529979593,0.0,0.0143525118869908
2.488091742019545,0.0,0.014235180382376218
2.6144450952842933,0.0,0.014100730958433963
2.4168206070939835,0.6034196063120386,0.013948685423523849
2.0045619496257703,1.0101405086698396,0.01377856558600487
1.5193852182444614,1.215890829186922,0.013589893254236946
1.0858767737378747,1.2063438687260832,0.013382190236578963
0.7397831146080975,1.0293889559492635,0.013155027427799884
0.4881381635477928,0.7351897157919228,0.012909033223650026
0.33552990566020074,0.3974025094799534,0.012645855267827324
0.2626800207035256,0.0,0.012367182636574213
0.23677342207835986,0.0,0.012074704406134666
0.22553704401652733,0.0,0.01177010965275148
0.211634692575549,0.0,0.011455087452667365
0.19208277263984147,0.0,0.011131326882126414
0.1646675897843916,0.0,0.010800517017370875
0.14011828261476034,0.0,0.01046434693464488
0.15017587858175216,0.0,0.01012450571019065
0.22848078272580577,0.0,0.009782682420252336
0.3878371905843216,0.0,0.009440566141072146
0.5820969791432257,0.0,0.009099845948894231
0.7547588247344392,0.0,0.008762210919961287
0.8580838361886033,0.0,0.008429350130516022
0.8892629882650539,0.0,0.008102952656802562
0.8598488752458877,0.0,0.007784707575063162
0.7902252018084158,0.0,0.0074763039615419104
0.7862822193210597,0.0,0.0071794308924811095
1.001917792043353,0.0,0.006895777444124783
1.5813506564909814,0.4594116608244864,0.006627032692715311
2.4536784757927204,0.8134628640773146,0.0063748857144966375
3.3433057209114603,1.053122144049058,0.0061410255857112265
3.968764786114597,1.1217790129938934,0.005927141382602924
4.197888780496622,1.0886881824750674,0.005734922181414563
4.138464517411053,1.035378616158777,0.005566057058389099
3.919924838028539,1.0205836695991595,0.005422235089770192
3.6506899708661265,1.0349928811850837,0.005305145351800615
3.3803728130366877,1.0566555680873484,0.0052164769207238846
3.148376879712916,1.0669932706182435,0.00515791887278293
2.986002414106782,1.0657122048884595,0.005131160284221098
2.883469770423263,1.0586867924685814,0.0051378902312814966
2.8180127171554803,1.0514818867873699,0.005179797790207284
2.767145256146504,1.0464167616668134,0.005258572037241627
2.7111103202288027,1.0438956716991692,0.005375792317054211
2.6316674682960803,1.0442834371436414,0.005530760288608475
2.511901259401134,1.047608531463225,0.005720628817435682
2.3620040978745687,1.0535636877828052,0.0059424668433727896
2.2177109506077586,1.061810351536786,0.006193343306257936
2.115356719328424,1.070729948389991,0.006470327145927899
2.0657914288186237,1.0765426040662125,0.006770487302220974
2.0393158561850573,1.075261665552352,0.007090892714973805
2.002649654698489,1.064804170188097,0.0074286123240248
1.9463422907638734,1.0487075555122858,0.007780715069210507
1.9269135817733214,1.0315414535223024,0.008144269890368898
2.012204828458692,1.0172928722306616,0.00851634572733801
2.2429888709684787,1.0068256906295647,0.008894011519954295
2.5243648116056367,0.9999617286962438,0.009274336208056318
2.7190135265784234,0.9964344891758402,0.009654388731480504
2.7056386665079803,0.9950847737956774,0.010031238030065432
2.5143966957065986,0.9942319619837247,0.010401953043647529
2.2587608916671127,0.9922280550459026,0.010763602712065352
2.048770751374834,0.9883072538847141,0.011113255975155372
1.9069129954115411,0.9825757939590642,0.011447981772755616
1.7739807911739893,0.9751737310297091,0.011764849044704035
1.5884617309147153,0.9659956032906952,0.012060926730837222
1.3402118559563145,0.9545255644488422,0.012333283770993521
1.1000035363617855,0.9402094891352978,0.01257898910500965
0.9456552884284942,0.9233496868483734,0.012795111672723826
0.9087560579121943,0.906749422139227,0.012978720413972928
0.894295200199028,0.8936660286763968,0.013126884268594964
0.785785473725946,0.8865997445340169,0.013236672176427029
0.5236307732172136,0.8840385480281927,0.013305280204695099
0.33016737828548703,0.8831463344749353,0.013332466842496058
0.5149054486313194,0.8816065521416229,0.01332036693150527
1.3343549269199926,0.882337296106427,0.013271205160617312
2.5506091132167166,0.8912833533132389,0.013187206218727002
3.656538549778062,0.9139667105636984,0.01307059479472877
4.165102950590431,0.9457343450182281,0.01292359557751764
4.045777558871954,0.9719733984813794,0.012748433255987856
3.689851706309477,0.9778818794645545,0.012547332519034601
3.4998541956547444,0.9650450550314807,0.01232251805555198
3.5978824206395936,0.9621644589648939,0.012076214554435312
3.6687025368668036,1.0004595209915454,0.011810646704578957
3.359440804882335,1.0828315532040045,0.011528039194877179
2.5015449031173627,1.130387425277189,0.01123061671422546
1.425783828632026,1.0495530302786402,0.01092060395151763
0.5466570864823022,0.7763741093867627,0.010600225595649247
0.19033969447858476,0.4020864330243159,0.010271706335514079
0.25023969957812725,0.0,0.009937270860007737
0.4874303395141784,0.0,0.009599143858023946
0.6797227132620548,0.0,0.009259550018458346
0.7593278215178342,0.0,0.008920714030204648
0.7416757712132609,0.0,0.008584860582158493
0.6433284694273239,0.0,0.008254214363214067
0.4872494593502033,0.0,0.007931000062265596
0.3022596633003912,0.0,0.007617442368208668
0.11776996191221605,0.0,0.007315765969937071
-0.014594912042259439,0.0,0.007028195556346345
-0.008913202532162434,0.0,0.006756955816330344
0.22354129231784192,0.0,0.006504202055717119
0.6954789623638086,0.0,0.006270731064203625
1.2159023671579656,0.0,0.006056101171518875
1.5600485524931385,0.0,0.005859825400011082
1.5722146360953244,0.0,0.005681416772028569
1.4312599569581426,0.0,0.0055203883099203994
1.4172179933211804,0.0,0.005376253036034678
1.7701808976175426,0.5409398705946027,0.005248523972720374
2.366967305456234,0.8751591427009695,0.005136714142325681
2.890592636409747,1.060393538181552,0.005040336567199484
3.037743401665618,1.0755997686471352,0.004958904269690062
2.8052151585535983,1.004806773143595,0.004891930272146209
2.461721067782668,0.935689705949824,0.004838927596916295
2.282785756249,0.9156279023029368,0.004799409266349029
2.369426546483111,0.926653142743182,0.004772888302792888
2.555913881836847,0.9448320674793098,0.004758877728596423
2.654134543771179,0.9530652373463735,0.004756890566108231
2.5469849237448448,0.9535660970219313,0.004766439837676869
2.3056083976723833,0.9519356533411223,0.004787038565650869
2.0319906592138697,0.9527828708181456,0.004818199772378849
1.812632995662523,0.9556361341031611,0.004859436480209278
1.659867194563884,0.9584017577897175,0.004910261711490837
1.5638438532492285,0.9591553250944154,0.004970188488571939
1.5135058107193482,0.957617135618042,0.005038729833801213
1.4869909990224044,0.9544299118216767,0.005115398769527331
1.4567318558798752,0.9503337855591972,0.005199708318098639
1.3995847575744533,0.9479029293177791,0.005291171501863935
1.3777324950310095,0.9514548310357432,0.005389301343171517
1.5299151536462654,0.9652865568297175,0.005493610864370227
1.9950221193218562,0.9877813296763762,0.005603613087808326
2.767478161295293,1.007827929298455,0.0057188210358346874
3.6230805452271455,1.0134702421133426,0.005838747730797543
4.31953959596424,1.0017884518336857,0.005962906195045794
4.672501891855517,0.9951229982545617,0.0060908094509276485
4.649555397102055,1.0201942930695533,0.006221970520791838
4.242893987942309,1.0887590231665534,0.006355902426987123
3.483337883808783,1.1368065866427468,0.006492118191861675
2.5846432676532305,1.0764023257272404,0.006630130837764442
1.8146691439748974,0.8337329116013488,0.006769453387043594
1.4113525637467177,0.46996719911539286,0.006909598862048087
1.3473369160743511,0.0,0.007050080285126083
1.4566098550703943,0.0,0.007190410678626541
1.5761757425179743,0.0,0.007330103064897618
1.6222997309165428,0.0,0.007468670466288079
1.581668457325839,0.0,0.007605625905146676
1.4440400625266523,0.0,0.007740482403821582
1.2332714257268038,0.0,0.00787275298466174
1.0243103166742267,0.0,0.00800195067001533
0.8962306747789168,0.0,0.008127603061978848
0.8954625745610894,0.0,0.008249509592868408
0.9837426658245808,0.0,0.008367710324064944
1.1092510760782526,0.0,0.008482253627372484
1.2285954368898446,0.572486029539577,0.00859318787459572
1.3378475277146464,0.8623473637270892,0.00870056143753869
1.4446210874988468,0.9991121233730491,0.008804422688005917
1.554239474201968,0.9945892494382217,0.008904819997801905
1.6519653444447264,0.9275549781677599,0.009001801738730728
1.7126839341511786,0.8750153265301797,0.00909541628259702
1.7128463912258256,0.8639033868682181,0.00918571200120488
1.6594162399623176,0.8744790847046436,0.00927273726635892
1.5862021187642497,0.8853866809927627,0.009356540449863256
1.5275350020012273,0.8856555883552828,0.00943716992352249
1.4967068320499521,0.8806565609429436,0.009514674059140752
1.4757993220504833,0.8771912043633595,0.009589101228522518
1.4443953354741832,0.8794942420819978,0.009660499803472247
1.3947544909355674,0.884779125520239,0.009728918155794103
1.3516740697915461,0.8890696734677835,0.009794404657292635
1.3450990236359108,0.8891169816343318,0.009857007679772021
1.3927075951869317,0.8852719124588411,0.009916775595036795
1.4553812885104682,0.8789970646307835,0.009973756774891155
1.4775748781575186,0.8717894042241988,0.010027999591139623
1.4182700070489094,0.8654629099708018,0.010079552415586397
1.3620383297250245,0.8620039941207087,0.010128463620035992
1.457753475921106,0.8633534060671576,0.010174781576292632
1.8433848472951655,0.8705043797211938,0.010218554656160745
2.4493850497958194,0.8835755716872824,0.010259831231444744
3.025412875452139,0.9025943455232286,0.010298659673948886
3.318584101000971,0.9240285263861988,0.010335088355477627
3.2586932643106143,0.9388007911077428,0.010369165647835233
3.0438402920658123,0.9373664725348527,0.010400939922826162
2.893281244434319,0.9182514641800412,0.010430459552254677
2.9135559795776973,0.9018193272813877,0.010457772907925234
2.9249827515969766,0.9120910266551536,0.01048292836164211
2.7031246832046327,0.9597361307436839,0.010505974285209736
2.0978543257566984,0.9900849295177743,0.010526959050432407
1.2992439299762752,0.9285114289345751,0.010545931029114525
0.5946645881617042,0.7130281226356517,0.010562938593060468
0.23800414407676088,0.3978881179699214,0.010578030114074547
0.19722971970808076,0.0,0.010591253963961168
0.29541983446348025,0.0,0.010602658514524655
0.3610399099002596,0.0,0.010612292137569401
0.33904601053862116,0.0,0.010620203204899736
0.27489302766713064,0.0,0.010626440088320048
0.21687153168302611,0.0,0.010631051159634683
0.18986611314752272,0.0,0.010634084790647997
0.1847250668554942,0.0,0.01063558935316437
0.18962053082716238,0.0,0.01063561321898815
0.194429569109271,0.0,0.010634204759923696
0.19331243339411638,0.0,0.01063141234777538
0.1810913077454997,0.0,0.010627284354347545
0.1555969351128409,0.0,0.010621869151444568
0.12827908382531544,0.0,0.010615215110870798
0.11443929993744531,0.0,0.010607370604430615
0.12674123322680428,0.0,0.01059838400392835
0.15560441627939048,0.0,0.010588303681168395
0.18029217507486112,0.0,0.010577178007955098
0.1816716297501063,0.0,0.010565055356092798
0.17030155551029025,0.0,0.0105519840973859
0.18210616943124022,0.0,0.010538012603638718
0.2529887489567023,0.0,0.010523189246655658
0.3773908517995701,0.0,0.010507562398241039
0.490058646040151,0.0,0.01049118043019926
0.5212052268263024,0.0,0.01047409171433464
0.4386386620826859,0.0,0.010456344622451591
0.30360953237760285,0.0,0.010437987526354444
0.19164048585701682,0.0,0.010419067955086906
0.16048982947383772,0.0,0.010399618740095457
0.18840312660528707,0.0,0.010379660225878155
0.23138828213907578,0.0,0.010359212359988025
0.2498413076314246,0.0,0.010338295089977976
0.24071062453657321,0.0,0.010316928363401033
0.21908825587922318,0.0,0.010295132127810105
0.19962823906363544,0.0,0.010272926330758209
0.18713176076999488,0.0,0.01025033091979826
0.17806499351964158,0.0,0.010227365842483283
0.16867640370712286,0.0,0.010204051046366213
0.15738708846766622,0.0,0.010180406478999982
0.1457152875968251,0.0,0.010156452087937626
0.13541626335962897,0.0,0.010132207820732037
0.12820408732092514,0.0,0.010107693624936258
0.1256915391387149,0.0,0.01008292944810318
0.1294761086463296,0.0,0.01005793523778584
0.1402741812561342,0.0,0.010032730941537133
0.15490256531166482,0.0,0.010007336506910101
0.16909961190552392,0.0,0.00998177188145767
0.17893061437069407,0.0,0.009956057012732769
0.18315047672301832,0.0,0.00993021184828844
0.18183538727857002,0.0,0.009904256335677576
0.1751186864574197,0.0,0.009878210422453215
0.16395207505495657,0.0,0.00985209405616825
0.14997277946934615,0.0,0.00982592718437572
0.13483481423549085,0.0,0.00979972975462852
0.11998557446868338,0.0,0.009773521714479686
0.10658082546266653,0.0,0.009747323011482114
0.09575653758871881,0.0,0.009721153593188845
0.0893711682122054,0.0,0.009695033407152802
0.09104099345444504,0.0,0.009668982400926918
0.10464451587095161,0.0,0.009643020522064233
0.1312815324607206,0.0,0.009617167718117641
0.159891736207623,0.0,0.009591443936640178
0.17608935710613693,0.0,0.009565869125184742
0.16796922749506493,0.0,0.009540463231304367
0.1437814949007883,0.0,0.009515246202551949
0.12157547034370823,0.0,0.009490237986480528
0.11834986502509186,0.0,0.009465458530643027
0.13237102416651214,0.0,0.009440927782592385
0.1463669573096475,0.0,0.009416665689881636
0.14291911722133724,0.0,0.009392692200063675
0.11951294179259114,0.0,0.009369027260691536
0.09446209586848242,0.0,0.009345690819318122
0.08759533463054722,0.0,0.009322702823496462
0.10799133158732828,0.0,0.009300083220779461
0.13885068662077193,0.0,0.009277851958720142
0.15955897003124742,0.0,0.009256028984871417
0.15515525772959649,0.0,0.009234634246786305
0.13514215551524217,0.0,0.009213687692017745
0.1156377280987295,0.0,0.009193209268118676
0.11093121221453964,0.0,0.009173218922642123
0.12063332959377394,0.0,0.009153736603140991
0.1372921597432909,0.0,0.009134782257168305
0.1535131574967701,0.0,0.009116375832276974
0.16359570056966,0.0,0.009098537276020021
0.16323051640480765,0.0,0.00908128653595036
0.148363924216635,0.0,0.009064643559621001
0.12458771248700504,0.0,0.009048628294584889
0.11084012224683089,0.0,0.009033260688394974
0.1270066966248179,0.0,0.009018560688604257
0.18371684070909658,0.0,0.009004548242765668
0.26955376021722793,0.0,0.008991243298432212
0.36988883500272096,0.0,0.008978665803156816
0.46345648052818905,0.48098912724087384,0.00896683570449248
0.500593685884878,0.7172015183254691,0.008955772949992143
0.4240439255429684,0.8222763502662216,0.008945497487208798
0.20426346796783146,0.817423413016964,0.00893602926369538
0.03141615734777103,0.7807854003749322,0.008927388227004887
0.20028442408667155,0.7861044228564904,0.008919594324690269
0.9836632683557934,0.8207008754693867,0.00891266750430448
2.286006498467005,0.79741538829155,0.00890662771340051
3.712181798298453,0.6286814141952642,0.008901494899531308
4.86316503790478,0.0,0.008897289010249854
5.5509144292244565,0.0,0.008894029993109098
5.8764459086746665,0.0,0.008891737795662021
5.961604555040449,0.0,0.00889043236546158
5.907961543510015,0.6404901763352515,0.008890133650060745
5.76930954031614,0.9858493550408702,0.008890861597012481
5.592562745920212,1.1451887126850282,0.008892636153869754
5.412267206306368,1.1570687906868655,0.00889547726818553
5.2106421858930645,1.1119302586066888,0.00889940488751278
4.956071023647783,1.091850469817621,0.008904438959404458
4.623271501341519,1.1084562929389536,0.008910599431413547
4.236571840657396,1.1380801542495846,0.008917906251092997
3.8436783309563105,1.157763601048986,0.008926379365995791
3.49035690428856,1.161635902290881,0.008936038723674872
3.189069281833248,1.1584090114012748,0.008946904271683234
2.9254548172012376,1.1571682463265753,0.008958995957573811
2.6844067794928015,1.1623283712795256,0.008972333728899589
2.4515024409593975,1.1715867527851174,0.008986937533213552
2.2132469624810303,1.182120502018413,0.009002827318068623
1.9562693818172132,1.1913290920922357,0.009020023031017817
1.6822876624852137,1.1971640480940384,0.009038544619614047
1.4282043498419719,1.1976611077528394,0.009058412031410336
1.2359274062876098,1.1916827958024026,0.00907964521395959
1.1337590966135018,1.1817878650253637,0.009102264114814839
1.0930835382213893,1.1715675731010324,0.009126288681528982
1.0704031324392391,1.1643622303988022,0.009151738861655018
1.0287783310790657,1.1614246489734894,0.009178634602745952
0.9820091518414771,1.1629726086649093,0.009206995852354672
0.9675573659982746,1.1691024857601744,0.009236842558034227
1.019419970805268,1.1779399837504434,0.009268194667337498
1.1147899756755966,1.1859454616954024,0.009301072127817542
1.185560091413463,1.1895843306221503,0.009335494887027227
1.1638194904728658,1.1880914439163965,0.00937148289251962
1.0427592685922369,1.1846453854467591,0.009409056091847584
0.8976425373791741,1.182717354264911,0.009448234432564193
0.8093237845409802,1.1827301726652075,0.009489037862222303
0.8155450890883337,1.1776189391682763,0.009531486328374932
0.8545760990513759,1.1591899149298293,0.009575599778575106
0.8507032365643425,1.1223441009373556,0.009621398160375674
0.760333065248542,1.0756626839500385,0.009668901421329732
0.6727397709971019,1.031505686825757,0.009718129508990106
0.7115484010215812,1.00107048231106,0.009769102370909903
0.9774640827823146,0.9860024603069866,0.009821839954641948
1.396002762785932,0.9832597413415767,0.009876362207739351
1.811833188902384,0.9897448582938575,0.009932689077754929
2.078907413780399,1.001964752954418,0.009990840512241805
2.2023068991698946,1.016095334715473,0.010050836458752781
2.306455053717537,1.0283569739666298,0.010112696864840905
2.516217528373694,1.0375433790292232,0.010176441678059233
2.8413781140545056,1.0460765116257678,0.010242090845960554
3.1386637927604992,1.0566443114533939,0.010309664316098015
3.2545199614613205,1.0695083481483967,0.010379182036024394
3.1093981080504776,1.0790335119557204,0.010450663953292853
2.7927088866865213,1.07870615111768,0.010524130015456157
2.4173317454233825,1.066251077951268,0.01059960017006748
2.075583924230777,1.057919085317069,0.010677094364679573
1.775677249643961,1.0750212663676983,0.01075663254684551
1.5043226204201943,1.1308414331016605,0.010838234664118372
1.2545910824262485,1.1735270704443697,0.010921920664050894
1.0675822489617128,1.1195925840184366,0.011007707246164707
1.0063292188065251,0.8922249338403613,0.011095561254496355
1.1271215805315244,0.5299581873327701,0.011185410501901163
1.3812101776949557,0.0,0.01127718175880209
1.63771372694643,0.0,0.011370801795622618
1.7656589956369835,0.0,0.011466197382785693
1.7180954843048102,0.0,0.011563295290714808
1.558722622038349,0.0,0.011662022289832895
1.3587118776410292,0.0,0.011762305150563312
1.1722028626270136,0.0,0.011864070643329429
1.0148585088858797,0.0,0.011967245538554157
0.8970609656464937,0.0,0.012071756606661021
0.8255219091598456,0.0,0.012177530618072932
0.7921077083117125,0.0,0.012284494343213409
0.7849320975921966,0.0,0.012392574552505366
0.7929887272762784,0.0,0.012501698016372324
0.8118361077146635,0.0,0.012611791505237191
0.839999469347598,0.0,0.012722781789523336
0.8756608328048864,0.0,0.012834595639654138
0.9116027826228555,0.0,0.012947159826052495
0.936427398063821,0.0,0.013060401119141944
0.9389085310827069,0.0,0.013174246289345371
0.9188258362146321,0.0,0.013288622107086331
0.8903101440092114,0.0,0.013403455342787706
0.8684191466445171,0.0,0.01351867276687304
0.8601415374826812,0.0,0.013634201149765223
0.8544281958019528,0.0,0.013749967261887801
0.8377839620652473,1.4730320188422301,0.013865897873663659
0.801148348505982,0.0,0.013981919755516178
0.7531963022662694,0.0,0.01409795967786874
0.7070358163213705,0.0,0.014213944411144232
0.6744397838330441,2.2708981451328283,0.014329800725766203
0.6573395383296091,0.5475849765614615,0.014445455392157535
0.6532654189977029,0.0,0.014560835180741777
0.6597188679269452,0.0,0.014675866861941812
0.6740771326521617,0.0,0.014790477206181195
0.6936222475298727,0.0,0.014904592983882806
0.7154953637316268,0.0,0.015018140965470028
0.7315279251832945,0.0,0.01513104792136624
0.7266956952178775,0.0,0.015243240621994331
0.6855898943119418,0.0,0.015354645837777837
0.6069670609066957,0.0,0.015465190339139673
0.5209185101215669,0.0,0.015574800896503356
0.46173383764983117,0.0,0.015683404280291788
0.45199987292290467,0.0,0.0157909272609285
0.46802463161612123,0.0,0.015897296608836403
0.4746779792907259,0.0,0.016002439094439016
0.44196161586559174,0.0,0.016106281488159253
0.37725402965042565,0.0,0.016208750560420485
0.30447301563802864,0.0,0.016309773081646075
0.24674129167658618,0.0,0.01640927582225894
0.21445379886841773,0.0,0.016507185552682588
0.20834367030881476,0.0,0.016603429043339956
0.22882092646910487,0.0,0.016697933064654537
0.27320745766105586,0.0,0.01679062438704927
0.33487701453794594,0.0,0.016881429780947643
0.4069385357469415,0.0,0.01697027601677261
0.4810916822776109,0.5022032807281693,0.017057089864947524
0.5459512217272672,0.7007604714683598,0.017141798095895715
0.5897235685523627,0.7714528588603884,0.017224327480040155
0.6031252446713309,0.7498634458662763,0.017304604787804306
0.5866879874504604,0.6992488785017333,0.017382556789611148
0.5433422918426096,0.6758332170631676,0.01745811025588412
0.4778593942970247,0.6814997877795836,0.01753119195704623
0.408257431495857,0.6928190413750197,0.017601728663520888
0.3583548424013143,0.687813394422001,0.01766964714573113
0.3498876595836603,0.669623201886614,0.01773487417410035
0.37417000630280806,0.6613989532385992,0.01779733651905158
0.39964944886683945,0.6860184197089035,0.017856960951008145
0.3948436087803646,0.7317061428696191,0.017913674240393324
0.35129718037758106,0.7401895808958472,0.017967403157630176
0.2897059708047347,0.6501065017281243,0.018018074473142076
0.23259971892706804,0.4423943440917565,0.01806561495735209
0.19516084739246306,0.0,0.01810995138068358
0.17665618364532182,0.0,0.018151010513559624
0.17427114238662847,0.0,0.018188719126403564
0.18403548267459433,0.0,0.018223003989638508
0.19751057647727774,0.0,0.018253791873687718
0.20517797970913842,0.0,0.018281009548974457
0.19929087620095295,0.0,0.018304583785921865
0.18470036720911967,0.0,0.01832444135495322
0.1717157449379269,0.0,0.018340514172561787
0.17023061920123064,0.0,0.018352807446436095
0.18391130060926258,0.0,0.018361380965086868
0.21178942242518717,0.0,0.01836629581880578
0.25298663450861886,0.0,0.018367613097884473
0.31382523517778294,0.0,0.01836539389261459
0.40965382738729883,0.0,0.01835969929328778
0.5563318425887425,0.0,0.018350590390195695
0.7589457241090848,0.0,0.018338128273629947
0.9994885044393518,0.0,0.01832237403388223
1.2569695845714008,0.0,0.01830338876124413
1.5143498998521114,0.5109367065657391,0.018281233546007362
1.769698294960693,0.7597962426558669,0.018255969478463495
2.024693680275624,0.8781695252968623,0.018227657648904258
2.278447240462966,0.883437673979634,0.01819635914762121
2.512027854368429,0.8422856928544123,0.018162135064906073
2.698769617825873,0.8186492597971539,0.01812504649105047
2.8132762097062645,0.8305608971430881,0.018085154516345976
2.8483699388888475,0.8601981596867837,0.018042520231084352
2.8102988426375526,0.8890153172383695,0.017997204725557117
2.7058430673995923,0.9076458356990139,0.01794926909005606
2.5495088747338457,0.9187985772615904,0.017898774414872677
2.3653926431919716,0.9260000509708558,0.01784578179029875
2.178184695588578,0.9317108100976667,0.017790352306625797
2.011899034394205,0.9359860107278098,0.0177325470541456
1.8891149352133816,0.9385510996567008,0.017672427123149644
1.832228491952261,0.9392732908218657,0.017610053603929754
1.8539739733965361,0.9385924906328351,0.017545487586777476
1.9305584875435116,0.93709319850867,0.01747879016198438
2.0295586129918646,0.9352168181785019,0.017410022419842273
2.1209428754926307,0.9323385209286758,0.017339245450642627
2.1912880657997826,0.9273521773561997,0.017266520344677287
2.2342159418144596,0.919265527745315,0.01719190819223768
2.2445062152254516,0.9088376011169602,0.01711547008361567
2.2325912615950734,0.8981819329809624,0.017037267109102684
2.220324599579997,0.8894098497460233,0.01695736035899059
2.2293612415643773,0.883168960746692,0.01687581092357092
2.2655757206010314,0.8782002488159434,0.016792679893135206
2.315446686978898,0.8731219830123386,0.01670802835797532
2.3642228535708925,0.8676662066901198,0.016621917408382675
2.39078980048707,0.864051954500031,0.01653440813464916
2.3606745458136356,0.8648350796287121,0.016445561627066167
2.2377200227158345,0.8714198972724616,0.0163554389759256
2.007107721763362,0.880610939348616,0.01626410127151884
1.7337896159526676,0.8880643819245353,0.016171609604137802
1.50135456320389,0.889968349637309,0.016078025064073857
1.3810147707666667,0.8864271441541559,0.015983408741618924
1.3590610883995964,0.8792943575251823,0.015887821727064506
1.3861423142123523,0.8702992434979874,0.01579132511070213
1.4144438400232102,0.8592043336320175,0.015693979982823694
1.418753127934913,0.8442659679705523,0.015595847433720573
1.390186858964683,0.8238599271887806,0.015496988553684704
1.3204749242808305,0.8023969245039105,0.015397464433007432
1.209798873885158,0.7920715404397397,0.0152973361619807
1.0686265798835248,0.8054959956247856,0.015196664830895858
0.9080789212942558,0.8355969117108754,0.01509551153004484
0.7441332869447347,0.83180358923747,0.014993937349719004
0.6028570839574413,0.7377249915900206,0.014892003380210293
0.5115742363813036,0.5224023681096961,0.014789770711810197
0.48613625020485624,0.0,0.014687300434810216
0.4999859062224275,0.0,0.014584653639502287
0.5167689544565616,0.0,0.014481891416177773
0.5054990311677947,0.0,0.014379074855128597
0.4715871226347031,0.0,0.01427626504664612
0.43555889706268336,0.0,0.014173523081022278
0.41629293335280754,0.0,0.01407091004854842
0.4098869710713572,0.0,0.01396848508740477
0.39614281074518004,0.0,0.01386628114068572
0.3551290527741164,0.0,0.013764312424833103
0.2874036829095116,0.0,0.013662592750808212
0.2182179205483172,0.0,0.01356113592957176
0.17419567870371291,0.0,0.013459955772085043
0.16733860870135606,0.0,0.013359066089308766
0.17958288224402028,0.0,0.01325848069220422
0.18916588973359888,0.0,0.013158213391732126
0.18022141293613048,0.0,0.013058277998853762
0.15843647954828136,0.0,0.012958688324529852
0.1344214412421988,0.0,0.01285945817972168
0.11773771177025373,0.0,0.012760601375390104
0.11091792081726065,0.0,0.012662131722495992
0.11360677699236796,0.0,0.012564063032000618
0.1251786007705139,0.0,0.012466409114864706
0.1415448488006456,0.0,0.012369183782049539
0.15616433626455534,0.0,0.012272400844515837
0.16259336516478742,0.0,0.012176074113224888
0.15922413137249178,0.0,0.012080217399137404
0.15021993126275834,0.0,0.011984844513214672
0.1400753286848377,0.0,0.011889969266417553
0.13227400945659526,0.0,0.011795605469706915
0.12824260809803248,0.0,0.011701766934044027
0.12915775026967127,0.0,0.011608467470389627
0.13531333240892093,0.0,0.011515720889704978
0.143812569814573,0.0,0.011423541002950819
0.15103801233398617,0.0,0.011331941621088415
0.15402647301876324,0.0,0.01124093655507851
0.1541474575750595,0.0,0.011150539615882357
0.15453176321776643,0.0,0.011060764614460712
0.15805330122766365,0.0,0.01097162536177482
0.16416599955965996,0.0,0.010883135668785559
0.16992546120879892,0.0,0.010795309346453811
0.17236621841848518,0.0,0.010708160205740823
0.16942603985819515,0.0,0.010621702057607351
0.16011007165621413,0.0,0.01053594871301464
0.1435042780809525,0.0,0.010450913982923448
0.12135622025072214,0.0,0.010366611678295022
0.10077374854907573,0.0,0.01028305561009012
0.08950796387538545,0.0,0.010200259589269985
0.09226559181424014,0.0,0.010118237426795499
0.10287189398457884,0.0,0.010037002933627545
0.1127219430288381,0.0,0.009956569920727359
0.11460422385863005,0.0,0.00987695219905571
0.11042671527866174,0.0,0.009798163579573837
0.10576518796869502,0.0,0.009720217873242506
0.105977453557876,0.0,0.009643128891022944
0.11348724140104102,0.0,0.009566910443875936
0.1286810604604577,0.0,0.009491576342762697
0.15177766117066874,0.0,0.009417140398644015
0.1790577499724586,0.0,0.009343616422481106
0.20219380893995526,0.0,0.009271018225234866
0.21262955018609123,0.0,0.009199359617866191
0.20620175491821385,0.0,0.009128654411336291
0.18750349796989502,0.0,0.009058916416605963
0.1621659244673073,0.0,0.008990159444636409
0.13583245124213428,0.0,0.008922397306388434
0.11418986931150436,0.0,0.008855643812823234
0.10293454789653167,0.0,0.00878991277490162
0.1062028160074698,0.0,0.008725218003584782
0.11804026064208413,0.0,0.008661573309833628
0.12847724300313487,0.0,0.008598992504609066
0.12836279131398046,0.0,0.008537489398872286
0.11906689227088701,0.0,0.008477077803584103
0.1091922071525549,0.0,0.008417771529705699
0.10726777413131935,0.0,0.008359584388197906
0.11524643269289657,0.0,0.008302530190021884
0.12746082693598235,0.0,0.008246622746138483
0.13783632097097742,0.0,0.008191875867508856
0.14270336775145165,0.0,0.008138303365093854
0.14313698526762472,0.0,0.008085919049854628
0.14076769743336265,0.0,0.008034736732752104
0.1370048454102689,0.0,0.007984770224747213
0.13248469959694165,0.0,0.007936033336801098
0.12767473156414566,0.0,0.007888539879874626
0.12317595179958907,0.0,0.007842303664928928
0.12044306352062441,0.0,0.007797338502924879
0.12126684300320009,0.0,0.007753658204823608
0.12709693324953375,0.0,0.007711276581585991
0.1351033745634488,0.0,0.0076702074441731515
0.13954333748253986,0.0,0.007630464603546028
0.13484503459306443,0.0,0.007592061870665569
0.12221431918909749,0.0,0.007555013056492888
0.11063399638570869,0.0,0.00751933197198888
0.1094582731557671,0.0,0.007485032428114649
0.12106759583613766,0.0,0.007452128235831097
0.13422633653442662,0.0,0.007420633206099319
0.13612495229145344,0.0,0.007390561149880231
0.11969847730271037,0.0,0.007361925878134919
0.09773705353726606,0.0,0.007334741201824301
0.08731746277185387,0.0,0.0073090209319094605
0.10180687227293402,0.0,0.007284778879351353
0.1311334591898778,0.0,0.0072620288551109545
0.1560967082541154,0.0,0.007240784670149328
0.15909289563537246,0.0,0.007221060135427416
0.14248108728096043,0.0,0.0072028690619062785
0.1220730303239454,0.0,0.007186225260546864
0.11349940205816948,0.0,0.00717114254231022
0.11972200606251296,0.0,0.007157634718157307
0.12930770087679833,0.0,0.007145715599049166
0.13010818882592032,0.0,0.007135398995946775
0.1176211971085758,0.0,0.007126698719811127
0.10212010626309342,0.0,0.007119628581603251
0.09556504370669802,0.0,0.007114202392284123
0.10518113186577233,0.0,0.0071104339628147665
0.12200950034298852,0.0,0.0071083371041561665
0.13363648680355716,0.0,0.007107925627269334
0.1304509077583958,0.0,0.0071092133431152685
0.12034321123461028,0.0,0.007112214062654969
0.1179472323825418,0.0,0.007116941596849446
0.136206799171735,0.0,0.007123409756659687
0.16732024761763795,0.0,0.007131632353046699
0.18964460158696597,0.0,0.007141623196971498
0.18219621298423486,0.0,0.007153396099395064
0.15017466777542432,0.0,0.007166964871278423
0.12823989365062083,0.0,0.0071823433235825435
0.15243684850125622,0.0,0.007199545267268468
0.23764870012538852,0.0,0.007218584513297152
0.35828276929281977,0.0,0.007239474872629653
0.48418272047438465,0.0,0.007262230156226911
0.5911849271694046,0.5062805936505618,0.007286864175049955
0.6753813385602863,0.7355827596419248,0.007313390740059825
0.7371392271240454,0.8267753251923554,0.007341823662217451
0.7779391454945314,0.8040652144413766,0.007372176752483914
0.8061335359818235,0.7375167661776378,0.00740446382182013
0.8326942174286647,0.6934737797152986,0.007438698681187191
0.867942870737438,0.6880657856351008,0.007474895141546004
0.9143335060672146,0.7022459678289916,0.0075130670138576685
0.9691230294466053,0.7165682500560675,0.007553228109083083
1.0293594924603726,0.7218907391650156,0.007595392238183365
1.0888046802547726,0.7212355104618015,0.007639573212119388
1.1375588614529184,0.7183182575876885,0.007685784841852219
1.1656052455018684,0.7158698184860015,0.007734040938342928
1.171204154974388,0.7146397828148432,0.0077843553125523796
1.168285636805111,0.7151402318644201,0.00783674177544172
1.1725243053552674,0.7176154885811872,0.007891214137971801
1.1972240619403989,0.7213539741687579,0.007947786211103775
1.2477644899200038,0.7254308822301618,0.00800647180579849
1.3278714188686276,0.7293348242904368,0.008067284733017112
1.4425374691031854,0.7352567239334037,0.008130238803720467
1.6044842250667422,0.7464731154477068,0.008195347828869645
1.8293477276537176,0.7658947795982542,0.008262625619425746
2.1286670502045397,0.7916940533456884,0.008332085986349574
2.4653993523298054,0.8187567208556599,0.008403742740602337
2.7707295936086886,0.8420174634069206,0.008477609693144825
2.9767626485360132,0.8599770493631359,0.008553700654938256
3.0562143936536854,0.8753048479505001,0.008632029436943413
3.0266078028294348,0.8908899313950109,0.008712609850121518
2.9078441007592617,0.9074081533030061,0.008795455705433346
2.727016913823631,0.921128827843482,0.008880580813840137
2.524697128479921,0.9277996686438927,0.008967998986302645
2.342935823321721,0.9248611620434275,0.009057724033781996
2.2154284665116672,0.9157297395310764,0.009149769767239323
2.1482502416874065,0.9051398967213796,0.009244149997635363
2.141777080018858,0.8973998623267863,0.00934087853593139
2.190545127989218,0.8940641112032638,0.009439969193088132
2.2538723550278523,0.8955926180189545,0.009541435780066868
2.2779393125579577,0.9022928407934901,0.00964529210782831
2.2130229114903917,0.9125747385115932,0.00975155198733376
2.0575152453180077,0.9235452116280599,0.009860229229543917
1.8409619795360224,0.9323251098456612,0.009971337645420087
1.5936862921539001,0.9372363116988187,0.010084891045922962
1.3528807353256211,0.9379909367535191,0.010200903242013701
1.163243129025769,0.9343843404452934,0.01031937454386622
1.0695061430941653,0.9269311494728898,0.010440148217705931
1.0807676505481636,0.9175633491915222,0.010562966164863598
1.1400328422518262,0.9083786125839342,0.010687568595176639
1.1831358138702261,0.9009235767527863,0.010813695718483163
1.1659156929400365,0.894821211783065,0.010941087744620598
1.1096092407084628,0.8892749636124977,0.01106948488342706
1.048795451920979,0.883718848585421,0.011198627344739958
1.0132540913226324,0.8790590415394767,0.011328255338397238
1.0041558430339335,0.8767805988747082,0.011458109074236856
1.0121142512708117,0.8782021593538591,0.011587928762096206
1.0274521852043592,0.8825453520750097,0.01171745461181343
1.0373356354380439,0.8876060135026635,0.011846426833225926
1.026906957745479,0.891190173330107,0.011974585636171821
0.9820527823383828,0.8922204026356824,0.012101671230488527
0.9093537715423298,0.8908990997062116,0.012227423826014173
0.8377799124847486,0.8874995166601264,0.012351583632586162
0.7972613639996085,0.8823624056722391,0.012473890860042624
0.8021027867977768,0.8759601660726324,0.012594085718220965
0.8379228082290584,0.8687804089764464,0.012711908416959142
0.8872652251848753,0.8613982960304045,0.012827099166095075
0.9341955398319053,0.854691231362146,0.012939398175466214
0.9676988805426294,0.8496017934656713,0.013048545654910634
0.9777527398957623,0.8469393660179743,0.013154281814265803
0.9574870634161309,0.8466727977838289,0.013256346863369782
0.9186077739545462,0.8484439526651785,0.013354481012060054
0.8796016682083498,0.8516911786711997,0.013448424470174653
0.8577041828065981,0.8533536448950022,0.0135379174475511
0.8558109460957625,0.8486881452504023,0.013622700154027282
0.8677171631513511,0.8331270979907622,0.013702512799441083
0.8870341213351604,0.8081531294938994,0.013777095593630046
0.9063570761844804,0.7821161992671728,0.01384618874643215
0.9171927269825638,0.7636986624679006,0.01390953246768496
0.9110895251457374,0.7569856573601735,0.013966866967226432
0.8887548684927296,0.7571881236568238,0.014017932454894166
0.867539695632231,0.7585051794483039,0.014062469140526071
0.8665533147934347,0.7569592324825858,0.014100217233959794
0.8953381375269838,0.7547971833820258,0.014130916945033213
0.932848120134663,0.7555930717919117,0.014154308483583997
0.9519367319437858,0.7618721079211205,0.014170132059449975
0.9291971212083259,0.7696176547676556,0.01417812788246891
0.8630053647858998,0.772295390594958,0.014178036162478555
0.759603183736657,0.763977109151229,0.014169597109316668
0.6271695619170939,0.7461660312159566,0.01415255093282105
0.4954935975315984,0.7253183189461628,0.014126637842829417
0.4079417263208836,0.7078847979103089,0.014091598049179607
0.4063349596773639,0.6975840756463617,0.014047171761709292
0.48746093871015583,0.6950637882365956,0.013993099190256366
0.6003294730602298,0.7007940909933134,0.01392912054465854
0.6918991820594859,0.7136321013373036,0.013855015564770404
0.7327908717407322,0.7293530834274908,0.013771005155931207
0.7361876021622127,0.7433854175776841,0.013677586359200527
0.7197201835851089,0.7524418747119057,0.013575260451188847
0.7012978616496798,0.7575713543132198,0.013464528708506089
0.6997103266780109,0.7607368741081129,0.013345892407762785
0.7339208780023444,0.7637588058481819,0.01321985282556882
0.8143022647991628,0.7675781109609496,0.013086911238534766
0.9017631784556959,0.7728009289495938,0.012947568923270463
0.9395444374803288,0.7799383186166832,0.012802327156386526
0.8786211269127057,0.7883693082284989,0.012651687214492977
0.7558079343727393,0.7967259436398492,0.012496150374199813
0.6613119888696994,0.8036932574869575,0.01233621791211768
0.6827965742667933,0.8098180198639897,0.012172391104856354
0.8236082635983831,0.8177191581892046,0.012005171229026513
0.9985097529178305,0.8301018664015438,0.011835059561237897
1.118626363459178,0.8472298518906414,0.011662557378101212
1.1460048724533238,0.8647498066795261,0.011488165956226181
1.1333583715804116,0.8777953712174652,0.011312386572223524
1.1427411741037388,0.8837270358393811,0.011135720502703204
1.2089492439063194,0.8873398985640812,0.010958669024275185
1.2815323792385833,0.8949787390116586,0.01078173341355019
1.2934214397560193,0.9110656947128994,0.010605414947137938
1.191820041663859,0.9283069899293392,0.010430214901649144
1.0051720239336315,0.9349960698606263,0.010256634553693524
0.7906247105619252,0.9205529552126872,0.010085175179881792
0.6038132116434727,0.8878148450749554,0.00991633805682368
0.4835000324871928,0.8483843113481894,0.009750624461129884
0.45805795751178063,0.8138905556379753,0.009588535669410144
0.5536777591116677,0.7925296735112345,0.009430572958275152
0.7463620244162124,0.7887138879819329,0.00927723760433488
0.9598987248299337,0.806597288526137,0.00912903088419934
1.1161268866415035,0.8436033826464409,0.008986454074479174
1.17930937556844,0.884557565505471,0.008850008451784195
1.1884805948194936,0.9129030110672894,0.008720195292724999
1.190282229271924,0.9176915063666452,0.008597515873911443
1.2166182010000561,0.9064926755940549,0.008482471471954094
1.253808572367816,0.890692553172916,0.008375563363462839
1.2793873785045942,0.8803149246296348,0.008277292825048198
1.2740961515223774,0.8771783837942668,0.008188161133320233
1.2367245204099946,0.8800442754441274,0.008108669564889053
1.1723696030226836,0.8874937557831022,0.008039319396365102
1.0873745673598618,0.8960665539092844,0.0079806119043584
1.001438210996099,0.9009820289357817,0.007933010579194875
0.9424009512955308,0.8977544564580123,0.00789657207975632
0.9367184881273053,0.8904812468190125,0.007871105215827599
0.9744090674175077,0.8926276885755233,0.00785641527630184
1.0079514248560044,0.917890298436447,0.007852307550072277
0.9885061982483302,0.9550059005866267,0.007858587326032103
0.9012820446793544,0.9464685150841685,0.007875059893074491
0.7908901702770766,0.8297669276831409,0.007901530540092648
0.7079028989320948,0.5768397543525264,0.007937804555979821
0.6842374855641974,0.0,0.007983687229629112
0.6947438822890085,0.0,0.008038983849933847
0.7033973645112827,0.0,0.008103499705787064
0.6818231229523161,0.0,0.008177040086082147
0.6441994159245358,0.0,0.008259410279712083
0.6194144153768206,0.0,0.008350415575570301
0.6333376816957174,0.0,0.008449861262549745
0.6795903088362933,0.0,0.008557552629543734
0.7323319418673522,0.0,0.008673294965445636
0.7660887344466639,0.0,0.00879689355914832
0.7705435563034082,0.0,0.008928153699545333
0.7508423568935348,0.0,0.0090668806755295
0.7127997982341474,0.0,0.009212879775994415
0.6599323521970014,0.0,0.009365956289832856
0.5917873939036311,0.0,0.009525915505938459
0.507527365085167,0.0,0.00969256271320397
0.42041236892264017,0.0,0.009865703200523053
0.38635607630281954,0.0,0.010045142256788417
0.4693079046086987,0.0,0.010230685170893504
0.7147105569924331,0.0,0.010422137231731785
1.066236780466422,0.0,0.010619303728195912
1.4327620105775332,0.0,0.010821989949179649
1.729183722755359,0.4465182212943713,0.011030001183575607
1.933912904005507,0.7359350150535227,0.011243142720277583
2.0633048576870974,0.9060875297191071,0.011461219848178168
2.1337387005818886,0.9324184005201539,0.011684037856171177
2.150222746585779,0.8824407867980067,0.011911402033149174
2.1062776244527392,0.8278654336894475,0.012143117668005677
1.9951372845453814,0.8104605306676462,0.012378990049634215
1.8276631113835344,0.8176421831424322,0.012618824466927312
1.644852991811797,0.8310831405604595,0.012862426208778852
1.4906468577403624,0.8373229625898302,0.013109600564081343
1.395317444067202,0.8384435925272624,0.01336015282172868
1.348238504064608,0.8396229541759347,0.013613888270613356
1.3311661715499499,0.8449226487431922,0.013870612199629278
1.3244055550579985,0.8519099146373713,0.01413012989766892
1.3003733806199504,0.8558096440526083,0.01439224665362622
1.2288185717632447,0.8523328154793934,0.014656767756393622
1.0851498433686633,0.8426701068198988,0.014923498494864703
0.903415545630314,0.8314513280828563,0.015192244157933044
0.7523441920046866,0.8232694439387194,0.01546281003449108
0.6983516701849464,0.8204138380648699,0.015735001413432766
0.7442265744279101,0.8227324769347454,0.016008623583650534
0.8291020679151242,0.8299390503810666,0.016283481834038358
0.8897557337482355,0.8401994546493948,0.016559381453488658
0.8948658179960975,0.84889852479573,0.016836127730895413
0.8670997678987369,0.851131641580604,0.01711352595515103
0.8343374133741143,0.8439158731867525,0.017391381415149496
0.8159051439989091,0.8303377168110143,0.017669499399783226
0.805812731802436,0.8146790087808005,0.01794768519794581
0.7934082716835509,0.8008591532378222,0.01822574409853084
0.770522770008743,0.7907132495117455,0.018503481390430714
0.7423317660245525,0.7853327762407993,0.018780702362539432
0.7184745662530042,0.7856802728272614,0.019057212303749398
0.7076179707367681,0.7913035008309508,0.01933281650295459
0.7084553210734656,0.8008711701705933,0.019607320249047436
0.7138409438841079,0.8129992863804639,0.019880528830921906
0.7167705803154034,0.8253112702572228,0.020152247537470417
0.7151065316474705,0.8343888125009389,0.020422281657586562
0.7115324055751842,0.836789596594715,0.020690436480163915
0.7088552445132237,0.8313449381703978,0.020956517294094913
0.7037037090552628,0.8209299906895933,0.021220329388273507
0.6823552592224051,0.8088363599604876,0.021481678051592148
0.6301101073011625,0.7980313980151541,0.02174036857294478
0.5442231285450247,0.7904695991009789,0.021996206241223865
0.45694703068644776,0.7879082381402662,0.022248996345323308
0.4069054240310087,0.7915322748662251,0.02249854417413561
0.42247418755479416,0.7992730624642459,0.02274465501655467
0.4775782782266622,0.807913738447719,0.022987134161472994
0.5281278800573634,0.8141566057851853,0.02322578689778413
0.5346707082196077,0.8138367194171023,0.023460418514381593
0.5046607668142601,0.8022556782873165,0.023690834300157924
0.4727366878739869,0.775254699434494,0.02391683954400697
0.47233765627467644,0.7421837086701112,0.024138239534821294
0.5028428451754009,0.7264321134573805,0.02435483956149472
0.5302166974927766,0.7516689431284765,0.02456644491291983
0.5193416056063422,0.80905253790947,0.024772860877990414
0.45840393627111337,0.8325036258681833,0.0249738927455991
0.37424099161962515,0.7501412044664362,0.025169360760531494
0.29732006932842253,0.5279410998027672,0.025359235085222153
0.2484753729769052,0.0,0.02554357232758212
0.22064678416335842,0.0,0.025722430137789284
0.20175431688661752,0.0,0.02589586616602045
0.1818598920624387,0.0,0.026063938062453464
0.16227716391899,0.0,0.02622670347726517
0.1480015969774135,0.0,0.02638422006063338
0.14359366761520023,0.0,0.026536545462734984
0.1492608210055384,0.0,0.02668373733374775
0.1627131656199872,0.0,0.026825853323848618
0.181460866391039,0.0,0.02696295108321511
0.1992936721861224,0.0,0.027095088262024763
0.20638694195825452,0.0,0.027222322510454526
0.1929042994083488,0.0,0.02734471147868212
0.15868628528216594,0.0,0.02746231281688452
0.11946206194129962,0.0,0.027575184175239405
0.09243078157418809,0.0,0.027683383203923776
0.08875257431953112,0.0,0.027786967553115313
0.10229059646800072,0.0,0.027885994872991024
0.12383080017641941,0.0,0.02798052281372843
0.14497389736675342,0.0,0.028070609025504963
0.1615521108593592,0.0,0.028156311158497725
0.17076712239684003,0.0,0.028237686862884297
0.17019598058440968,0.0,0.028314793788841774
0.16109906899674578,0.0,0.028387689586547714
0.14682854123169595,0.0,0.028456431906179275
0.1307479874432986,0.0,0.028521078397913957
0.11595013077151696,0.0,0.028581686711928924
0.10526710922638913,0.0,0.028638314498401693
0.10148704219888544,0.0,0.028691019407509448
0.10510771161247126,0.0,0.028739859089429595
0.11290407170919492,0.0,0.02878489119433953
0.12131027189691553,0.0,0.028826173372416476
0.1272206202830723,0.0,0.02886376327383788
0.12883310807491044,0.0,0.028897718548780985
0.12457500363380294,0.0,0.02892809684742322
0.11397534054030817,0.0,0.028954955819941845
0.10222042990120726,0.0,0.02897835311651424
0.09630736355899824,0.0,0.028998346387317717
0.10231581194828478,0.0,0.029014993282529628
0.11741418684902674,0.0,0.029028351452327343
0.1337614104559365,0.0,0.029038478546888156
0.1437802581853509,0.0,0.02904543221638942
0.1466409634082084,0.0,0.029049270111008465
0.1479418695613538,0.0,0.02905004988092264
0.15346897205815505,0.0,0.02904782917630929
0.16448114256416732,0.0,0.02904266564734572
0.17495232843523678,0.0,0.029034616944209325
0.17820070367504495,0.0,0.029023740717077383
0.17019052969123646,0.0,0.029010094616127267
0.15430150759981331,0.0,0.028993736291536315
0.13520254007141905,0.0,0.02897472339348184
0.11698295617183055,0.0,0.028953113572141233
0.1007897995084646,0.0,0.028928964477691742
0.08683870256709161,0.0,0.0289023337603108
0.07564793377418974,0.0,0.028873279070175676
0.07063876377942885,0.0,0.028841858057463764
0.07684785449641465,0.0,0.028808128372352342
0.0988638305967813,0.0,0.028772147665018826
0.13161452449884967,0.0,0.028733973585640515
0.16091385400170416,0.0,0.028693663784394686
0.1723733804222375,0.0,0.02865127591145878
0.1615386633533392,0.0,0.02860686761701005
0.13978088677245426,0.0,0.028560496551225917
0.11987889488126768,0.0,0.028512220364283605
0.11092629058797963,0.0,0.02846209670636059
0.1118008277393549,0.0,0.02841018322763409
0.1196245780240202,0.0,0.028356537578281552
0.13168617713391462,0.0,0.02830121740848018
0.1461102874539737,0.0,0.02824428036840747
0.1612833104241396,0.0,0.02818578410824069
0.1760191632055179,0.0,0.028125786278157077
0.1931746613719055,0.0,0.02806434452833415
0.21783348226913213,0.0,0.02800151650894906
0.2546908329335589,0.0,0.02793735987017934
0.3000395601034227,0.0,0.02787193226220213
0.34232301055839537,0.0,0.02780529133519497
0.36986798453783964,0.0,0.027737494739335
0.382601072416425,0.0,0.02766860012479975
0.39874358514575986,0.0,0.027598665141766458
0.4381101389413958,0.0,0.027527747440412368
0.5082712752108267,0.0,0.027455904670915035
0.5832223926789097,0.0,0.02738319448345156
0.6312550293430689,0.0,0.027309674528199507
0.6307911743435546,0.0,0.027235402455336007
0.6105258784679872,0.0,0.027160435915038604
0.614719911444839,0.0,0.027084832557484423
0.6818302437987815,0.0,0.02700865003285102
0.7960704228809604,0.0,0.026931945991315518
0.9120798889659983,0.0,0.026854778083055458
0.9851438371116906,0.0,0.026777203958248095
0.989490397004363,0.0,0.026699281267070635
0.9168717978046951,0.0,0.02662106765970065
0.7601332166118285,0.0,0.02654262078631525
0.538651657676217,0.0,0.026463998297091992
0.3132314002853121,0.0,0.026385257842208007
0.14823628984003126,0.0,0.026306457071840827
0.08280479974354474,0.0,0.026227653636167605
0.08764952161440705,0.0,0.026148905185365872
0.12199244146427748,0.0,0.026070269369612865
0.15061032356911636,0.0,0.02599180383908581
0.16553488039714798,0.0,0.02591356624396228
0.1671434429609879,0.0,0.025835614234419376
0.15655463234757208,0.0,0.025758005460634656
0.1417023944630753,0.0,0.025680797572785245
0.1341986538209579,0.0,0.025604048221048708
0.1451221981458006,0.0,0.025527815055602143
0.17431986366969843,0.0,0.025452155726623127
0.2113490735460964,0.0,0.025377127884288767
0.24556191887007214,0.0,0.02530278917877663
0.27671447231059926,0.0,0.025229197260263937
0.32064580168032525,0.0,0.025156409778927913
0.3945459025606583,0.0,0.025084484384946128
0.49938742216703624,0.0,0.0250134787284957
0.5926257811267917,0.0,0.024943450459754164
0.6244929147069559,0.0,0.024874457228898673
0.5629622856807656,0.0,0.02480655668610676
0.4620762108402153,0.0,0.024739806481555552
0.401940495385851,0.0,0.024674264265422595
0.454739862041248,0.0,0.02460998768788504
0.620490351641112,0.0,0.024547034399120406
0.8606580936103134,0.0,0.02448546204930593
1.1360883290986217,0.0,0.02442532828861887
1.402609097658181,0.0,0.024366690767236746
1.6114970604601102,0.0,0.02430960713533671
1.7144835345629135,0.0,0.024254135043096283
1.6992331837967034,0.5886858458370464,0.02420033214069263
1.6084049703077121,0.8397473488816611,0.02414825607830326
1.4892717233496084,0.9831137911929286,0.024097964506105334
1.369560590972458,0.9997258681363035,0.024049515074276356
1.2251141358472162,0.8791644430099781,0.024002965432993593
1.0232620044223935,0.6253773365059022,0.023958373232434306
0.746568373049467,0.0,0.023915796122775973
0.4506716911416789,0.0,0.0238752917541958
0.21309399962681205,0.0,0.023836917776871247
0.10184456396388955,0.0,0.02380073184097954
0.09937607166201522,0.0,0.02376679159669813
0.14290629407254127,0.0,0.023735154694204244
0.1715162788428671,0.0,0.02370587878367532
0.16772616785931332,0.0,0.023679021515288612
0.1530778876831392,0.0,0.02365464053922152
0.1502466966396014,0.0,0.02363279350565137
0.1675665867852212,0.0,0.023613538064755447
0.1916413097583074,0.0,0.023596931866711166
0.2072742117857931,0.0,0.023583032561695805
0.20527480805026793,0.0,0.02357189779988675
0.1922250549262871,0.0,0.023563585231461286
0.17726481397716004,0.0,0.0235581525065968
0.16748916736650507,0.0,0.023555657275470616
0.1602955549426137,0.0,0.02355615718826006
0.15020943097474806,0.0,0.02355970989514247
0.1332012891338909,0.0,0.023566373046295205
0.11807387653710007,0.0,0.0235761961494637
0.12034519990680442,0.0,0.023589156484845317
0.15457320125697166,0.0,0.023605193559439113
0.2161659192781288,0.0,0.023624246550223573
0.2834966022235438,0.0,0.023646254634177077
0.33461672208561893,0.0,0.02367115698827815
0.36255918058687453,0.0,0.023698892789505165
0.3828314616459167,0.0,0.023729401214836646
0.41276869310456865,0.0,0.023762621441250947
0.4597206813812628,0.0,0.023798492645726567
0.5050963397629915,0.0,0.023836954005242016
0.5261463678009373,0.0,0.023877944696775608
0.5070678517207757,0.0,0.023921403897305932
0.4646315328310144,0.0,0.0239672707838113
0.42514795141549416,0.0,0.024015484533270293
0.41230923431068595,0.0,0.024065984322661216
0.42684201099915386,0.0,0.02411870932896266
0.45757778984012615,0.0,0.02417359872915293
0.49330603653781846,0.0,0.02423059170021054
0.5238959401059686,0.0,0.024289627419114026
0.5401677876088753,0.0,0.024350645062841673
0.5331777834596144,0.0,0.02441358380837208
0.5048891177561853,0.0,0.024478382832683547
0.4734647428893499,0.0,0.02454498131275468
0.4583604175936628,0.0,0.024613318425563753
0.4695135194291167,0.0,0.024683333348089392
0.492398119729305,0.0,0.02475496525730986
0.5086124664488576,0.0,0.024828153330203807
0.5055119135462751,0.0,0.024902836743749455
0.4971451569313332,0.0,0.02497895467492537
0.5052917414269903,0.0,0.02505644630071011
0.547620259469431,0.0,0.0251352507980819
0.6062011404832646,0.0,0.025215307344019413
0.6448554681307094,0.0,0.025296555115500854
0.629306275103365,0.0,0.02537893328950493
0.5625925318616462,0.0,0.025462381043009824
0.48030301744180764,0.0,0.025546837552994233
0.4186997211830586,0.0,0.025632241996436378
0.39217340046509147,0.0,0.0257185335503148
0.38295253618566416,0.0,0.02580565139160809
0.37071284227005247,0.0,0.02589353469729444
0.3435940927982141,0.0,0.02598212264435255
0.31125732057565614,0.0,0.026071354409760612
0.2867335883759994,0.0,0.026161169170497326
0.2793849890708773,0.0,0.02625150610354089
0.2817531825947429,0.0,0.02634230438587001
0.2815624808251808,0.0,0.026433503194462867
0.2679680036827119,0.0,0.026525041706298175
0.2423621230770272,0.0,0.026616859098354102
0.21234624152564335,0.0,0.026708894547609247
0.18538127883875444,0.0,0.026801087231042197
0.16554081568323645,0.0,0.026893376325631102
0.15397257920492194,0.0,0.0269857010083547
0.15165361564480456,0.0,0.027078000456191163
0.1557643484025866,0.0,0.027170213846119208
0.1579574987792616,0.0,0.02726228035511702
0.14946572041113773,0.0,0.027354139160163306
0.12780628073732964,0.0,0.027445729438236248
0.10630572655642107,0.0,0.027536990366314427
0.10073733159630599,0.0,0.027627861121376416
0.12165841384743574,0.0,0.02771828088040041
0.15598212037022294,0.0,0.027808188820365114
0.18392526680320503,0.0,0.02789752411824872
0.188246764476632,0.0,0.02798622595102992
0.17317622845473826,0.0,0.02807423349568692
0.15372528488683976,0.0,0.02816148592919841
0.14423462329789,0.0,0.02824792242854259
0.14578394106475878,0.0,0.028333482170698164
0.14811045116748592,0.0,0.028418104332643322
0.1407697407823472,0.0,0.02850172809135663
0.12246288316448764,0.0,0.028584292623816666
0.1050744754593753,0.0,0.028665737107001644
0.10149443599846578,0.0,0.028746000717890234
0.11714569160651886,0.0,0.028825022633460654
0.13886750421904184,0.0,0.02890274203069158
0.15065662622767662,0.0,0.02897909808656124
0.1411363739327277,0.0,0.029054029978048287
0.1196671898227449,0.0,0.029127476882130982
0.10141714805039054,0.0,0.029199377975787852
0.09957762261112006,0.0,0.02926967243599744
0.11085079790565407,0.0,0.029338299439738025
0.12374365485060011,0.0,0.029405198163988226
0.12725135518630853,0.0,0.029470307785726305
0.11987169958373317,0.0,0.029533567481930895
0.10815095304546903,0.0,0.029594916429580263
0.09884384423664498,0.0,0.029654293805653025
0.0964849222408184,0.0,0.029711638787127476
0.10243994094357069,0.0,0.029766890550982205
0.11782270973956542,0.0,0.02981998827419552
0.14065663256158556,0.0,0.029870871133745938
0.1613555266815329,0.0,0.029919478306611978
0.16918289032204772,0.0,0.029965748969771947
0.15701387399079672,0.0,0.030009622300204434
0.13373019352913512,0.0,0.030051037474887743
0.11264640658366737,0.0,0.03008993367080045
0.10543547295431464,0.0,0.030126250064920892
0.11024536658995557,0.0,0.030159925834227625
0.11857136892971204,0.0,0.030190900155698988
0.1222908589181447,0.0,0.030219112206313483
0.1206006580637807,0.0,0.030244501163049595
0.11883636227537914,0.0,0.030267006202885683
0.12243347031877616,0.0,0.03028656650280029
0.13256160812388124,0.0,0.03030312123977177
0.14436204372752034,0.0,0.030316609590778656
0.1525264430515929,0.0,0.030326970732799333
0.15380194524013957,0.0,0.030334143842812272
0.1499432357780459,0.0,0.030338068097795913
0.14345309760066277,0.0,0.030338682674728723
0.13655752201985538,0.0,0.030335926750589125
0.13026953178335657,0.0,0.03032973950235559
0.12526997729774458,0.0,0.030320060107006525
0.12231965856006202,0.0,0.030306827741520433
0.12283001117117362,0.0,0.030289981582875717
0.12852920266665477,0.0,0.030269460808050857
0.1408392634890861,0.0,0.03024520459402424
0.1559973278474682,0.0,0.030217152117774405
0.16593450294205164,0.0,0.03018524255627971
0.16263310521325955,0.0,0.03014941508651868
0.14647672284621735,0.0,0.03010960888546975
0.12960400312427311,0.0,0.030065763130111264
0.1250096318655485,0.0,0.030017816997421825
0.13939696168899746,0.0,0.029965709664379718
0.16430474298562323,0.0,0.029909380307963564
0.18903285457753127,0.0,0.02984876810515163
0.203219888941638,0.0,0.02978381223292255
0.1979721329012128,0.0,0.029714451868254572
0.164793317297703,0.0,0.02964062618812635
0.10206676591035714,0.0,0.029562274369516132
0.06347268088277472,0.0,0.02947933558940256
0.12933169060004093,0.0,0.029391749024764
0.37303228663968085,0.0,0.029299453852578747
0.7503225178271548,0.0,0.02920238924982553
1.120206355878259,0.0,0.029100494393482494
1.3411049477073245,0.0,0.028993708460528414
1.3748166230370966,0.6186655293097392,0.028881970627941386
1.3263573951971672,0.8208089613607612,0.028765220072700205
1.3110970007931833,0.8733243010330097,0.028643395971782986
1.3941523417117072,0.8308849863159772,0.028516437502168517
1.5207920704636373,0.7666715294839175,0.028384283840834877
1.618799118286453,0.7400507634160454,0.028246874164760894
1.635427459895546,0.747136789502974,0.028104147650924838
1.6013568259156052,0.7659498101308521,0.027956043476304957
1.5696059529424713,0.7766424235403756,0.027802500817880074
1.5858244273041828,0.7775880497789631,0.027643458852628238
1.6371492939095023,0.7763949540459774,0.02747885675752833
1.682819852516827,0.7803854173793239,0.02730863370955835
1.685469681591802,0.7904798821962419,0.027132728885697198
1.665889292134349,0.8020749125535453,0.026951081462922844
1.6922277259783851,0.8104326734522235,0.026763630618214247
1.8325371820334742,0.813196482028527,0.0265703155285496
2.0898814880194854,0.8114728194732023,0.02637107537090706
2.378178201197737,0.8066406917314718,0.026165849322265643
2.605037235067307,0.7999700705166792,0.025954576559603214
2.7197451995347195,0.7924569593066743,0.025737196259898818
2.769934272567441,0.7850550138801538,0.025513647600130286
2.8174157369983543,0.7786781052994676,0.0252838697572767
2.9022385882510724,0.7740599756243949,0.02504780190831586
2.972253093475589,0.7718834129434758,0.02480538323022688
2.9508971877252814,0.7727020626753006,0.024556552899987507
2.7769443372578038,0.7759804768568549,0.024301250094576916
2.5094536224243553,0.7806368968768439,0.024039413990973185
2.2642394224450566,0.7856125232853893,0.023770983766154396
2.148981928020046,0.7903248063157554,0.023495898597099746
2.1353409937461514,0.7945981191533403,0.0232140976607869
2.08529648413584,0.7982655858362941,0.02292552013419511
1.860930949646098,0.8009453048812611,0.022630105194302006
1.4632656211372044,0.80194573706739,0.022327792018086875
1.0820294094046536,0.8005524126533934,0.022018519782527293
0.9199969954359044,0.7964615491064967,0.021702227664602603
1.0673171818003415,0.7903903070643644,0.021378854841290804
1.35117396500421,0.7832118121860264,0.021048340489569873
1.561286663350137,0.7757664758522655,0.020710623786419198
1.539330493692045,0.7687482542423285,0.020365643908816268
1.3446343128182907,0.7628101363251623,0.02001334003374051
1.0935130333451448,0.7585588483661115,0.019653651338169372
0.8922144293639289,0.7562157840298765,0.01928651699908232
0.7689793499156383,0.7558110362981582,0.01891187619345676
0.7156243281919398,0.7573357456707006,0.0185296680982722
0.722695463091751,0.7601301340632537,0.018139831890506004
0.7638936831967799,0.7629836910271895,0.017742306747137726
0.7994698785733158,0.7646687273565209,0.017337031845145266
0.7902092814684157,0.763966265013086,0.01692394636150648
0.7351597547920353,0.7596697459704644,0.01650298947320099
0.6848260254356391,0.7505754397486921,0.016074100357206043
0.6931954828138741,0.7361275045760302,0.015637218190501307
0.7796977127879403,0.717363596657612,0.015192282150063987
0.8839240494656352,0.6955619539622816,0.0147392314128738
0.9342261541285434,0.6722756494893627,0.014278005155907898
0.881321369076999,0.650274339962427,0.01380854255614604
0.7685726516164689,0.6326641989166547,0.01333078279056603
0.6633281924314142,0.6220884314243602,0.012844665036145616
0.6237146903664572,0.617381176677077,0.012350128469864625
0.637268686998603,0.6155050355192095,0.011847112268700097
0.6589084640547263,0.613573212415062,0.011335555609631915
0.6460507724621871,0.6114889412900654,0.010815397669637067
0.5977855520046587,0.6114929871515539,0.01028657762569548
0.5461505901307958,0.6158159213424578,0.009749034654784102
0.5234528505531784,0.6227979334539214,0.009202707933882903
0.5360893658261813,0.6252873046171936,0.00864753663996878
0.5559555129417005,0.615743109713443,0.008083459950021759
0.5526218263246359,0.5949213859809015,0.007510417041019501
0.5117592590137205,0.5837682762205432,0.006928347089939624
0.4558444559577542,0.606242405997969,0.006337189273762229
0.41247398650500544,0.6720970246835587,0.005736882769464079
0.4014823087075826,0.7289087409674564,0.005127366754025333
0.4109106237296949,0.7072474076729028,0.004508580404422704
0.42066117050829965,0.5504977305585669,0.003880462897636397
0.4130715337944826,0.0,0.0032429534106430723
0.3888971694411971,0.0,0.0025959911204229947
0.3573153789875686,0.0,0.001939515203953705
0.327256257404184,0.0,0.001273464838212707
0.30318882695213467,0.0,0.000597779200180332
0.2860896667937565,0.0,-8.760253316688818e-05
0.27675242674973294,0.0,-0.0007827411848485592
0.27236602794197456,0.0,-0.0014876975778882141
0.26536653775744634,0.0,-0.002202532535305395
0.2478888093180766,0.0,-0.0029273068801236894
0.21739471705351338,0.0,-0.0036620814353625886
0.18339601271049794,0.0,-0.004406917024045738
0.15706069255677024,0.0,-0.00516187446919257
0.14686227288404774,0.0,-0.0059270145938256835
0.15036129823493266,0.0,-0.006702398220967754
0.16235588526543476,0.0,-0.00748808617363812
0.17756417530357982,0.0,-0.008284139274860563
0.19010674657870205,0.0,-0.009090618347654386
0.1938337842265504,0.0,-0.00990758421504343
0.18317412169889444,0.0,-0.010735097700046914
0.1613265610871403,0.0,-0.011573219625688753
0.1382882811970152,0.0,-0.012422010814988125
0.12407525791798059,0.0,-0.013281532090967746
0.1224590073037382,0.0,-0.014151844276650435
0.12905860126667063,0.0,-0.015033008195055252
0.138948810796708,0.0,-0.015925084669206266
0.14820502061792418,0.0,-0.016828134522122496
0.1551423287151008,0.0,-0.017742218576828044
0.1583800018218724,0.0,-0.018667397656341896
0.15697265057311416,0.0,-0.019603732583688197
0.15171835254869345,0.0,-0.020551284181885857
0.14385157552750108,0.0,-0.021510113273959137
0.13481364172396604,0.0,-0.022480280682926835
0.1275729397123371,0.0,-0.02346184723181188
0.12578162235942622,0.0,-0.02445487374363722
0.1326158702386201,0.0,-0.02545942104142163
0.14411301165162044,0.0,-0.026475549948189476
0.1508307598003252,0.0,-0.02750332128695943
0.14345542018494117,0.0,-0.02854279588075598
0.12300311214137644,0.0,-0.029594034552597716
0.10384358501268064,0.0,-0.030657098125509163
0.10118744745087746,0.0,-0.03173204742250888
0.12100128692800693,0.0,-0.03281894326661992
0.14877678028267902,0.0,-0.03391784648086536
0.16725827147332434,0.0,-0.035028817888263716
0.16418465569403057,0.0,-0.036151918311839615
0.14707322209459356,0.0,-0.03728720857461146
0.12833640416194558,0.0,-0.03843474949960401
0.11887083532273213,0.0,-0.039594601909835575
0.11851677964735799,0.0,-0.04076682662833102
0.12221569354336813,0.0,-0.041951484478108494
0.12512694332540414,0.0,-0.04314863628219299
0.12593039050436378,0.0,-0.04435834286360262
0.12598159469238643,0.0,-0.04558066504536065
0.12668229048148244,0.0,-0.046815663650490384
0.12865565204240115,0.0,-0.04806339950200988
0.13152826531808648,0.0,-0.04932393342294423
0.13486145781496026,0.0,-0.05059732623631138
0.1381926922629114,0.0,-0.051883638765136526
0.1410071242634483,0.0,-0.053182931832437566
0.14278297521242164,0.0,-0.054495266261239746
0.14332110154720995,0.0,-0.05582070287456088
0.143685698495323,0.0,-0.05715930249542434
0.1452501383730325,0.0,-0.05851112594685371
0.14909650447119327,0.0,-0.059876234051866616
0.15420752802524784,0.0,-0.061254687633488514
0.15864552232139695,0.0,-0.06264654751473704
0.1605447130202796,0.0,-0.06405187451863768
0.15913622484925763,0.0,-0.06547072946820803
0.15447666687397363,0.0,-0.06690317318647367
0.14668746171825364,0.0,-0.06834926649645205
0.13753336104380331,0.0,-0.06980907022116885
0.1308620103809994,0.0,-0.07128264518364148
0.13063865144423994,0.0,-0.0727700522068936
0.13773985116035906,0.0,-0.0742713521139488
0.14634293916753557,0.0,-0.07578660572782446
0.14974782741565446,0.0,-0.07731587387154637
0.14408792634888212,0.0,-0.07885921736813181
0.13646763992682182,0.0,-0.08041669704060665
0.13664625867699498,0.0,-0.08198837371198807
0.15235484679299124,0.0,-0.08357430820530204
0.17688069041184182,0.0,-0.08517456134356564
0.1972450072365307,0.0,-0.08678919394980499
0.20126004278873533,0.0,-0.088418266847037
0.1883755751900894,0.0,-0.09006184085828556
0.16671317586176002,0.0,-0.09171997680657454
0.1445518558077272,0.0,-0.0933927355149208
0.1283810449264046,0.0,-0.09508017780635067
0.12244414249535528,0.0,-0.09678236450388085
0.13081701822665343,0.0,-0.09849935643053778
0.1530882754377169,0.0,-0.10023121440933815
0.17921506249787894,0.0,-0.10197799926330835
0.19790830149870794,0.0,-0.10373977181546506
0.20124805809343735,0.0,-0.10551659288883225
0.19421347244795523,0.0,-0.10730852330643406
0.18487021406866488,0.0,-0.10911562389128691
0.18021429332344416,0.0,-0.11093795546641753
0.1797146592573075,0.0,-0.11277557885484228
0.17960918746596197,0.0,-0.11462855487958795
0.1764131458888331,0.0,-0.11649694436367079
0.17071334746006694,0.0,-0.1183808081301177
0.1661006747776453,0.0,-0.12028020700194483
0.16610862135962007,0.0,-0.12219520180217917
0.16977405826491435,0.0,-0.12412585335383686
0.17054562004443571,0.0,-0.1260722224799421
0.16155158188816302,0.0,-0.12803437000351925
0.14083426435341068,0.0,-0.13001235674758435
0.11687388988575621,0.0,-0.13200624353516446
0.09948490372463548,0.0,-0.1340160911892756
0.09600177707967081,0.0,-0.13604196053294493
0.10437031166696213,0.0,-0.13808391238918832
0.12031490891377652,0.0,-0.140142007581033
0.13930569569098716,0.0,-0.14221630693149484
0.15504468286294898,0.0,-0.14430687126359826
0.16048289559008658,0.0,-0.14641376140036771
0.14935522728052333,0.0,-0.14853703816481886
0.12628853805911772,0.0,-0.1506767623799793
0.1038668214313289,0.0,-0.15283299486886445
0.09459388250489804,0.0,-0.15500579645450197
0.10193937479466464,0.0,-0.15719522795990734
0.11825558126710081,0.0,-0.15940135020810828
0.13521087766287002,0.0,-0.16162422402211996
0.14447363972271426,0.0,-0.16386391022497043
0.13771224318731703,0.0,-0.16612046963967483
